
#### CAMPAIGN ATTEMPT 1/50 ####

=== BATCHED CAMPAIGN n=100 batch_size=8 workers=2 ===

=== BATCH 1/13 ids=django__django-14672..django__django-15916 (8) ===
  [oracle_gold] batch already complete (8)
  [cr_guided] batch already complete (8)
  [reward_only] batch already complete (8)
  [random] batch already complete (8)
  [static_heuristic] batch already complete (8)
[disk] before prune free_gb=44.7
[disk] removed 0 sweb.eval images; free_gb=44.7
BATCH 1 done; gold_partial={'resolve_at_1_mean': 1.0, 'counts': {'resolved': 8, 'unresolved': 0, 'error': 0, 'missing': 92, 'scored': 8}}

=== BATCH 2/13 ids=django__django-12193..django__django-11749 (8) ===
[prepull] pulling swebench/sweb.eval.x86_64.django_1776_django-12193:latest (free_gb=44.7)...
[prepull] ok swebench/sweb.eval.x86_64.django_1776_django-12193:latest in 618.5s
[prepull] pulling swebench/sweb.eval.x86_64.pytest-dev_1776_pytest-5262:latest (free_gb=44.8)...
[prepull] ok swebench/sweb.eval.x86_64.pytest-dev_1776_pytest-5262:latest in 190.8s
[prepull] pulling swebench/sweb.eval.x86_64.sphinx-doc_1776_sphinx-8459:latest (free_gb=44.8)...
[prepull] ok swebench/sweb.eval.x86_64.sphinx-doc_1776_sphinx-8459:latest in 228.2s
[prepull] pulling swebench/sweb.eval.x86_64.sphinx-doc_1776_sphinx-9281:latest (free_gb=44.8)...
[prepull] ok swebench/sweb.eval.x86_64.sphinx-doc_1776_sphinx-9281:latest in 231.1s
[prepull] pulling swebench/sweb.eval.x86_64.django_1776_django-13012:latest (free_gb=44.8)...
[prepull] ok swebench/sweb.eval.x86_64.django_1776_django-13012:latest in 260.0s
[prepull] pulling swebench/sweb.eval.x86_64.django_1776_django-16082:latest (free_gb=44.8)...
[prepull] ok swebench/sweb.eval.x86_64.django_1776_django-16082:latest in 302.1s
[prepull] pulling swebench/sweb.eval.x86_64.sympy_1776_sympy-20916:latest (free_gb=44.8)...
[prepull] ok swebench/sweb.eval.x86_64.sympy_1776_sympy-20916:latest in 225.9s
[prepull] pulling swebench/sweb.eval.x86_64.django_1776_django-11749:latest (free_gb=44.8)...
[prepull] ok swebench/sweb.eval.x86_64.django_1776_django-11749:latest in 58.4s
  [oracle_gold] evaluating 8/8 (free_gb=44.8)
C:\Users\BEST BUY COMPUTERS\AppData\Local\Programs\Python\Python314\Lib\site-packages\langchain_core\_api\deprecation.py:25: UserWarning: Core Pydantic V1 functionality isn't compatible with Python 3.14 or greater.
  from pydantic.v1.fields import FieldInfo as FieldInfoV1
C:\Users\BEST BUY COMPUTERS\AppData\Local\Programs\Python\Python314\Lib\site-packages\requests\__init__.py:113: RequestsDependencyWarning: urllib3 (2.6.2) or chardet (7.4.3)/charset_normalizer (3.4.4) doesn't match a supported version!
  warnings.warn(
C:\Users\BEST BUY COMPUTERS\AppData\Local\Programs\Python\Python314\Lib\site-packages\modal\_utils\async_utils.py:42: DeprecationWarning: 'asyncio.WindowsSelectorEventLoopPolicy' is deprecated and slated for removal in Python 3.16
  asyncio.set_event_loop_policy(asyncio.WindowsSelectorEventLoopPolicy())
C:\Users\BEST BUY COMPUTERS\AppData\Local\Programs\Python\Python314\Lib\site-packages\modal\_utils\async_utils.py:42: DeprecationWarning: 'asyncio.set_event_loop_policy' is deprecated and slated for removal in Python 3.16
  asyncio.set_event_loop_policy(asyncio.WindowsSelectorEventLoopPolicy())
<frozen runpy>:128: RuntimeWarning: 'swebench.harness.run_evaluation' found in sys.modules after import of package 'swebench.harness', but prior to execution of 'swebench.harness.run_evaluation'; this may result in unpredictable behaviour
2026-08-05 09:14:20,456 - httpx - INFO - HTTP Request: HEAD https://huggingface.co/datasets/princeton-nlp/SWE-bench_Verified/resolve/main/README.md "HTTP/1.1 307 Temporary Redirect"
2026-08-05 09:14:20,530 - httpx - INFO - HTTP Request: HEAD https://huggingface.co/api/resolve-cache/datasets/princeton-nlp/SWE-bench_Verified/c104f840cc67f8b6eec6f759ebc8b2693d585d4a/README.md "HTTP/1.1 200 OK"
2026-08-05 09:14:20,814 - httpx - INFO - HTTP Request: HEAD https://huggingface.co/datasets/princeton-nlp/SWE-bench_Verified/resolve/c104f840cc67f8b6eec6f759ebc8b2693d585d4a/SWE-bench_Verified.py "HTTP/1.1 404 Not Found"
2026-08-05 09:14:21,592 - httpx - INFO - HTTP Request: HEAD https://s3.amazonaws.com/datasets.huggingface.co/datasets/datasets/princeton-nlp/SWE-bench_Verified/princeton-nlp/SWE-bench_Verified.py "HTTP/1.1 404 Not Found"
2026-08-05 09:14:21,901 - httpx - INFO - HTTP Request: GET https://huggingface.co/api/datasets/princeton-nlp/SWE-bench_Verified/revision/c104f840cc67f8b6eec6f759ebc8b2693d585d4a "HTTP/1.1 200 OK"
2026-08-05 09:14:22,184 - httpx - INFO - HTTP Request: HEAD https://huggingface.co/datasets/princeton-nlp/SWE-bench_Verified/resolve/c104f840cc67f8b6eec6f759ebc8b2693d585d4a/.huggingface.yaml "HTTP/1.1 404 Not Found"
2026-08-05 09:14:22,645 - httpx - INFO - HTTP Request: GET https://datasets-server.huggingface.co/info?dataset=princeton-nlp/SWE-bench_Verified "HTTP/1.1 200 OK"
2026-08-05 09:14:22,934 - httpx - INFO - HTTP Request: GET https://huggingface.co/api/datasets/princeton-nlp/SWE-bench_Verified/tree/c104f840cc67f8b6eec6f759ebc8b2693d585d4a/data?recursive=true&expand=false "HTTP/1.1 200 OK"
2026-08-05 09:14:23,221 - httpx - INFO - HTTP Request: GET https://huggingface.co/api/datasets/princeton-nlp/SWE-bench_Verified/tree/c104f840cc67f8b6eec6f759ebc8b2693d585d4a?recursive=false&expand=false "HTTP/1.1 200 OK"
2026-08-05 09:14:23,513 - httpx - INFO - HTTP Request: HEAD https://huggingface.co/datasets/princeton-nlp/SWE-bench_Verified/resolve/c104f840cc67f8b6eec6f759ebc8b2693d585d4a/dataset_infos.json "HTTP/1.1 404 Not Found"
2026-08-05 09:14:24,105 - httpx - INFO - HTTP Request: HEAD https://huggingface.co/datasets/princeton-nlp/SWE-bench_Verified/resolve/main/README.md "HTTP/1.1 307 Temporary Redirect"
2026-08-05 09:14:24,173 - httpx - INFO - HTTP Request: HEAD https://huggingface.co/api/resolve-cache/datasets/princeton-nlp/SWE-bench_Verified/c104f840cc67f8b6eec6f759ebc8b2693d585d4a/README.md "HTTP/1.1 200 OK"
2026-08-05 09:14:24,462 - httpx - INFO - HTTP Request: HEAD https://huggingface.co/datasets/princeton-nlp/SWE-bench_Verified/resolve/c104f840cc67f8b6eec6f759ebc8b2693d585d4a/SWE-bench_Verified.py "HTTP/1.1 404 Not Found"
2026-08-05 09:14:24,705 - httpx - INFO - HTTP Request: HEAD https://s3.amazonaws.com/datasets.huggingface.co/datasets/datasets/princeton-nlp/SWE-bench_Verified/princeton-nlp/SWE-bench_Verified.py "HTTP/1.1 404 Not Found"
2026-08-05 09:14:25,001 - httpx - INFO - HTTP Request: HEAD https://huggingface.co/datasets/princeton-nlp/SWE-bench_Verified/resolve/c104f840cc67f8b6eec6f759ebc8b2693d585d4a/.huggingface.yaml "HTTP/1.1 404 Not Found"
2026-08-05 09:14:25,284 - httpx - INFO - HTTP Request: GET https://datasets-server.huggingface.co/info?dataset=princeton-nlp/SWE-bench_Verified "HTTP/1.1 200 OK"
2026-08-05 09:14:25,593 - httpx - INFO - HTTP Request: HEAD https://huggingface.co/datasets/princeton-nlp/SWE-bench_Verified/resolve/c104f840cc67f8b6eec6f759ebc8b2693d585d4a/dataset_infos.json "HTTP/1.1 404 Not Found"
Found 8 existing instance images. Will reuse them.
Running 8 instances...

Evaluation:   0%|          | 0/8 [00:00<?, ?it/s, error=0, \u2713=0, \u2716=0]
Evaluation:   0%|          | 0/8 [00:35<?, ?it/s, \u2713=1, \u2716=0, error=0]
Evaluation:  12%|#2        | 1/8 [00:35<04:07, 35.30s/it, \u2713=1, \u2716=0, error=0]
Evaluation:  12%|#2        | 1/8 [00:49<04:07, 35.30s/it, \u2713=2, \u2716=0, error=0]
Evaluation:  25%|##5       | 2/8 [00:49<02:17, 22.84s/it, \u2713=2, \u2716=0, error=0]
Evaluation:  25%|##5       | 2/8 [01:12<02:17, 22.84s/it, \u2713=3, \u2716=0, error=0]
Evaluation:  38%|###7      | 3/8 [01:12<01:55, 23.12s/it, \u2713=3, \u2716=0, error=0]
Evaluation:  38%|###7      | 3/8 [01:35<01:55, 23.12s/it, \u2713=4, \u2716=0, error=0]
Evaluation:  50%|#####     | 4/8 [01:35<01:31, 22.83s/it, \u2713=4, \u2716=0, error=0]
Evaluation:  50%|#####     | 4/8 [02:06<01:31, 22.83s/it, \u2713=5, \u2716=0, error=0]
Evaluation:  62%|######2   | 5/8 [02:06<01:17, 25.96s/it, \u2713=5, \u2716=0, error=0]
Evaluation:  62%|######2   | 5/8 [02:12<01:17, 25.96s/it, \u2713=5, \u2716=0, error=1]
Evaluation:  75%|#######5  | 6/8 [02:12<00:38, 19.01s/it, \u2713=5, \u2716=0, error=1]
Evaluation:  75%|#######5  | 6/8 [02:30<00:38, 19.01s/it, \u2713=5, \u2716=0, error=2]
Evaluation:  88%|########7 | 7/8 [02:30<00:18, 18.64s/it, \u2713=5, \u2716=0, error=2]
Evaluation:  88%|########7 | 7/8 [02:44<00:18, 18.64s/it, \u2713=6, \u2716=0, error=2]
Evaluation: 100%|##########| 8/8 [02:44<00:00, 17.27s/it, \u2713=6, \u2716=0, error=2]
Evaluation: 100%|##########| 8/8 [02:44<00:00, 20.56s/it, \u2713=6, \u2716=0, error=2]
All instances run.
Cleaning cached images...
Removed 0 images.
Total instances: 8
Instances submitted: 8
Instances completed: 6
Instances incomplete: 0
Instances resolved: 6
Instances unresolved: 0
Instances with empty patches: 0
Instances with errors: 2
Unstopped containers: 0
Unremoved images: 8
Report written to commscm-oracle-gold.oracle_gold_full_n100_lf.json
  [oracle_gold] harness rc=0 free_gb=44.8
  [cr_guided] evaluating 8/8 (free_gb=44.8)
C:\Users\BEST BUY COMPUTERS\AppData\Local\Programs\Python\Python314\Lib\site-packages\langchain_core\_api\deprecation.py:25: UserWarning: Core Pydantic V1 functionality isn't compatible with Python 3.14 or greater.
  from pydantic.v1.fields import FieldInfo as FieldInfoV1
C:\Users\BEST BUY COMPUTERS\AppData\Local\Programs\Python\Python314\Lib\site-packages\requests\__init__.py:113: RequestsDependencyWarning: urllib3 (2.6.2) or chardet (7.4.3)/charset_normalizer (3.4.4) doesn't match a supported version!
  warnings.warn(
C:\Users\BEST BUY COMPUTERS\AppData\Local\Programs\Python\Python314\Lib\site-packages\modal\_utils\async_utils.py:42: DeprecationWarning: 'asyncio.WindowsSelectorEventLoopPolicy' is deprecated and slated for removal in Python 3.16
  asyncio.set_event_loop_policy(asyncio.WindowsSelectorEventLoopPolicy())
C:\Users\BEST BUY COMPUTERS\AppData\Local\Programs\Python\Python314\Lib\site-packages\modal\_utils\async_utils.py:42: DeprecationWarning: 'asyncio.set_event_loop_policy' is deprecated and slated for removal in Python 3.16
  asyncio.set_event_loop_policy(asyncio.WindowsSelectorEventLoopPolicy())
<frozen runpy>:128: RuntimeWarning: 'swebench.harness.run_evaluation' found in sys.modules after import of package 'swebench.harness', but prior to execution of 'swebench.harness.run_evaluation'; this may result in unpredictable behaviour
2026-08-05 09:17:23,672 - httpx - INFO - HTTP Request: HEAD https://huggingface.co/datasets/princeton-nlp/SWE-bench_Verified/resolve/main/README.md "HTTP/1.1 307 Temporary Redirect"
2026-08-05 09:17:23,737 - httpx - INFO - HTTP Request: HEAD https://huggingface.co/api/resolve-cache/datasets/princeton-nlp/SWE-bench_Verified/c104f840cc67f8b6eec6f759ebc8b2693d585d4a/README.md "HTTP/1.1 200 OK"
2026-08-05 09:17:24,015 - httpx - INFO - HTTP Request: HEAD https://huggingface.co/datasets/princeton-nlp/SWE-bench_Verified/resolve/c104f840cc67f8b6eec6f759ebc8b2693d585d4a/SWE-bench_Verified.py "HTTP/1.1 404 Not Found"
2026-08-05 09:17:24,754 - httpx - INFO - HTTP Request: HEAD https://s3.amazonaws.com/datasets.huggingface.co/datasets/datasets/princeton-nlp/SWE-bench_Verified/princeton-nlp/SWE-bench_Verified.py "HTTP/1.1 404 Not Found"
2026-08-05 09:17:25,041 - httpx - INFO - HTTP Request: GET https://huggingface.co/api/datasets/princeton-nlp/SWE-bench_Verified/revision/c104f840cc67f8b6eec6f759ebc8b2693d585d4a "HTTP/1.1 200 OK"
2026-08-05 09:17:25,324 - httpx - INFO - HTTP Request: HEAD https://huggingface.co/datasets/princeton-nlp/SWE-bench_Verified/resolve/c104f840cc67f8b6eec6f759ebc8b2693d585d4a/.huggingface.yaml "HTTP/1.1 404 Not Found"
2026-08-05 09:17:25,766 - httpx - INFO - HTTP Request: GET https://datasets-server.huggingface.co/info?dataset=princeton-nlp/SWE-bench_Verified "HTTP/1.1 200 OK"
2026-08-05 09:17:26,060 - httpx - INFO - HTTP Request: GET https://huggingface.co/api/datasets/princeton-nlp/SWE-bench_Verified/tree/c104f840cc67f8b6eec6f759ebc8b2693d585d4a/data?recursive=true&expand=false "HTTP/1.1 200 OK"
2026-08-05 09:17:26,343 - httpx - INFO - HTTP Request: GET https://huggingface.co/api/datasets/princeton-nlp/SWE-bench_Verified/tree/c104f840cc67f8b6eec6f759ebc8b2693d585d4a?recursive=false&expand=false "HTTP/1.1 200 OK"
2026-08-05 09:17:26,627 - httpx - INFO - HTTP Request: HEAD https://huggingface.co/datasets/princeton-nlp/SWE-bench_Verified/resolve/c104f840cc67f8b6eec6f759ebc8b2693d585d4a/dataset_infos.json "HTTP/1.1 404 Not Found"
2026-08-05 09:17:27,256 - httpx - INFO - HTTP Request: HEAD https://huggingface.co/datasets/princeton-nlp/SWE-bench_Verified/resolve/main/README.md "HTTP/1.1 307 Temporary Redirect"
2026-08-05 09:17:27,315 - httpx - INFO - HTTP Request: HEAD https://huggingface.co/api/resolve-cache/datasets/princeton-nlp/SWE-bench_Verified/c104f840cc67f8b6eec6f759ebc8b2693d585d4a/README.md "HTTP/1.1 200 OK"
2026-08-05 09:17:27,607 - httpx - INFO - HTTP Request: HEAD https://huggingface.co/datasets/princeton-nlp/SWE-bench_Verified/resolve/c104f840cc67f8b6eec6f759ebc8b2693d585d4a/SWE-bench_Verified.py "HTTP/1.1 404 Not Found"
2026-08-05 09:17:27,836 - httpx - INFO - HTTP Request: HEAD https://s3.amazonaws.com/datasets.huggingface.co/datasets/datasets/princeton-nlp/SWE-bench_Verified/princeton-nlp/SWE-bench_Verified.py "HTTP/1.1 404 Not Found"
2026-08-05 09:17:28,125 - httpx - INFO - HTTP Request: HEAD https://huggingface.co/datasets/princeton-nlp/SWE-bench_Verified/resolve/c104f840cc67f8b6eec6f759ebc8b2693d585d4a/.huggingface.yaml "HTTP/1.1 404 Not Found"
2026-08-05 09:17:28,399 - httpx - INFO - HTTP Request: GET https://datasets-server.huggingface.co/info?dataset=princeton-nlp/SWE-bench_Verified "HTTP/1.1 200 OK"
2026-08-05 09:17:28,689 - httpx - INFO - HTTP Request: HEAD https://huggingface.co/datasets/princeton-nlp/SWE-bench_Verified/resolve/c104f840cc67f8b6eec6f759ebc8b2693d585d4a/dataset_infos.json "HTTP/1.1 404 Not Found"
Found 8 existing instance images. Will reuse them.
Running 8 instances...

Evaluation:   0%|          | 0/8 [00:00<?, ?it/s, error=0, \u2713=0, \u2716=0]
Evaluation:   0%|          | 0/8 [00:17<?, ?it/s, \u2713=0, \u2716=0, error=1]
Evaluation:  12%|#2        | 1/8 [00:17<01:59, 17.01s/it, \u2713=0, \u2716=0, error=1]
Evaluation:  12%|#2        | 1/8 [00:33<01:59, 17.01s/it, \u2713=0, \u2716=0, error=2]
Evaluation:  25%|##5       | 2/8 [00:33<01:40, 16.73s/it, \u2713=0, \u2716=0, error=2]
Evaluation:  25%|##5       | 2/8 [00:37<01:40, 16.73s/it, \u2713=0, \u2716=1, error=2]
Evaluation:  38%|###7      | 3/8 [00:37<00:55, 11.06s/it, \u2713=0, \u2716=1, error=2]
Evaluation:  38%|###7      | 3/8 [00:54<00:55, 11.06s/it, \u2713=0, \u2716=1, error=3]
Evaluation:  50%|#####     | 4/8 [00:54<00:53, 13.41s/it, \u2713=0, \u2716=1, error=3]
Evaluation:  50%|#####     | 4/8 [01:11<00:53, 13.41s/it, \u2713=0, \u2716=1, error=4]
Evaluation:  62%|######2   | 5/8 [01:11<00:43, 14.60s/it, \u2713=0, \u2716=1, error=4]
Evaluation:  62%|######2   | 5/8 [01:28<00:43, 14.60s/it, \u2713=0, \u2716=1, error=5]
Evaluation:  75%|#######5  | 6/8 [01:28<00:30, 15.29s/it, \u2713=0, \u2716=1, error=5]
Evaluation:  75%|#######5  | 6/8 [01:44<00:30, 15.29s/it, \u2713=0, \u2716=1, error=6]
Evaluation:  88%|########7 | 7/8 [01:44<00:15, 15.75s/it, \u2713=0, \u2716=1, error=6]
Evaluation:  88%|########7 | 7/8 [02:31<00:15, 15.75s/it, \u2713=0, \u2716=2, error=6]
Evaluation: 100%|##########| 8/8 [02:31<00:00, 25.55s/it, \u2713=0, \u2716=2, error=6]
Evaluation: 100%|##########| 8/8 [02:31<00:00, 18.93s/it, \u2713=0, \u2716=2, error=6]
django__django-12193: >>>>> Patch Apply Failed:
patching file django/forms/widgets.py
Hunk #1 FAILED at 524.
1 out of 1 hunk FAILED -- saving rejects to file django/forms/widgets.py.rej

Check (logs\run_evaluation\vi_b_lf_rescore_cr_guided\commscm-vi-b-cr_guided\django__django-12193\run_instance.log) for more information.
django__django-13012: >>>>> Patch Apply Failed:
patch: **** Only garbage was found in the patch input.

Check (logs\run_evaluation\vi_b_lf_rescore_cr_guided\commscm-vi-b-cr_guided\django__django-13012\run_instance.log) for more information.
pytest-dev__pytest-5262: >>>>> Patch Apply Failed:
patching file src/_pytest/capture.py
Hunk #1 FAILED at 450.
1 out of 1 hunk FAILED -- saving rejects to file src/_pytest/capture.py.rej

Check (logs\run_evaluation\vi_b_lf_rescore_cr_guided\commscm-vi-b-cr_guided\pytest-dev__pytest-5262\run_instance.log) for more information.
sphinx-doc__sphinx-8459: >>>>> Patch Apply Failed:
patching file sphinx/ext/autodoc/__init__.py
Hunk #1 FAILED at 1234.
1 out of 1 hunk FAILED -- saving rejects to file sphinx/ext/autodoc/__init__.py.rej

Check (logs\run_evaluation\vi_b_lf_rescore_cr_guided\commscm-vi-b-cr_guided\sphinx-doc__sphinx-8459\run_instance.log) for more information.
sphinx-doc__sphinx-9281: >>>>> Patch Apply Failed:
can't find file to patch at input line 3
Perhaps you used the wrong -p or --strip option?
The text leading up to this was:
--------------------------
|--- a/original_file.py
|+++ b/modified_file.py
--------------------------
No file to patch.  Skipping patch.
patch: **** malformed patch at line 12:  


Check (logs\run_evaluation\vi_b_lf_rescore_cr_guided\commscm-vi-b-cr_guided\sphinx-doc__sphinx-9281\run_instance.log) for more information.
sympy__sympy-20916: >>>>> Patch Apply Failed:
patching file sympy/printing/conventions.py
Hunk #1 FAILED at 1.
1 out of 1 hunk FAILED -- saving rejects to file sympy/printing/conventions.py.rej

Check (logs\run_evaluation\vi_b_lf_rescore_cr_guided\commscm-vi-b-cr_guided\sympy__sympy-20916\run_instance.log) for more information.
All instances run.
Cleaning cached images...
Removed 0 images.
Total instances: 8
Instances submitted: 8
Instances completed: 2
Instances incomplete: 0
Instances resolved: 0
Instances unresolved: 2
Instances with empty patches: 0
Instances with errors: 6
Unstopped containers: 0
Unremoved images: 8
Report written to commscm-vi-b-cr_guided.vi_b_lf_rescore_cr_guided.json
  [cr_guided] harness rc=0 free_gb=44.8
  [reward_only] evaluating 8/8 (free_gb=44.8)
C:\Users\BEST BUY COMPUTERS\AppData\Local\Programs\Python\Python314\Lib\site-packages\langchain_core\_api\deprecation.py:25: UserWarning: Core Pydantic V1 functionality isn't compatible with Python 3.14 or greater.
  from pydantic.v1.fields import FieldInfo as FieldInfoV1
C:\Users\BEST BUY COMPUTERS\AppData\Local\Programs\Python\Python314\Lib\site-packages\requests\__init__.py:113: RequestsDependencyWarning: urllib3 (2.6.2) or chardet (7.4.3)/charset_normalizer (3.4.4) doesn't match a supported version!
  warnings.warn(
C:\Users\BEST BUY COMPUTERS\AppData\Local\Programs\Python\Python314\Lib\site-packages\modal\_utils\async_utils.py:42: DeprecationWarning: 'asyncio.WindowsSelectorEventLoopPolicy' is deprecated and slated for removal in Python 3.16
  asyncio.set_event_loop_policy(asyncio.WindowsSelectorEventLoopPolicy())
C:\Users\BEST BUY COMPUTERS\AppData\Local\Programs\Python\Python314\Lib\site-packages\modal\_utils\async_utils.py:42: DeprecationWarning: 'asyncio.set_event_loop_policy' is deprecated and slated for removal in Python 3.16
  asyncio.set_event_loop_policy(asyncio.WindowsSelectorEventLoopPolicy())
<frozen runpy>:128: RuntimeWarning: 'swebench.harness.run_evaluation' found in sys.modules after import of package 'swebench.harness', but prior to execution of 'swebench.harness.run_evaluation'; this may result in unpredictable behaviour
2026-08-05 09:20:13,848 - httpx - INFO - HTTP Request: HEAD https://huggingface.co/datasets/princeton-nlp/SWE-bench_Verified/resolve/main/README.md "HTTP/1.1 307 Temporary Redirect"
2026-08-05 09:20:13,912 - httpx - INFO - HTTP Request: HEAD https://huggingface.co/api/resolve-cache/datasets/princeton-nlp/SWE-bench_Verified/c104f840cc67f8b6eec6f759ebc8b2693d585d4a/README.md "HTTP/1.1 200 OK"
2026-08-05 09:20:14,191 - httpx - INFO - HTTP Request: HEAD https://huggingface.co/datasets/princeton-nlp/SWE-bench_Verified/resolve/c104f840cc67f8b6eec6f759ebc8b2693d585d4a/SWE-bench_Verified.py "HTTP/1.1 404 Not Found"
2026-08-05 09:20:14,919 - httpx - INFO - HTTP Request: HEAD https://s3.amazonaws.com/datasets.huggingface.co/datasets/datasets/princeton-nlp/SWE-bench_Verified/princeton-nlp/SWE-bench_Verified.py "HTTP/1.1 404 Not Found"
2026-08-05 09:20:15,203 - httpx - INFO - HTTP Request: GET https://huggingface.co/api/datasets/princeton-nlp/SWE-bench_Verified/revision/c104f840cc67f8b6eec6f759ebc8b2693d585d4a "HTTP/1.1 200 OK"
2026-08-05 09:20:15,487 - httpx - INFO - HTTP Request: HEAD https://huggingface.co/datasets/princeton-nlp/SWE-bench_Verified/resolve/c104f840cc67f8b6eec6f759ebc8b2693d585d4a/.huggingface.yaml "HTTP/1.1 404 Not Found"
2026-08-05 09:20:15,960 - httpx - INFO - HTTP Request: GET https://datasets-server.huggingface.co/info?dataset=princeton-nlp/SWE-bench_Verified "HTTP/1.1 200 OK"
2026-08-05 09:20:16,248 - httpx - INFO - HTTP Request: GET https://huggingface.co/api/datasets/princeton-nlp/SWE-bench_Verified/tree/c104f840cc67f8b6eec6f759ebc8b2693d585d4a/data?recursive=true&expand=false "HTTP/1.1 200 OK"
2026-08-05 09:20:16,536 - httpx - INFO - HTTP Request: GET https://huggingface.co/api/datasets/princeton-nlp/SWE-bench_Verified/tree/c104f840cc67f8b6eec6f759ebc8b2693d585d4a?recursive=false&expand=false "HTTP/1.1 200 OK"
2026-08-05 09:20:16,853 - httpx - INFO - HTTP Request: HEAD https://huggingface.co/datasets/princeton-nlp/SWE-bench_Verified/resolve/c104f840cc67f8b6eec6f759ebc8b2693d585d4a/dataset_infos.json "HTTP/1.1 404 Not Found"
2026-08-05 09:20:17,491 - httpx - INFO - HTTP Request: HEAD https://huggingface.co/datasets/princeton-nlp/SWE-bench_Verified/resolve/main/README.md "HTTP/1.1 307 Temporary Redirect"
2026-08-05 09:20:17,551 - httpx - INFO - HTTP Request: HEAD https://huggingface.co/api/resolve-cache/datasets/princeton-nlp/SWE-bench_Verified/c104f840cc67f8b6eec6f759ebc8b2693d585d4a/README.md "HTTP/1.1 200 OK"
2026-08-05 09:20:17,835 - httpx - INFO - HTTP Request: HEAD https://huggingface.co/datasets/princeton-nlp/SWE-bench_Verified/resolve/c104f840cc67f8b6eec6f759ebc8b2693d585d4a/SWE-bench_Verified.py "HTTP/1.1 404 Not Found"
2026-08-05 09:20:18,063 - httpx - INFO - HTTP Request: HEAD https://s3.amazonaws.com/datasets.huggingface.co/datasets/datasets/princeton-nlp/SWE-bench_Verified/princeton-nlp/SWE-bench_Verified.py "HTTP/1.1 404 Not Found"
2026-08-05 09:20:18,362 - httpx - INFO - HTTP Request: HEAD https://huggingface.co/datasets/princeton-nlp/SWE-bench_Verified/resolve/c104f840cc67f8b6eec6f759ebc8b2693d585d4a/.huggingface.yaml "HTTP/1.1 404 Not Found"
2026-08-05 09:20:18,637 - httpx - INFO - HTTP Request: GET https://datasets-server.huggingface.co/info?dataset=princeton-nlp/SWE-bench_Verified "HTTP/1.1 200 OK"
2026-08-05 09:20:18,934 - httpx - INFO - HTTP Request: HEAD https://huggingface.co/datasets/princeton-nlp/SWE-bench_Verified/resolve/c104f840cc67f8b6eec6f759ebc8b2693d585d4a/dataset_infos.json "HTTP/1.1 404 Not Found"
Found 8 existing instance images. Will reuse them.
Running 8 instances...

Evaluation:   0%|          | 0/8 [00:00<?, ?it/s, error=0, \u2713=0, \u2716=0]
Evaluation:   0%|          | 0/8 [00:17<?, ?it/s, \u2713=0, \u2716=0, error=1]
Evaluation:  12%|#2        | 1/8 [00:17<01:59, 17.06s/it, \u2713=0, \u2716=0, error=1]
Evaluation:  12%|#2        | 1/8 [00:39<01:59, 17.06s/it, \u2713=0, \u2716=1, error=1]
Evaluation:  25%|##5       | 2/8 [00:39<02:02, 20.45s/it, \u2713=0, \u2716=1, error=1]
Evaluation:  25%|##5       | 2/8 [00:54<02:02, 20.45s/it, \u2713=1, \u2716=1, error=1]
Evaluation:  38%|###7      | 3/8 [00:54<01:29, 17.80s/it, \u2713=1, \u2716=1, error=1]
Evaluation:  38%|###7      | 3/8 [01:11<01:29, 17.80s/it, \u2713=1, \u2716=1, error=2]
Evaluation:  50%|#####     | 4/8 [01:11<01:09, 17.46s/it, \u2713=1, \u2716=1, error=2]
Evaluation:  50%|#####     | 4/8 [01:28<01:09, 17.46s/it, \u2713=1, \u2716=1, error=3]
Evaluation:  62%|######2   | 5/8 [01:28<00:51, 17.33s/it, \u2713=1, \u2716=1, error=3]
Evaluation:  62%|######2   | 5/8 [01:45<00:51, 17.33s/it, \u2713=1, \u2716=1, error=4]
Evaluation:  75%|#######5  | 6/8 [01:45<00:34, 17.15s/it, \u2713=1, \u2716=1, error=4]
Evaluation:  75%|#######5  | 6/8 [02:02<00:34, 17.15s/it, \u2713=1, \u2716=1, error=5]
Evaluation:  88%|########7 | 7/8 [02:02<00:17, 17.10s/it, \u2713=1, \u2716=1, error=5]
Evaluation:  88%|########7 | 7/8 [02:10<00:17, 17.10s/it, \u2713=1, \u2716=2, error=5]
Evaluation: 100%|##########| 8/8 [02:10<00:00, 14.10s/it, \u2713=1, \u2716=2, error=5]
Evaluation: 100%|##########| 8/8 [02:10<00:00, 16.26s/it, \u2713=1, \u2716=2, error=5]
django__django-12193: >>>>> Patch Apply Failed:
patching file django/forms/widgets.py
Hunk #1 FAILED at 524.
1 out of 1 hunk FAILED -- saving rejects to file django/forms/widgets.py.rej

Check (logs\run_evaluation\vi_b_lf_rescore_reward_only\commscm-vi-b-reward_only\django__django-12193\run_instance.log) for more information.
pytest-dev__pytest-5262: >>>>> Patch Apply Failed:
patching file src/_pytest/capture.py
Hunk #1 FAILED at 450.
1 out of 1 hunk FAILED -- saving rejects to file src/_pytest/capture.py.rej

Check (logs\run_evaluation\vi_b_lf_rescore_reward_only\commscm-vi-b-reward_only\pytest-dev__pytest-5262\run_instance.log) for more information.
sphinx-doc__sphinx-8459: >>>>> Patch Apply Failed:
can't find file to patch at input line 3
Perhaps you used the wrong -p or --strip option?
The text leading up to this was:
--------------------------
|--- a/sphinx/ext/autodoc.py
|+++ b/sphinx/ext/autodoc.py
--------------------------
No file to patch.  Skipping patch.
1 out of 1 hunk ignored

Check (logs\run_evaluation\vi_b_lf_rescore_reward_only\commscm-vi-b-reward_only\sphinx-doc__sphinx-8459\run_instance.log) for more information.
sphinx-doc__sphinx-9281: >>>>> Patch Apply Failed:
can't find file to patch at input line 3
Perhaps you used the wrong -p or --strip option?
The text leading up to this was:
--------------------------
|--- a/original_file.py
|+++ b/modified_file.py
--------------------------
No file to patch.  Skipping patch.
patch: **** malformed patch at line 13:  def ugly_enum_func(e: MyEnum = MyEnum.ValueA) -> None:


Check (logs\run_evaluation\vi_b_lf_rescore_reward_only\commscm-vi-b-reward_only\sphinx-doc__sphinx-9281\run_instance.log) for more information.
sympy__sympy-20916: >>>>> Patch Apply Failed:
patching file sympy/printing/conventions.py
Hunk #1 FAILED at 1.
1 out of 1 hunk FAILED -- saving rejects to file sympy/printing/conventions.py.rej

Check (logs\run_evaluation\vi_b_lf_rescore_reward_only\commscm-vi-b-reward_only\sympy__sympy-20916\run_instance.log) for more information.
All instances run.
Cleaning cached images...
Removed 0 images.
Total instances: 8
Instances submitted: 8
Instances completed: 3
Instances incomplete: 0
Instances resolved: 1
Instances unresolved: 2
Instances with empty patches: 0
Instances with errors: 5
Unstopped containers: 0
Unremoved images: 8
Report written to commscm-vi-b-reward_only.vi_b_lf_rescore_reward_only.json
  [reward_only] harness rc=0 free_gb=44.4
  [random] evaluating 8/8 (free_gb=44.4)
C:\Users\BEST BUY COMPUTERS\AppData\Local\Programs\Python\Python314\Lib\site-packages\langchain_core\_api\deprecation.py:25: UserWarning: Core Pydantic V1 functionality isn't compatible with Python 3.14 or greater.
  from pydantic.v1.fields import FieldInfo as FieldInfoV1
C:\Users\BEST BUY COMPUTERS\AppData\Local\Programs\Python\Python314\Lib\site-packages\requests\__init__.py:113: RequestsDependencyWarning: urllib3 (2.6.2) or chardet (7.4.3)/charset_normalizer (3.4.4) doesn't match a supported version!
  warnings.warn(
C:\Users\BEST BUY COMPUTERS\AppData\Local\Programs\Python\Python314\Lib\site-packages\modal\_utils\async_utils.py:42: DeprecationWarning: 'asyncio.WindowsSelectorEventLoopPolicy' is deprecated and slated for removal in Python 3.16
  asyncio.set_event_loop_policy(asyncio.WindowsSelectorEventLoopPolicy())
C:\Users\BEST BUY COMPUTERS\AppData\Local\Programs\Python\Python314\Lib\site-packages\modal\_utils\async_utils.py:42: DeprecationWarning: 'asyncio.set_event_loop_policy' is deprecated and slated for removal in Python 3.16
  asyncio.set_event_loop_policy(asyncio.WindowsSelectorEventLoopPolicy())
<frozen runpy>:128: RuntimeWarning: 'swebench.harness.run_evaluation' found in sys.modules after import of package 'swebench.harness', but prior to execution of 'swebench.harness.run_evaluation'; this may result in unpredictable behaviour
2026-08-05 09:22:44,810 - httpx - INFO - HTTP Request: HEAD https://huggingface.co/datasets/princeton-nlp/SWE-bench_Verified/resolve/main/README.md "HTTP/1.1 307 Temporary Redirect"
2026-08-05 09:22:44,873 - httpx - INFO - HTTP Request: HEAD https://huggingface.co/api/resolve-cache/datasets/princeton-nlp/SWE-bench_Verified/c104f840cc67f8b6eec6f759ebc8b2693d585d4a/README.md "HTTP/1.1 200 OK"
2026-08-05 09:22:45,155 - httpx - INFO - HTTP Request: HEAD https://huggingface.co/datasets/princeton-nlp/SWE-bench_Verified/resolve/c104f840cc67f8b6eec6f759ebc8b2693d585d4a/SWE-bench_Verified.py "HTTP/1.1 404 Not Found"
2026-08-05 09:22:45,926 - httpx - INFO - HTTP Request: HEAD https://s3.amazonaws.com/datasets.huggingface.co/datasets/datasets/princeton-nlp/SWE-bench_Verified/princeton-nlp/SWE-bench_Verified.py "HTTP/1.1 404 Not Found"
2026-08-05 09:22:46,214 - httpx - INFO - HTTP Request: GET https://huggingface.co/api/datasets/princeton-nlp/SWE-bench_Verified/revision/c104f840cc67f8b6eec6f759ebc8b2693d585d4a "HTTP/1.1 200 OK"
2026-08-05 09:22:46,495 - httpx - INFO - HTTP Request: HEAD https://huggingface.co/datasets/princeton-nlp/SWE-bench_Verified/resolve/c104f840cc67f8b6eec6f759ebc8b2693d585d4a/.huggingface.yaml "HTTP/1.1 404 Not Found"
2026-08-05 09:22:46,998 - httpx - INFO - HTTP Request: GET https://datasets-server.huggingface.co/info?dataset=princeton-nlp/SWE-bench_Verified "HTTP/1.1 200 OK"
2026-08-05 09:22:48,819 - httpx - INFO - HTTP Request: GET https://huggingface.co/api/datasets/princeton-nlp/SWE-bench_Verified/tree/c104f840cc67f8b6eec6f759ebc8b2693d585d4a/data?recursive=true&expand=false "HTTP/1.1 200 OK"
2026-08-05 09:22:49,097 - httpx - INFO - HTTP Request: GET https://huggingface.co/api/datasets/princeton-nlp/SWE-bench_Verified/tree/c104f840cc67f8b6eec6f759ebc8b2693d585d4a?recursive=false&expand=false "HTTP/1.1 200 OK"
2026-08-05 09:22:49,381 - httpx - INFO - HTTP Request: HEAD https://huggingface.co/datasets/princeton-nlp/SWE-bench_Verified/resolve/c104f840cc67f8b6eec6f759ebc8b2693d585d4a/dataset_infos.json "HTTP/1.1 404 Not Found"
2026-08-05 09:22:50,115 - httpx - INFO - HTTP Request: HEAD https://huggingface.co/datasets/princeton-nlp/SWE-bench_Verified/resolve/main/README.md "HTTP/1.1 307 Temporary Redirect"
2026-08-05 09:22:50,168 - httpx - INFO - HTTP Request: HEAD https://huggingface.co/api/resolve-cache/datasets/princeton-nlp/SWE-bench_Verified/c104f840cc67f8b6eec6f759ebc8b2693d585d4a/README.md "HTTP/1.1 200 OK"
2026-08-05 09:22:50,438 - httpx - INFO - HTTP Request: HEAD https://huggingface.co/datasets/princeton-nlp/SWE-bench_Verified/resolve/c104f840cc67f8b6eec6f759ebc8b2693d585d4a/SWE-bench_Verified.py "HTTP/1.1 404 Not Found"
2026-08-05 09:22:50,685 - httpx - INFO - HTTP Request: HEAD https://s3.amazonaws.com/datasets.huggingface.co/datasets/datasets/princeton-nlp/SWE-bench_Verified/princeton-nlp/SWE-bench_Verified.py "HTTP/1.1 404 Not Found"
2026-08-05 09:22:56,161 - httpx - INFO - HTTP Request: HEAD https://huggingface.co/datasets/princeton-nlp/SWE-bench_Verified/resolve/c104f840cc67f8b6eec6f759ebc8b2693d585d4a/.huggingface.yaml "HTTP/1.1 404 Not Found"
2026-08-05 09:22:56,535 - httpx - INFO - HTTP Request: GET https://datasets-server.huggingface.co/info?dataset=princeton-nlp/SWE-bench_Verified "HTTP/1.1 200 OK"
2026-08-05 09:22:56,815 - httpx - INFO - HTTP Request: HEAD https://huggingface.co/datasets/princeton-nlp/SWE-bench_Verified/resolve/c104f840cc67f8b6eec6f759ebc8b2693d585d4a/dataset_infos.json "HTTP/1.1 404 Not Found"
Found 8 existing instance images. Will reuse them.
Running 8 instances...

Evaluation:   0%|          | 0/8 [00:00<?, ?it/s, error=0, \u2713=0, \u2716=0]
Evaluation:   0%|          | 0/8 [00:17<?, ?it/s, \u2713=0, \u2716=0, error=1]
Evaluation:  12%|#2        | 1/8 [00:17<02:01, 17.30s/it, \u2713=0, \u2716=0, error=1]
Evaluation:  12%|#2        | 1/8 [00:18<02:01, 17.30s/it, \u2713=0, \u2716=0, error=2]
Evaluation:  25%|##5       | 2/8 [00:18<00:47,  7.94s/it, \u2713=0, \u2716=0, error=2]
Evaluation:  25%|##5       | 2/8 [00:36<00:47,  7.94s/it, \u2713=0, \u2716=0, error=3]
Evaluation:  38%|###7      | 3/8 [00:36<01:02, 12.53s/it, \u2713=0, \u2716=0, error=3]
Evaluation:  38%|###7      | 3/8 [00:54<01:02, 12.53s/it, \u2713=0, \u2716=0, error=4]
Evaluation:  50%|#####     | 4/8 [00:54<00:58, 14.68s/it, \u2713=0, \u2716=0, error=4]
Evaluation:  50%|#####     | 4/8 [01:05<00:58, 14.68s/it, \u2713=0, \u2716=1, error=4]
Evaluation:  62%|######2   | 5/8 [01:05<00:39, 13.28s/it, \u2713=0, \u2716=1, error=4]
Evaluation:  62%|######2   | 5/8 [01:12<00:39, 13.28s/it, \u2713=0, \u2716=1, error=5]
Evaluation:  75%|#######5  | 6/8 [01:12<00:22, 11.06s/it, \u2713=0, \u2716=1, error=5]
Evaluation:  75%|#######5  | 6/8 [01:22<00:22, 11.06s/it, \u2713=0, \u2716=1, error=6]
Evaluation:  88%|########7 | 7/8 [01:22<00:10, 10.94s/it, \u2713=0, \u2716=1, error=6]
Evaluation:  88%|########7 | 7/8 [01:29<00:10, 10.94s/it, \u2713=0, \u2716=1, error=7]
Evaluation: 100%|##########| 8/8 [01:29<00:00,  9.57s/it, \u2713=0, \u2716=1, error=7]
Evaluation: 100%|##########| 8/8 [01:29<00:00, 11.19s/it, \u2713=0, \u2716=1, error=7]
django__django-12193: >>>>> Patch Apply Failed:
patching file django/forms/widgets.py
Hunk #1 FAILED at 524.
1 out of 1 hunk FAILED -- saving rejects to file django/forms/widgets.py.rej

Check (logs\run_evaluation\vi_b_lf_rescore_random\commscm-vi-b-random\django__django-12193\run_instance.log) for more information.
django__django-11749: >>>>> Patch Apply Failed:
patch: **** malformed patch at line 14: +        if any(option in options for option in group):

can't find file to patch at input line 3
Perhaps you used the wrong -p or --strip option?
The text leading up to this was:
--------------------------
|--- a/fix.py
|+++ b/fix.py
--------------------------
No file to patch.  Skipping patch.

Check (logs\run_evaluation\vi_b_lf_rescore_random\commscm-vi-b-random\django__django-11749\run_instance.log) for more information.
django__django-16082: >>>>> Patch Apply Failed:
patching file django/db/models/expressions.py
patch: **** malformed patch at line 13: 


Check (logs\run_evaluation\vi_b_lf_rescore_random\commscm-vi-b-random\django__django-16082\run_instance.log) for more information.
pytest-dev__pytest-5262: >>>>> Patch Apply Failed:
patch: **** Only garbage was found in the patch input.

Check (logs\run_evaluation\vi_b_lf_rescore_random\commscm-vi-b-random\pytest-dev__pytest-5262\run_instance.log) for more information.
sphinx-doc__sphinx-8459: >>>>> Patch Apply Failed:
patch: **** Only garbage was found in the patch input.

Check (logs\run_evaluation\vi_b_lf_rescore_random\commscm-vi-b-random\sphinx-doc__sphinx-8459\run_instance.log) for more information.
sphinx-doc__sphinx-9281: >>>>> Patch Apply Failed:
patch: **** Only garbage was found in the patch input.

Check (logs\run_evaluation\vi_b_lf_rescore_random\commscm-vi-b-random\sphinx-doc__sphinx-9281\run_instance.log) for more information.
sympy__sympy-20916: >>>>> Patch Apply Failed:
can't find file to patch at input line 3
Perhaps you used the wrong -p or --strip option?
The text leading up to this was:
--------------------------
|--- a/fix.py
|+++ b/fix.py
--------------------------
No file to patch.  Skipping patch.
1 out of 1 hunk ignored

Check (logs\run_evaluation\vi_b_lf_rescore_random\commscm-vi-b-random\sympy__sympy-20916\run_instance.log) for more information.
All instances run.
Cleaning cached images...
Removed 0 images.
Total instances: 8
Instances submitted: 8
Instances completed: 1
Instances incomplete: 0
Instances resolved: 0
Instances unresolved: 1
Instances with empty patches: 0
Instances with errors: 7
Unstopped containers: 0
Unremoved images: 8
Report written to commscm-vi-b-random.vi_b_lf_rescore_random.json
  [random] harness rc=0 free_gb=43.7
  [static_heuristic] evaluating 8/8 (free_gb=43.7)
C:\Users\BEST BUY COMPUTERS\AppData\Local\Programs\Python\Python314\Lib\site-packages\langchain_core\_api\deprecation.py:25: UserWarning: Core Pydantic V1 functionality isn't compatible with Python 3.14 or greater.
  from pydantic.v1.fields import FieldInfo as FieldInfoV1
C:\Users\BEST BUY COMPUTERS\AppData\Local\Programs\Python\Python314\Lib\site-packages\requests\__init__.py:113: RequestsDependencyWarning: urllib3 (2.6.2) or chardet (7.4.3)/charset_normalizer (3.4.4) doesn't match a supported version!
  warnings.warn(
C:\Users\BEST BUY COMPUTERS\AppData\Local\Programs\Python\Python314\Lib\site-packages\modal\_utils\async_utils.py:42: DeprecationWarning: 'asyncio.WindowsSelectorEventLoopPolicy' is deprecated and slated for removal in Python 3.16
  asyncio.set_event_loop_policy(asyncio.WindowsSelectorEventLoopPolicy())
C:\Users\BEST BUY COMPUTERS\AppData\Local\Programs\Python\Python314\Lib\site-packages\modal\_utils\async_utils.py:42: DeprecationWarning: 'asyncio.set_event_loop_policy' is deprecated and slated for removal in Python 3.16
  asyncio.set_event_loop_policy(asyncio.WindowsSelectorEventLoopPolicy())
<frozen runpy>:128: RuntimeWarning: 'swebench.harness.run_evaluation' found in sys.modules after import of package 'swebench.harness', but prior to execution of 'swebench.harness.run_evaluation'; this may result in unpredictable behaviour
2026-08-05 09:24:42,713 - httpx - INFO - HTTP Request: HEAD https://huggingface.co/datasets/princeton-nlp/SWE-bench_Verified/resolve/main/README.md "HTTP/1.1 307 Temporary Redirect"
2026-08-05 09:24:42,770 - httpx - INFO - HTTP Request: HEAD https://huggingface.co/api/resolve-cache/datasets/princeton-nlp/SWE-bench_Verified/c104f840cc67f8b6eec6f759ebc8b2693d585d4a/README.md "HTTP/1.1 200 OK"
2026-08-05 09:24:43,050 - httpx - INFO - HTTP Request: HEAD https://huggingface.co/datasets/princeton-nlp/SWE-bench_Verified/resolve/c104f840cc67f8b6eec6f759ebc8b2693d585d4a/SWE-bench_Verified.py "HTTP/1.1 404 Not Found"
2026-08-05 09:24:43,784 - httpx - INFO - HTTP Request: HEAD https://s3.amazonaws.com/datasets.huggingface.co/datasets/datasets/princeton-nlp/SWE-bench_Verified/princeton-nlp/SWE-bench_Verified.py "HTTP/1.1 404 Not Found"
2026-08-05 09:24:44,061 - httpx - INFO - HTTP Request: GET https://huggingface.co/api/datasets/princeton-nlp/SWE-bench_Verified/revision/c104f840cc67f8b6eec6f759ebc8b2693d585d4a "HTTP/1.1 200 OK"
2026-08-05 09:24:44,337 - httpx - INFO - HTTP Request: HEAD https://huggingface.co/datasets/princeton-nlp/SWE-bench_Verified/resolve/c104f840cc67f8b6eec6f759ebc8b2693d585d4a/.huggingface.yaml "HTTP/1.1 404 Not Found"
2026-08-05 09:24:44,779 - httpx - INFO - HTTP Request: GET https://datasets-server.huggingface.co/info?dataset=princeton-nlp/SWE-bench_Verified "HTTP/1.1 200 OK"
2026-08-05 09:24:45,056 - httpx - INFO - HTTP Request: GET https://huggingface.co/api/datasets/princeton-nlp/SWE-bench_Verified/tree/c104f840cc67f8b6eec6f759ebc8b2693d585d4a/data?recursive=true&expand=false "HTTP/1.1 200 OK"
2026-08-05 09:24:45,343 - httpx - INFO - HTTP Request: GET https://huggingface.co/api/datasets/princeton-nlp/SWE-bench_Verified/tree/c104f840cc67f8b6eec6f759ebc8b2693d585d4a?recursive=false&expand=false "HTTP/1.1 200 OK"
2026-08-05 09:24:45,626 - httpx - INFO - HTTP Request: HEAD https://huggingface.co/datasets/princeton-nlp/SWE-bench_Verified/resolve/c104f840cc67f8b6eec6f759ebc8b2693d585d4a/dataset_infos.json "HTTP/1.1 404 Not Found"
2026-08-05 09:24:46,292 - httpx - INFO - HTTP Request: HEAD https://huggingface.co/datasets/princeton-nlp/SWE-bench_Verified/resolve/main/README.md "HTTP/1.1 307 Temporary Redirect"
2026-08-05 09:24:46,345 - httpx - INFO - HTTP Request: HEAD https://huggingface.co/api/resolve-cache/datasets/princeton-nlp/SWE-bench_Verified/c104f840cc67f8b6eec6f759ebc8b2693d585d4a/README.md "HTTP/1.1 200 OK"
2026-08-05 09:24:46,617 - httpx - INFO - HTTP Request: HEAD https://huggingface.co/datasets/princeton-nlp/SWE-bench_Verified/resolve/c104f840cc67f8b6eec6f759ebc8b2693d585d4a/SWE-bench_Verified.py "HTTP/1.1 404 Not Found"
2026-08-05 09:24:46,844 - httpx - INFO - HTTP Request: HEAD https://s3.amazonaws.com/datasets.huggingface.co/datasets/datasets/princeton-nlp/SWE-bench_Verified/princeton-nlp/SWE-bench_Verified.py "HTTP/1.1 404 Not Found"
2026-08-05 09:24:47,127 - httpx - INFO - HTTP Request: HEAD https://huggingface.co/datasets/princeton-nlp/SWE-bench_Verified/resolve/c104f840cc67f8b6eec6f759ebc8b2693d585d4a/.huggingface.yaml "HTTP/1.1 404 Not Found"
2026-08-05 09:24:47,400 - httpx - INFO - HTTP Request: GET https://datasets-server.huggingface.co/info?dataset=princeton-nlp/SWE-bench_Verified "HTTP/1.1 200 OK"
2026-08-05 09:24:47,684 - httpx - INFO - HTTP Request: HEAD https://huggingface.co/datasets/princeton-nlp/SWE-bench_Verified/resolve/c104f840cc67f8b6eec6f759ebc8b2693d585d4a/dataset_infos.json "HTTP/1.1 404 Not Found"
Found 8 existing instance images. Will reuse them.
Running 8 instances...

Evaluation:   0%|          | 0/8 [00:00<?, ?it/s, error=0, \u2713=0, \u2716=0]
Evaluation:   0%|          | 0/8 [00:17<?, ?it/s, \u2713=0, \u2716=0, error=1]
Evaluation:  12%|#2        | 1/8 [00:17<02:00, 17.17s/it, \u2713=0, \u2716=0, error=1]
Evaluation:  12%|#2        | 1/8 [00:31<02:00, 17.17s/it, \u2713=0, \u2716=1, error=1]
Evaluation:  25%|##5       | 2/8 [00:31<01:32, 15.34s/it, \u2713=0, \u2716=1, error=1]
Evaluation:  25%|##5       | 2/8 [00:52<01:32, 15.34s/it, \u2713=1, \u2716=1, error=1]
Evaluation:  38%|###7      | 3/8 [00:52<01:29, 17.98s/it, \u2713=1, \u2716=1, error=1]
Evaluation:  38%|###7      | 3/8 [01:04<01:29, 17.98s/it, \u2713=1, \u2716=2, error=1]
Evaluation:  50%|#####     | 4/8 [01:04<01:03, 15.78s/it, \u2713=1, \u2716=2, error=1]
Evaluation:  50%|#####     | 4/8 [01:09<01:03, 15.78s/it, \u2713=1, \u2716=2, error=2]
Evaluation:  62%|######2   | 5/8 [01:09<00:35, 11.72s/it, \u2713=1, \u2716=2, error=2]
Evaluation:  62%|######2   | 5/8 [01:21<00:35, 11.72s/it, \u2713=1, \u2716=2, error=3]
Evaluation:  75%|#######5  | 6/8 [01:21<00:23, 11.89s/it, \u2713=1, \u2716=2, error=3]
Evaluation:  75%|#######5  | 6/8 [01:26<00:23, 11.89s/it, \u2713=1, \u2716=2, error=4]
Evaluation:  88%|########7 | 7/8 [01:26<00:09,  9.52s/it, \u2713=1, \u2716=2, error=4]
Evaluation:  88%|########7 | 7/8 [01:38<00:09,  9.52s/it, \u2713=1, \u2716=2, error=5]
Evaluation: 100%|##########| 8/8 [01:38<00:00, 10.35s/it, \u2713=1, \u2716=2, error=5]
Evaluation: 100%|##########| 8/8 [01:38<00:00, 12.28s/it, \u2713=1, \u2716=2, error=5]
django__django-12193: >>>>> Patch Apply Failed:
patching file django/forms/widgets.py
Hunk #1 FAILED at 524.
1 out of 1 hunk FAILED -- saving rejects to file django/forms/widgets.py.rej

Check (logs\run_evaluation\vi_b_lf_rescore_static_heuristic\commscm-vi-b-static_heuristic\django__django-12193\run_instance.log) for more information.
pytest-dev__pytest-5262: >>>>> Patch Apply Failed:
patching file src/_pytest/capture.py
Hunk #1 FAILED at 450.
1 out of 1 hunk FAILED -- saving rejects to file src/_pytest/capture.py.rej

Check (logs\run_evaluation\vi_b_lf_rescore_static_heuristic\commscm-vi-b-static_heuristic\pytest-dev__pytest-5262\run_instance.log) for more information.
sphinx-doc__sphinx-8459: >>>>> Patch Apply Failed:
patching file sphinx/ext/autodoc/__init__.py
Hunk #1 FAILED at 1234.
1 out of 1 hunk FAILED -- saving rejects to file sphinx/ext/autodoc/__init__.py.rej

Check (logs\run_evaluation\vi_b_lf_rescore_static_heuristic\commscm-vi-b-static_heuristic\sphinx-doc__sphinx-8459\run_instance.log) for more information.
sphinx-doc__sphinx-9281: >>>>> Patch Apply Failed:
can't find file to patch at input line 3
Perhaps you used the wrong -p or --strip option?
The text leading up to this was:
--------------------------
|--- a/original.py
|+++ b/fixed.py
--------------------------
No file to patch.  Skipping patch.
patch: **** malformed patch at line 15: 


Check (logs\run_evaluation\vi_b_lf_rescore_static_heuristic\commscm-vi-b-static_heuristic\sphinx-doc__sphinx-9281\run_instance.log) for more information.
sympy__sympy-20916: >>>>> Patch Apply Failed:
patching file sympy/printing/conventions.py
Hunk #1 FAILED at 1.
1 out of 1 hunk FAILED -- saving rejects to file sympy/printing/conventions.py.rej

Check (logs\run_evaluation\vi_b_lf_rescore_static_heuristic\commscm-vi-b-static_heuristic\sympy__sympy-20916\run_instance.log) for more information.
All instances run.
Cleaning cached images...
Removed 0 images.
Total instances: 8
Instances submitted: 8
Instances completed: 3
Instances incomplete: 0
Instances resolved: 1
Instances unresolved: 2
Instances with empty patches: 0
Instances with errors: 5
Unstopped containers: 0
Unremoved images: 8
Report written to commscm-vi-b-static_heuristic.vi_b_lf_rescore_static_heuristic.json
  [static_heuristic] harness rc=0 free_gb=43.7
[disk] before prune free_gb=43.7
[disk] removed 8 sweb.eval images; free_gb=43.7
BATCH 2 done; gold_partial={'resolve_at_1_mean': 0.875, 'counts': {'resolved': 14, 'unresolved': 0, 'error': 2, 'missing': 84, 'scored': 16}}

=== BATCH 3/13 ids=scikit-learn__scikit-learn-14629..sphinx-doc__sphinx-7440 (8) ===
[prepull] pulling swebench/sweb.eval.x86_64.scikit-learn_1776_scikit-learn-14629:latest (free_gb=43.7)...
[prepull] ok swebench/sweb.eval.x86_64.scikit-learn_1776_scikit-learn-14629:latest in 820.0s
[prepull] pulling swebench/sweb.eval.x86_64.django_1776_django-14631:latest (free_gb=43.7)...
[prepull] ok swebench/sweb.eval.x86_64.django_1776_django-14631:latest in 294.5s
[prepull] pulling swebench/sweb.eval.x86_64.django_1776_django-15930:latest (free_gb=43.6)...
[prepull] ok swebench/sweb.eval.x86_64.django_1776_django-15930:latest in 304.3s
[prepull] pulling swebench/sweb.eval.x86_64.django_1776_django-7530:latest (free_gb=43.6)...
[prepull] ok swebench/sweb.eval.x86_64.django_1776_django-7530:latest in 296.6s
[prepull] pulling swebench/sweb.eval.x86_64.sympy_1776_sympy-14248:latest (free_gb=43.6)...
[prepull] ok swebench/sweb.eval.x86_64.sympy_1776_sympy-14248:latest in 226.1s
[prepull] pulling swebench/sweb.eval.x86_64.pylint-dev_1776_pylint-4551:latest (free_gb=43.6)...
[prepull] ok swebench/sweb.eval.x86_64.pylint-dev_1776_pylint-4551:latest in 220.5s
[prepull] pulling swebench/sweb.eval.x86_64.pallets_1776_flask-5014:latest (free_gb=43.6)...
[prepull] ok swebench/sweb.eval.x86_64.pallets_1776_flask-5014:latest in 259.8s
[prepull] pulling swebench/sweb.eval.x86_64.sphinx-doc_1776_sphinx-7440:latest (free_gb=43.6)...
[prepull] ok swebench/sweb.eval.x86_64.sphinx-doc_1776_sphinx-7440:latest in 233.0s
  [oracle_gold] evaluating 8/8 (free_gb=43.6)
C:\Users\BEST BUY COMPUTERS\AppData\Local\Programs\Python\Python314\Lib\site-packages\langchain_core\_api\deprecation.py:25: UserWarning: Core Pydantic V1 functionality isn't compatible with Python 3.14 or greater.
  from pydantic.v1.fields import FieldInfo as FieldInfoV1
C:\Users\BEST BUY COMPUTERS\AppData\Local\Programs\Python\Python314\Lib\site-packages\requests\__init__.py:113: RequestsDependencyWarning: urllib3 (2.6.2) or chardet (7.4.3)/charset_normalizer (3.4.4) doesn't match a supported version!
  warnings.warn(
C:\Users\BEST BUY COMPUTERS\AppData\Local\Programs\Python\Python314\Lib\site-packages\modal\_utils\async_utils.py:42: DeprecationWarning: 'asyncio.WindowsSelectorEventLoopPolicy' is deprecated and slated for removal in Python 3.16
  asyncio.set_event_loop_policy(asyncio.WindowsSelectorEventLoopPolicy())
C:\Users\BEST BUY COMPUTERS\AppData\Local\Programs\Python\Python314\Lib\site-packages\modal\_utils\async_utils.py:42: DeprecationWarning: 'asyncio.set_event_loop_policy' is deprecated and slated for removal in Python 3.16
  asyncio.set_event_loop_policy(asyncio.WindowsSelectorEventLoopPolicy())
<frozen runpy>:128: RuntimeWarning: 'swebench.harness.run_evaluation' found in sys.modules after import of package 'swebench.harness', but prior to execution of 'swebench.harness.run_evaluation'; this may result in unpredictable behaviour
2026-08-05 10:11:11,443 - httpx - INFO - HTTP Request: HEAD https://huggingface.co/datasets/princeton-nlp/SWE-bench_Verified/resolve/main/README.md "HTTP/1.1 307 Temporary Redirect"
2026-08-05 10:11:11,489 - httpx - INFO - HTTP Request: HEAD https://huggingface.co/api/resolve-cache/datasets/princeton-nlp/SWE-bench_Verified/c104f840cc67f8b6eec6f759ebc8b2693d585d4a/README.md "HTTP/1.1 200 OK"
2026-08-05 10:11:11,779 - httpx - INFO - HTTP Request: HEAD https://huggingface.co/datasets/princeton-nlp/SWE-bench_Verified/resolve/c104f840cc67f8b6eec6f759ebc8b2693d585d4a/SWE-bench_Verified.py "HTTP/1.1 404 Not Found"
2026-08-05 10:11:12,484 - httpx - INFO - HTTP Request: HEAD https://s3.amazonaws.com/datasets.huggingface.co/datasets/datasets/princeton-nlp/SWE-bench_Verified/princeton-nlp/SWE-bench_Verified.py "HTTP/1.1 404 Not Found"
2026-08-05 10:11:12,746 - httpx - INFO - HTTP Request: GET https://huggingface.co/api/datasets/princeton-nlp/SWE-bench_Verified/revision/c104f840cc67f8b6eec6f759ebc8b2693d585d4a "HTTP/1.1 200 OK"
2026-08-05 10:11:13,008 - httpx - INFO - HTTP Request: HEAD https://huggingface.co/datasets/princeton-nlp/SWE-bench_Verified/resolve/c104f840cc67f8b6eec6f759ebc8b2693d585d4a/.huggingface.yaml "HTTP/1.1 404 Not Found"
2026-08-05 10:11:13,462 - httpx - INFO - HTTP Request: GET https://datasets-server.huggingface.co/info?dataset=princeton-nlp/SWE-bench_Verified "HTTP/1.1 200 OK"
2026-08-05 10:11:13,730 - httpx - INFO - HTTP Request: GET https://huggingface.co/api/datasets/princeton-nlp/SWE-bench_Verified/tree/c104f840cc67f8b6eec6f759ebc8b2693d585d4a/data?recursive=true&expand=false "HTTP/1.1 200 OK"
2026-08-05 10:11:13,994 - httpx - INFO - HTTP Request: GET https://huggingface.co/api/datasets/princeton-nlp/SWE-bench_Verified/tree/c104f840cc67f8b6eec6f759ebc8b2693d585d4a?recursive=false&expand=false "HTTP/1.1 200 OK"
2026-08-05 10:11:14,262 - httpx - INFO - HTTP Request: HEAD https://huggingface.co/datasets/princeton-nlp/SWE-bench_Verified/resolve/c104f840cc67f8b6eec6f759ebc8b2693d585d4a/dataset_infos.json "HTTP/1.1 404 Not Found"
2026-08-05 10:11:14,896 - httpx - INFO - HTTP Request: HEAD https://huggingface.co/datasets/princeton-nlp/SWE-bench_Verified/resolve/main/README.md "HTTP/1.1 307 Temporary Redirect"
2026-08-05 10:11:14,934 - httpx - INFO - HTTP Request: HEAD https://huggingface.co/api/resolve-cache/datasets/princeton-nlp/SWE-bench_Verified/c104f840cc67f8b6eec6f759ebc8b2693d585d4a/README.md "HTTP/1.1 200 OK"
2026-08-05 10:11:15,195 - httpx - INFO - HTTP Request: HEAD https://huggingface.co/datasets/princeton-nlp/SWE-bench_Verified/resolve/c104f840cc67f8b6eec6f759ebc8b2693d585d4a/SWE-bench_Verified.py "HTTP/1.1 404 Not Found"
2026-08-05 10:11:15,412 - httpx - INFO - HTTP Request: HEAD https://s3.amazonaws.com/datasets.huggingface.co/datasets/datasets/princeton-nlp/SWE-bench_Verified/princeton-nlp/SWE-bench_Verified.py "HTTP/1.1 404 Not Found"
2026-08-05 10:11:15,676 - httpx - INFO - HTTP Request: HEAD https://huggingface.co/datasets/princeton-nlp/SWE-bench_Verified/resolve/c104f840cc67f8b6eec6f759ebc8b2693d585d4a/.huggingface.yaml "HTTP/1.1 404 Not Found"
2026-08-05 10:11:15,947 - httpx - INFO - HTTP Request: GET https://datasets-server.huggingface.co/info?dataset=princeton-nlp/SWE-bench_Verified "HTTP/1.1 200 OK"
2026-08-05 10:11:16,270 - httpx - INFO - HTTP Request: HEAD https://huggingface.co/datasets/princeton-nlp/SWE-bench_Verified/resolve/c104f840cc67f8b6eec6f759ebc8b2693d585d4a/dataset_infos.json "HTTP/1.1 404 Not Found"
Found 8 existing instance images. Will reuse them.
Running 8 instances...

Evaluation:   0%|          | 0/8 [00:00<?, ?it/s, error=0, \u2713=0, \u2716=0]
Evaluation:   0%|          | 0/8 [00:38<?, ?it/s, \u2713=1, \u2716=0, error=0]
Evaluation:  12%|#2        | 1/8 [00:38<04:27, 38.21s/it, \u2713=1, \u2716=0, error=0]
Evaluation:  12%|#2        | 1/8 [01:16<04:27, 38.21s/it, \u2713=2, \u2716=0, error=0]
Evaluation:  25%|##5       | 2/8 [01:16<03:50, 38.43s/it, \u2713=2, \u2716=0, error=0]
Evaluation:  25%|##5       | 2/8 [01:45<03:50, 38.43s/it, \u2713=3, \u2716=0, error=0]
Evaluation:  38%|###7      | 3/8 [01:45<02:49, 33.81s/it, \u2713=3, \u2716=0, error=0]
Evaluation:  38%|###7      | 3/8 [02:14<02:49, 33.81s/it, \u2713=4, \u2716=0, error=0]
Evaluation:  50%|#####     | 4/8 [02:14<02:07, 31.94s/it, \u2713=4, \u2716=0, error=0]
Evaluation:  50%|#####     | 4/8 [03:00<02:07, 31.94s/it, \u2713=5, \u2716=0, error=0]
Evaluation:  62%|######2   | 5/8 [03:00<01:51, 37.08s/it, \u2713=5, \u2716=0, error=0]
Evaluation:  62%|######2   | 5/8 [03:27<01:51, 37.08s/it, \u2713=6, \u2716=0, error=0]
Evaluation:  75%|#######5  | 6/8 [03:27<01:07, 33.73s/it, \u2713=6, \u2716=0, error=0]
Evaluation:  75%|#######5  | 6/8 [03:39<01:07, 33.73s/it, \u2713=6, \u2716=0, error=1]
Evaluation:  88%|########7 | 7/8 [03:39<00:26, 26.50s/it, \u2713=6, \u2716=0, error=1]
Evaluation:  88%|########7 | 7/8 [04:18<00:26, 26.50s/it, \u2713=6, \u2716=0, error=2]
Evaluation: 100%|##########| 8/8 [04:18<00:00, 30.55s/it, \u2713=6, \u2716=0, error=2]
Evaluation: 100%|##########| 8/8 [04:18<00:00, 32.30s/it, \u2713=6, \u2716=0, error=2]
All instances run.
Cleaning cached images...
Removed 0 images.
Total instances: 8
Instances submitted: 8
Instances completed: 6
Instances incomplete: 0
Instances resolved: 6
Instances unresolved: 0
Instances with empty patches: 0
Instances with errors: 2
Unstopped containers: 0
Unremoved images: 8
Report written to commscm-oracle-gold.oracle_gold_full_n100_lf.json
  [oracle_gold] harness rc=0 free_gb=43.6
  [cr_guided] evaluating 8/8 (free_gb=43.6)
C:\Users\BEST BUY COMPUTERS\AppData\Local\Programs\Python\Python314\Lib\site-packages\langchain_core\_api\deprecation.py:25: UserWarning: Core Pydantic V1 functionality isn't compatible with Python 3.14 or greater.
  from pydantic.v1.fields import FieldInfo as FieldInfoV1
C:\Users\BEST BUY COMPUTERS\AppData\Local\Programs\Python\Python314\Lib\site-packages\requests\__init__.py:113: RequestsDependencyWarning: urllib3 (2.6.2) or chardet (7.4.3)/charset_normalizer (3.4.4) doesn't match a supported version!
  warnings.warn(
C:\Users\BEST BUY COMPUTERS\AppData\Local\Programs\Python\Python314\Lib\site-packages\modal\_utils\async_utils.py:42: DeprecationWarning: 'asyncio.WindowsSelectorEventLoopPolicy' is deprecated and slated for removal in Python 3.16
  asyncio.set_event_loop_policy(asyncio.WindowsSelectorEventLoopPolicy())
C:\Users\BEST BUY COMPUTERS\AppData\Local\Programs\Python\Python314\Lib\site-packages\modal\_utils\async_utils.py:42: DeprecationWarning: 'asyncio.set_event_loop_policy' is deprecated and slated for removal in Python 3.16
  asyncio.set_event_loop_policy(asyncio.WindowsSelectorEventLoopPolicy())
<frozen runpy>:128: RuntimeWarning: 'swebench.harness.run_evaluation' found in sys.modules after import of package 'swebench.harness', but prior to execution of 'swebench.harness.run_evaluation'; this may result in unpredictable behaviour
2026-08-05 10:15:47,241 - httpx - INFO - HTTP Request: HEAD https://huggingface.co/datasets/princeton-nlp/SWE-bench_Verified/resolve/main/README.md "HTTP/1.1 307 Temporary Redirect"
2026-08-05 10:15:47,298 - httpx - INFO - HTTP Request: HEAD https://huggingface.co/api/resolve-cache/datasets/princeton-nlp/SWE-bench_Verified/c104f840cc67f8b6eec6f759ebc8b2693d585d4a/README.md "HTTP/1.1 200 OK"
2026-08-05 10:15:47,573 - httpx - INFO - HTTP Request: HEAD https://huggingface.co/datasets/princeton-nlp/SWE-bench_Verified/resolve/c104f840cc67f8b6eec6f759ebc8b2693d585d4a/SWE-bench_Verified.py "HTTP/1.1 404 Not Found"
2026-08-05 10:15:48,320 - httpx - INFO - HTTP Request: HEAD https://s3.amazonaws.com/datasets.huggingface.co/datasets/datasets/princeton-nlp/SWE-bench_Verified/princeton-nlp/SWE-bench_Verified.py "HTTP/1.1 404 Not Found"
2026-08-05 10:15:48,635 - httpx - INFO - HTTP Request: GET https://huggingface.co/api/datasets/princeton-nlp/SWE-bench_Verified/revision/c104f840cc67f8b6eec6f759ebc8b2693d585d4a "HTTP/1.1 200 OK"
2026-08-05 10:15:48,922 - httpx - INFO - HTTP Request: HEAD https://huggingface.co/datasets/princeton-nlp/SWE-bench_Verified/resolve/c104f840cc67f8b6eec6f759ebc8b2693d585d4a/.huggingface.yaml "HTTP/1.1 404 Not Found"
2026-08-05 10:15:49,363 - httpx - INFO - HTTP Request: GET https://datasets-server.huggingface.co/info?dataset=princeton-nlp/SWE-bench_Verified "HTTP/1.1 200 OK"
2026-08-05 10:15:49,649 - httpx - INFO - HTTP Request: GET https://huggingface.co/api/datasets/princeton-nlp/SWE-bench_Verified/tree/c104f840cc67f8b6eec6f759ebc8b2693d585d4a/data?recursive=true&expand=false "HTTP/1.1 200 OK"
2026-08-05 10:15:49,933 - httpx - INFO - HTTP Request: GET https://huggingface.co/api/datasets/princeton-nlp/SWE-bench_Verified/tree/c104f840cc67f8b6eec6f759ebc8b2693d585d4a?recursive=false&expand=false "HTTP/1.1 200 OK"
2026-08-05 10:15:50,218 - httpx - INFO - HTTP Request: HEAD https://huggingface.co/datasets/princeton-nlp/SWE-bench_Verified/resolve/c104f840cc67f8b6eec6f759ebc8b2693d585d4a/dataset_infos.json "HTTP/1.1 404 Not Found"
2026-08-05 10:15:50,822 - httpx - INFO - HTTP Request: HEAD https://huggingface.co/datasets/princeton-nlp/SWE-bench_Verified/resolve/main/README.md "HTTP/1.1 307 Temporary Redirect"
2026-08-05 10:15:50,881 - httpx - INFO - HTTP Request: HEAD https://huggingface.co/api/resolve-cache/datasets/princeton-nlp/SWE-bench_Verified/c104f840cc67f8b6eec6f759ebc8b2693d585d4a/README.md "HTTP/1.1 200 OK"
2026-08-05 10:15:51,160 - httpx - INFO - HTTP Request: HEAD https://huggingface.co/datasets/princeton-nlp/SWE-bench_Verified/resolve/c104f840cc67f8b6eec6f759ebc8b2693d585d4a/SWE-bench_Verified.py "HTTP/1.1 404 Not Found"
2026-08-05 10:15:51,395 - httpx - INFO - HTTP Request: HEAD https://s3.amazonaws.com/datasets.huggingface.co/datasets/datasets/princeton-nlp/SWE-bench_Verified/princeton-nlp/SWE-bench_Verified.py "HTTP/1.1 404 Not Found"
2026-08-05 10:15:51,676 - httpx - INFO - HTTP Request: HEAD https://huggingface.co/datasets/princeton-nlp/SWE-bench_Verified/resolve/c104f840cc67f8b6eec6f759ebc8b2693d585d4a/.huggingface.yaml "HTTP/1.1 404 Not Found"
2026-08-05 10:15:51,949 - httpx - INFO - HTTP Request: GET https://datasets-server.huggingface.co/info?dataset=princeton-nlp/SWE-bench_Verified "HTTP/1.1 200 OK"
2026-08-05 10:15:52,251 - httpx - INFO - HTTP Request: HEAD https://huggingface.co/datasets/princeton-nlp/SWE-bench_Verified/resolve/c104f840cc67f8b6eec6f759ebc8b2693d585d4a/dataset_infos.json "HTTP/1.1 404 Not Found"
Found 8 existing instance images. Will reuse them.
Running 8 instances...

Evaluation:   0%|          | 0/8 [00:00<?, ?it/s, error=0, \u2713=0, \u2716=0]
Evaluation:   0%|          | 0/8 [00:17<?, ?it/s, \u2713=0, \u2716=0, error=1]
Evaluation:  12%|#2        | 1/8 [00:17<02:00, 17.23s/it, \u2713=0, \u2716=0, error=1]
Evaluation:  12%|#2        | 1/8 [00:17<02:00, 17.23s/it, \u2713=0, \u2716=0, error=2]
Evaluation:  25%|##5       | 2/8 [00:17<00:43,  7.20s/it, \u2713=0, \u2716=0, error=2]
Evaluation:  25%|##5       | 2/8 [00:35<00:43,  7.20s/it, \u2713=0, \u2716=0, error=3]
Evaluation:  38%|###7      | 3/8 [00:35<01:00, 12.02s/it, \u2713=0, \u2716=0, error=3]
Evaluation:  38%|###7      | 3/8 [00:35<01:00, 12.02s/it, \u2713=0, \u2716=0, error=4]
Evaluation:  50%|#####     | 4/8 [00:35<00:29,  7.33s/it, \u2713=0, \u2716=0, error=4]
Evaluation:  50%|#####     | 4/8 [00:52<00:29,  7.33s/it, \u2713=0, \u2716=0, error=5]
Evaluation:  62%|######2   | 5/8 [00:52<00:32, 10.92s/it, \u2713=0, \u2716=0, error=5]
Evaluation:  62%|######2   | 5/8 [00:52<00:32, 10.92s/it, \u2713=0, \u2716=0, error=6]
Evaluation:  75%|#######5  | 6/8 [00:52<00:14,  7.25s/it, \u2713=0, \u2716=0, error=6]
Evaluation:  75%|#######5  | 6/8 [01:09<00:14,  7.25s/it, \u2713=0, \u2716=0, error=7]
Evaluation:  88%|########7 | 7/8 [01:09<00:10, 10.51s/it, \u2713=0, \u2716=0, error=7]
Evaluation:  88%|########7 | 7/8 [01:10<00:10, 10.51s/it, \u2713=0, \u2716=0, error=8]
Evaluation: 100%|##########| 8/8 [01:10<00:00,  7.21s/it, \u2713=0, \u2716=0, error=8]
Evaluation: 100%|##########| 8/8 [01:10<00:00,  8.76s/it, \u2713=0, \u2716=0, error=8]
django__django-15930: >>>>> Patch Apply Failed:
can't find file to patch at input line 3
Perhaps you used the wrong -p or --strip option?
The text leading up to this was:
--------------------------
|--- a/original.py
|+++ b/fixed.py
--------------------------
No file to patch.  Skipping patch.
patch: **** malformed patch at line 12:          output_field=BooleanField(),


Check (logs\run_evaluation\vi_b_lf_rescore_cr_guided\commscm-vi-b-cr_guided\django__django-15930\run_instance.log) for more information.
django__django-14631: >>>>> Patch Apply Failed:
patching file django/forms/forms.py
Hunk #1 FAILED at 1234.
Hunk #2 FAILED at 1250.
2 out of 2 hunks FAILED -- saving rejects to file django/forms/forms.py.rej

Check (logs\run_evaluation\vi_b_lf_rescore_cr_guided\commscm-vi-b-cr_guided\django__django-14631\run_instance.log) for more information.
django__django-7530: >>>>> Patch Apply Failed:
can't find file to patch at input line 3
Perhaps you used the wrong -p or --strip option?
The text leading up to this was:
--------------------------
|--- a/django/db/migrations/operations/registry.py
|+++ b/django/db/migrations/operations/registry.py
--------------------------
No file to patch.  Skipping patch.
1 out of 1 hunk ignored

Check (logs\run_evaluation\vi_b_lf_rescore_cr_guided\commscm-vi-b-cr_guided\django__django-7530\run_instance.log) for more information.
pallets__flask-5014: >>>>> Patch Apply Failed:
patch: **** Only garbage was found in the patch input.

Check (logs\run_evaluation\vi_b_lf_rescore_cr_guided\commscm-vi-b-cr_guided\pallets__flask-5014\run_instance.log) for more information.
pylint-dev__pylint-4551: >>>>> Patch Apply Failed:
patch: **** malformed patch at line 24: +            function_signature += ")"

can't find file to patch at input line 3
Perhaps you used the wrong -p or --strip option?
The text leading up to this was:
--------------------------
|--- a/pyreverse.py
|+++ b/pyreverse.py
--------------------------
No file to patch.  Skipping patch.

Check (logs\run_evaluation\vi_b_lf_rescore_cr_guided\commscm-vi-b-cr_guided\pylint-dev__pylint-4551\run_instance.log) for more information.
scikit-learn__scikit-learn-14629: >>>>> Patch Apply Failed:
patching file sklearn/multioutput.py
Hunk #1 succeeded at 123 with fuzz 3.
patch: **** malformed patch at line 11: @@ -130,6 +131


Check (logs\run_evaluation\vi_b_lf_rescore_cr_guided\commscm-vi-b-cr_guided\scikit-learn__scikit-learn-14629\run_instance.log) for more information.
sphinx-doc__sphinx-7440: >>>>> Patch Apply Failed:
can't find file to patch at input line 3
Perhaps you used the wrong -p or --strip option?
The text leading up to this was:
--------------------------
|--- a/fix.py
|+++ b/fix.py
--------------------------
No file to patch.  Skipping patch.
1 out of 1 hunk ignored

Check (logs\run_evaluation\vi_b_lf_rescore_cr_guided\commscm-vi-b-cr_guided\sphinx-doc__sphinx-7440\run_instance.log) for more information.
sympy__sympy-14248: >>>>> Patch Apply Failed:
patching file sympy/matrices/matrices.py
Hunk #1 FAILED at 1234.
1 out of 1 hunk FAILED -- saving rejects to file sympy/matrices/matrices.py.rej

Check (logs\run_evaluation\vi_b_lf_rescore_cr_guided\commscm-vi-b-cr_guided\sympy__sympy-14248\run_instance.log) for more information.
All instances run.
Cleaning cached images...
Removed 0 images.
Total instances: 8
Instances submitted: 8
Instances completed: 0
Instances incomplete: 0
Instances resolved: 0
Instances unresolved: 0
Instances with empty patches: 0
Instances with errors: 8
Unstopped containers: 0
Unremoved images: 8
Report written to commscm-vi-b-cr_guided.vi_b_lf_rescore_cr_guided.json
  [cr_guided] harness rc=0 free_gb=43.6
  [reward_only] evaluating 8/8 (free_gb=43.6)
C:\Users\BEST BUY COMPUTERS\AppData\Local\Programs\Python\Python314\Lib\site-packages\langchain_core\_api\deprecation.py:25: UserWarning: Core Pydantic V1 functionality isn't compatible with Python 3.14 or greater.
  from pydantic.v1.fields import FieldInfo as FieldInfoV1
C:\Users\BEST BUY COMPUTERS\AppData\Local\Programs\Python\Python314\Lib\site-packages\requests\__init__.py:113: RequestsDependencyWarning: urllib3 (2.6.2) or chardet (7.4.3)/charset_normalizer (3.4.4) doesn't match a supported version!
  warnings.warn(
C:\Users\BEST BUY COMPUTERS\AppData\Local\Programs\Python\Python314\Lib\site-packages\modal\_utils\async_utils.py:42: DeprecationWarning: 'asyncio.WindowsSelectorEventLoopPolicy' is deprecated and slated for removal in Python 3.16
  asyncio.set_event_loop_policy(asyncio.WindowsSelectorEventLoopPolicy())
C:\Users\BEST BUY COMPUTERS\AppData\Local\Programs\Python\Python314\Lib\site-packages\modal\_utils\async_utils.py:42: DeprecationWarning: 'asyncio.set_event_loop_policy' is deprecated and slated for removal in Python 3.16
  asyncio.set_event_loop_policy(asyncio.WindowsSelectorEventLoopPolicy())
<frozen runpy>:128: RuntimeWarning: 'swebench.harness.run_evaluation' found in sys.modules after import of package 'swebench.harness', but prior to execution of 'swebench.harness.run_evaluation'; this may result in unpredictable behaviour
2026-08-05 10:17:17,007 - httpx - INFO - HTTP Request: HEAD https://huggingface.co/datasets/princeton-nlp/SWE-bench_Verified/resolve/main/README.md "HTTP/1.1 307 Temporary Redirect"
2026-08-05 10:17:17,066 - httpx - INFO - HTTP Request: HEAD https://huggingface.co/api/resolve-cache/datasets/princeton-nlp/SWE-bench_Verified/c104f840cc67f8b6eec6f759ebc8b2693d585d4a/README.md "HTTP/1.1 200 OK"
2026-08-05 10:17:17,347 - httpx - INFO - HTTP Request: HEAD https://huggingface.co/datasets/princeton-nlp/SWE-bench_Verified/resolve/c104f840cc67f8b6eec6f759ebc8b2693d585d4a/SWE-bench_Verified.py "HTTP/1.1 404 Not Found"
2026-08-05 10:17:18,094 - httpx - INFO - HTTP Request: HEAD https://s3.amazonaws.com/datasets.huggingface.co/datasets/datasets/princeton-nlp/SWE-bench_Verified/princeton-nlp/SWE-bench_Verified.py "HTTP/1.1 404 Not Found"
2026-08-05 10:17:18,377 - httpx - INFO - HTTP Request: GET https://huggingface.co/api/datasets/princeton-nlp/SWE-bench_Verified/revision/c104f840cc67f8b6eec6f759ebc8b2693d585d4a "HTTP/1.1 200 OK"
2026-08-05 10:17:18,671 - httpx - INFO - HTTP Request: HEAD https://huggingface.co/datasets/princeton-nlp/SWE-bench_Verified/resolve/c104f840cc67f8b6eec6f759ebc8b2693d585d4a/.huggingface.yaml "HTTP/1.1 404 Not Found"
2026-08-05 10:17:19,124 - httpx - INFO - HTTP Request: GET https://datasets-server.huggingface.co/info?dataset=princeton-nlp/SWE-bench_Verified "HTTP/1.1 200 OK"
2026-08-05 10:17:19,413 - httpx - INFO - HTTP Request: GET https://huggingface.co/api/datasets/princeton-nlp/SWE-bench_Verified/tree/c104f840cc67f8b6eec6f759ebc8b2693d585d4a/data?recursive=true&expand=false "HTTP/1.1 200 OK"
2026-08-05 10:17:19,695 - httpx - INFO - HTTP Request: GET https://huggingface.co/api/datasets/princeton-nlp/SWE-bench_Verified/tree/c104f840cc67f8b6eec6f759ebc8b2693d585d4a?recursive=false&expand=false "HTTP/1.1 200 OK"
2026-08-05 10:17:19,987 - httpx - INFO - HTTP Request: HEAD https://huggingface.co/datasets/princeton-nlp/SWE-bench_Verified/resolve/c104f840cc67f8b6eec6f759ebc8b2693d585d4a/dataset_infos.json "HTTP/1.1 404 Not Found"
2026-08-05 10:17:20,601 - httpx - INFO - HTTP Request: HEAD https://huggingface.co/datasets/princeton-nlp/SWE-bench_Verified/resolve/main/README.md "HTTP/1.1 307 Temporary Redirect"
2026-08-05 10:17:20,659 - httpx - INFO - HTTP Request: HEAD https://huggingface.co/api/resolve-cache/datasets/princeton-nlp/SWE-bench_Verified/c104f840cc67f8b6eec6f759ebc8b2693d585d4a/README.md "HTTP/1.1 200 OK"
2026-08-05 10:17:20,948 - httpx - INFO - HTTP Request: HEAD https://huggingface.co/datasets/princeton-nlp/SWE-bench_Verified/resolve/c104f840cc67f8b6eec6f759ebc8b2693d585d4a/SWE-bench_Verified.py "HTTP/1.1 404 Not Found"
2026-08-05 10:17:21,193 - httpx - INFO - HTTP Request: HEAD https://s3.amazonaws.com/datasets.huggingface.co/datasets/datasets/princeton-nlp/SWE-bench_Verified/princeton-nlp/SWE-bench_Verified.py "HTTP/1.1 404 Not Found"
2026-08-05 10:17:21,477 - httpx - INFO - HTTP Request: HEAD https://huggingface.co/datasets/princeton-nlp/SWE-bench_Verified/resolve/c104f840cc67f8b6eec6f759ebc8b2693d585d4a/.huggingface.yaml "HTTP/1.1 404 Not Found"
2026-08-05 10:17:21,747 - httpx - INFO - HTTP Request: GET https://datasets-server.huggingface.co/info?dataset=princeton-nlp/SWE-bench_Verified "HTTP/1.1 200 OK"
2026-08-05 10:17:22,046 - httpx - INFO - HTTP Request: HEAD https://huggingface.co/datasets/princeton-nlp/SWE-bench_Verified/resolve/c104f840cc67f8b6eec6f759ebc8b2693d585d4a/dataset_infos.json "HTTP/1.1 404 Not Found"
Found 8 existing instance images. Will reuse them.
Running 8 instances...

Evaluation:   0%|          | 0/8 [00:00<?, ?it/s, error=0, \u2713=0, \u2716=0]
Evaluation:   0%|          | 0/8 [00:17<?, ?it/s, \u2713=0, \u2716=0, error=1]
Evaluation:  12%|#2        | 1/8 [00:17<02:01, 17.41s/it, \u2713=0, \u2716=0, error=1]
Evaluation:  12%|#2        | 1/8 [00:17<02:01, 17.41s/it, \u2713=0, \u2716=0, error=2]
Evaluation:  25%|##5       | 2/8 [00:17<00:43,  7.27s/it, \u2713=0, \u2716=0, error=2]
Evaluation:  25%|##5       | 2/8 [00:34<00:43,  7.27s/it, \u2713=0, \u2716=0, error=3]
Evaluation:  38%|###7      | 3/8 [00:34<00:59, 11.81s/it, \u2713=0, \u2716=0, error=3]
Evaluation:  38%|###7      | 3/8 [00:35<00:59, 11.81s/it, \u2713=0, \u2716=0, error=4]
Evaluation:  50%|#####     | 4/8 [00:35<00:28,  7.24s/it, \u2713=0, \u2716=0, error=4]
Evaluation:  50%|#####     | 4/8 [00:52<00:28,  7.24s/it, \u2713=0, \u2716=0, error=5]
Evaluation:  62%|######2   | 5/8 [00:52<00:32, 10.75s/it, \u2713=0, \u2716=0, error=5]
Evaluation:  62%|######2   | 5/8 [01:09<00:32, 10.75s/it, \u2713=0, \u2716=0, error=6]
Evaluation:  75%|#######5  | 6/8 [01:09<00:26, 13.02s/it, \u2713=0, \u2716=0, error=6]
Evaluation:  75%|#######5  | 6/8 [01:29<00:26, 13.02s/it, \u2713=0, \u2716=0, error=7]
Evaluation:  88%|########7 | 7/8 [01:29<00:15, 15.20s/it, \u2713=0, \u2716=0, error=7]
Evaluation:  88%|########7 | 7/8 [01:36<00:15, 15.20s/it, \u2713=0, \u2716=1, error=7]
Evaluation: 100%|##########| 8/8 [01:36<00:00, 12.61s/it, \u2713=0, \u2716=1, error=7]
Evaluation: 100%|##########| 8/8 [01:36<00:00, 12.02s/it, \u2713=0, \u2716=1, error=7]
django__django-14631: >>>>> Patch Apply Failed:
patching file django/forms/forms.py
patch: **** malformed patch at line 23:  

Hunk #1 FAILED at 1234.

Check (logs\run_evaluation\vi_b_lf_rescore_reward_only\commscm-vi-b-reward_only\django__django-14631\run_instance.log) for more information.
django__django-15930: >>>>> Patch Apply Failed:
can't find file to patch at input line 3
Perhaps you used the wrong -p or --strip option?
The text leading up to this was:
--------------------------
|--- a/path/to/your/file.py
|+++ b/path/to/your/file.py
--------------------------
No file to patch.  Skipping patch.
patch: **** malformed patch at line 14: -            When(~Q(pk__in=[]), then=Value(True)),


Check (logs\run_evaluation\vi_b_lf_rescore_reward_only\commscm-vi-b-reward_only\django__django-15930\run_instance.log) for more information.
django__django-7530: >>>>> Patch Apply Failed:
can't find file to patch at input line 3
Perhaps you used the wrong -p or --strip option?
The text leading up to this was:
--------------------------
|--- a/django/db/migrations/operations/registry.py
|+++ b/django/db/migrations/operations/registry.py
--------------------------
No file to patch.  Skipping patch.
1 out of 1 hunk ignored

Check (logs\run_evaluation\vi_b_lf_rescore_reward_only\commscm-vi-b-reward_only\django__django-7530\run_instance.log) for more information.
pallets__flask-5014: >>>>> Patch Apply Failed:
can't find file to patch at input line 3
Perhaps you used the wrong -p or --strip option?
The text leading up to this was:
--------------------------
|--- a/flask/blueprints.py
|+++ b/flask/blueprints.py
--------------------------
No file to patch.  Skipping patch.
patch: **** malformed patch at line 13: 


Check (logs\run_evaluation\vi_b_lf_rescore_reward_only\commscm-vi-b-reward_only\pallets__flask-5014\run_instance.log) for more information.
pylint-dev__pylint-4551: >>>>> Patch Apply Failed:
can't find file to patch at input line 3
Perhaps you used the wrong -p or --strip option?
The text leading up to this was:
--------------------------
|--- a/pyreverse.py
|+++ b/pyreverse.py
--------------------------
No file to patch.  Skipping patch.
1 out of 1 hunk ignored

Check (logs\run_evaluation\vi_b_lf_rescore_reward_only\commscm-vi-b-reward_only\pylint-dev__pylint-4551\run_instance.log) for more information.
sphinx-doc__sphinx-7440: >>>>> Patch Apply Failed:
patching file doc/glossary.rst
patch: **** malformed patch at line 11: @@@ SYNTAX_ERROR: def solve(  # missing closing paren and body


Check (logs\run_evaluation\vi_b_lf_rescore_reward_only\commscm-vi-b-reward_only\sphinx-doc__sphinx-7440\run_instance.log) for more information.
sympy__sympy-14248: >>>>> Patch Apply Failed:
patching file sympy/matrices/matrices.py
Hunk #1 FAILED at 1234.
1 out of 1 hunk FAILED -- saving rejects to file sympy/matrices/matrices.py.rej

Check (logs\run_evaluation\vi_b_lf_rescore_reward_only\commscm-vi-b-reward_only\sympy__sympy-14248\run_instance.log) for more information.
All instances run.
Cleaning cached images...
Removed 0 images.
Total instances: 8
Instances submitted: 8
Instances completed: 1
Instances incomplete: 0
Instances resolved: 0
Instances unresolved: 1
Instances with empty patches: 0
Instances with errors: 7
Unstopped containers: 0
Unremoved images: 8
Report written to commscm-vi-b-reward_only.vi_b_lf_rescore_reward_only.json
  [reward_only] harness rc=0 free_gb=43.6
  [random] evaluating 8/8 (free_gb=43.6)
C:\Users\BEST BUY COMPUTERS\AppData\Local\Programs\Python\Python314\Lib\site-packages\langchain_core\_api\deprecation.py:25: UserWarning: Core Pydantic V1 functionality isn't compatible with Python 3.14 or greater.
  from pydantic.v1.fields import FieldInfo as FieldInfoV1
C:\Users\BEST BUY COMPUTERS\AppData\Local\Programs\Python\Python314\Lib\site-packages\requests\__init__.py:113: RequestsDependencyWarning: urllib3 (2.6.2) or chardet (7.4.3)/charset_normalizer (3.4.4) doesn't match a supported version!
  warnings.warn(
C:\Users\BEST BUY COMPUTERS\AppData\Local\Programs\Python\Python314\Lib\site-packages\modal\_utils\async_utils.py:42: DeprecationWarning: 'asyncio.WindowsSelectorEventLoopPolicy' is deprecated and slated for removal in Python 3.16
  asyncio.set_event_loop_policy(asyncio.WindowsSelectorEventLoopPolicy())
C:\Users\BEST BUY COMPUTERS\AppData\Local\Programs\Python\Python314\Lib\site-packages\modal\_utils\async_utils.py:42: DeprecationWarning: 'asyncio.set_event_loop_policy' is deprecated and slated for removal in Python 3.16
  asyncio.set_event_loop_policy(asyncio.WindowsSelectorEventLoopPolicy())
<frozen runpy>:128: RuntimeWarning: 'swebench.harness.run_evaluation' found in sys.modules after import of package 'swebench.harness', but prior to execution of 'swebench.harness.run_evaluation'; this may result in unpredictable behaviour
2026-08-05 10:19:15,114 - httpx - INFO - HTTP Request: HEAD https://huggingface.co/datasets/princeton-nlp/SWE-bench_Verified/resolve/main/README.md "HTTP/1.1 307 Temporary Redirect"
2026-08-05 10:19:15,165 - httpx - INFO - HTTP Request: HEAD https://huggingface.co/api/resolve-cache/datasets/princeton-nlp/SWE-bench_Verified/c104f840cc67f8b6eec6f759ebc8b2693d585d4a/README.md "HTTP/1.1 200 OK"
2026-08-05 10:19:15,425 - httpx - INFO - HTTP Request: HEAD https://huggingface.co/datasets/princeton-nlp/SWE-bench_Verified/resolve/c104f840cc67f8b6eec6f759ebc8b2693d585d4a/SWE-bench_Verified.py "HTTP/1.1 404 Not Found"
2026-08-05 10:19:16,214 - httpx - INFO - HTTP Request: HEAD https://s3.amazonaws.com/datasets.huggingface.co/datasets/datasets/princeton-nlp/SWE-bench_Verified/princeton-nlp/SWE-bench_Verified.py "HTTP/1.1 404 Not Found"
2026-08-05 10:19:16,506 - httpx - INFO - HTTP Request: GET https://huggingface.co/api/datasets/princeton-nlp/SWE-bench_Verified/revision/c104f840cc67f8b6eec6f759ebc8b2693d585d4a "HTTP/1.1 200 OK"
2026-08-05 10:19:16,787 - httpx - INFO - HTTP Request: HEAD https://huggingface.co/datasets/princeton-nlp/SWE-bench_Verified/resolve/c104f840cc67f8b6eec6f759ebc8b2693d585d4a/.huggingface.yaml "HTTP/1.1 404 Not Found"
2026-08-05 10:19:17,271 - httpx - INFO - HTTP Request: GET https://datasets-server.huggingface.co/info?dataset=princeton-nlp/SWE-bench_Verified "HTTP/1.1 200 OK"
2026-08-05 10:19:17,550 - httpx - INFO - HTTP Request: GET https://huggingface.co/api/datasets/princeton-nlp/SWE-bench_Verified/tree/c104f840cc67f8b6eec6f759ebc8b2693d585d4a/data?recursive=true&expand=false "HTTP/1.1 200 OK"
2026-08-05 10:19:17,831 - httpx - INFO - HTTP Request: GET https://huggingface.co/api/datasets/princeton-nlp/SWE-bench_Verified/tree/c104f840cc67f8b6eec6f759ebc8b2693d585d4a?recursive=false&expand=false "HTTP/1.1 200 OK"
2026-08-05 10:19:18,114 - httpx - INFO - HTTP Request: HEAD https://huggingface.co/datasets/princeton-nlp/SWE-bench_Verified/resolve/c104f840cc67f8b6eec6f759ebc8b2693d585d4a/dataset_infos.json "HTTP/1.1 404 Not Found"
2026-08-05 10:19:19,137 - httpx - INFO - HTTP Request: HEAD https://huggingface.co/datasets/princeton-nlp/SWE-bench_Verified/resolve/main/README.md "HTTP/1.1 307 Temporary Redirect"
2026-08-05 10:19:19,181 - httpx - INFO - HTTP Request: HEAD https://huggingface.co/api/resolve-cache/datasets/princeton-nlp/SWE-bench_Verified/c104f840cc67f8b6eec6f759ebc8b2693d585d4a/README.md "HTTP/1.1 200 OK"
2026-08-05 10:19:19,447 - httpx - INFO - HTTP Request: HEAD https://huggingface.co/datasets/princeton-nlp/SWE-bench_Verified/resolve/c104f840cc67f8b6eec6f759ebc8b2693d585d4a/SWE-bench_Verified.py "HTTP/1.1 404 Not Found"
2026-08-05 10:19:19,677 - httpx - INFO - HTTP Request: HEAD https://s3.amazonaws.com/datasets.huggingface.co/datasets/datasets/princeton-nlp/SWE-bench_Verified/princeton-nlp/SWE-bench_Verified.py "HTTP/1.1 404 Not Found"
2026-08-05 10:19:19,951 - httpx - INFO - HTTP Request: HEAD https://huggingface.co/datasets/princeton-nlp/SWE-bench_Verified/resolve/c104f840cc67f8b6eec6f759ebc8b2693d585d4a/.huggingface.yaml "HTTP/1.1 404 Not Found"
2026-08-05 10:19:20,215 - httpx - INFO - HTTP Request: GET https://datasets-server.huggingface.co/info?dataset=princeton-nlp/SWE-bench_Verified "HTTP/1.1 200 OK"
2026-08-05 10:19:20,494 - httpx - INFO - HTTP Request: HEAD https://huggingface.co/datasets/princeton-nlp/SWE-bench_Verified/resolve/c104f840cc67f8b6eec6f759ebc8b2693d585d4a/dataset_infos.json "HTTP/1.1 404 Not Found"
Found 8 existing instance images. Will reuse them.
Running 8 instances...

Evaluation:   0%|          | 0/8 [00:00<?, ?it/s, error=0, \u2713=0, \u2716=0]
Evaluation:   0%|          | 0/8 [00:18<?, ?it/s, \u2713=0, \u2716=0, error=1]
Evaluation:  12%|#2        | 1/8 [00:18<02:06, 18.04s/it, \u2713=0, \u2716=0, error=1]
Evaluation:  12%|#2        | 1/8 [00:19<02:06, 18.04s/it, \u2713=0, \u2716=0, error=2]
Evaluation:  25%|##5       | 2/8 [00:19<00:48,  8.01s/it, \u2713=0, \u2716=0, error=2]
Evaluation:  25%|##5       | 2/8 [00:35<00:48,  8.01s/it, \u2713=0, \u2716=0, error=3]
Evaluation:  38%|###7      | 3/8 [00:35<00:58, 11.75s/it, \u2713=0, \u2716=0, error=3]
Evaluation:  38%|###7      | 3/8 [00:36<00:58, 11.75s/it, \u2713=0, \u2716=0, error=4]
Evaluation:  50%|#####     | 4/8 [00:36<00:30,  7.55s/it, \u2713=0, \u2716=0, error=4]
Evaluation:  50%|#####     | 4/8 [00:52<00:30,  7.55s/it, \u2713=0, \u2716=0, error=5]
Evaluation:  62%|######2   | 5/8 [00:52<00:31, 10.58s/it, \u2713=0, \u2716=0, error=5]
Evaluation:  62%|######2   | 5/8 [00:53<00:31, 10.58s/it, \u2713=0, \u2716=0, error=6]
Evaluation:  75%|#######5  | 6/8 [00:53<00:14,  7.37s/it, \u2713=0, \u2716=0, error=6]
Evaluation:  75%|#######5  | 6/8 [01:09<00:14,  7.37s/it, \u2713=0, \u2716=0, error=7]
Evaluation:  88%|########7 | 7/8 [01:09<00:10, 10.11s/it, \u2713=0, \u2716=0, error=7]
Evaluation:  88%|########7 | 7/8 [01:10<00:10, 10.11s/it, \u2713=0, \u2716=0, error=8]
Evaluation: 100%|##########| 8/8 [01:10<00:00,  7.26s/it, \u2713=0, \u2716=0, error=8]
Evaluation: 100%|##########| 8/8 [01:10<00:00,  8.79s/it, \u2713=0, \u2716=0, error=8]
django__django-15930: >>>>> Patch Apply Failed:
can't find file to patch at input line 3
Perhaps you used the wrong -p or --strip option?
The text leading up to this was:
--------------------------
|--- a/path/to/your/file.py
|+++ b/path/to/your/file.py
--------------------------
No file to patch.  Skipping patch.
1 out of 1 hunk ignored

Check (logs\run_evaluation\vi_b_lf_rescore_random\commscm-vi-b-random\django__django-15930\run_instance.log) for more information.
django__django-14631: >>>>> Patch Apply Failed:
patching file django/forms/forms.py
Hunk #1 FAILED at 1234.
Hunk #2 succeeded at 505 with fuzz 3 (offset -745 lines).
1 out of 2 hunks FAILED -- saving rejects to file django/forms/forms.py.rej

Check (logs\run_evaluation\vi_b_lf_rescore_random\commscm-vi-b-random\django__django-14631\run_instance.log) for more information.
django__django-7530: >>>>> Patch Apply Failed:
patch: **** Only garbage was found in the patch input.

Check (logs\run_evaluation\vi_b_lf_rescore_random\commscm-vi-b-random\django__django-7530\run_instance.log) for more information.
pallets__flask-5014: >>>>> Patch Apply Failed:
patch: **** Only garbage was found in the patch input.

Check (logs\run_evaluation\vi_b_lf_rescore_random\commscm-vi-b-random\pallets__flask-5014\run_instance.log) for more information.
pylint-dev__pylint-4551: >>>>> Patch Apply Failed:
can't find file to patch at input line 3
Perhaps you used the wrong -p or --strip option?
The text leading up to this was:
--------------------------
|--- a/pyreverse.py
|+++ b/pyreverse.py
--------------------------
No file to patch.  Skipping patch.
1 out of 1 hunk ignored

Check (logs\run_evaluation\vi_b_lf_rescore_random\commscm-vi-b-random\pylint-dev__pylint-4551\run_instance.log) for more information.
scikit-learn__scikit-learn-14629: >>>>> Patch Apply Failed:
patch: **** malformed patch at line 13:  

patching file sklearn/model_selection/_validation.py

Check (logs\run_evaluation\vi_b_lf_rescore_random\commscm-vi-b-random\scikit-learn__scikit-learn-14629\run_instance.log) for more information.
sphinx-doc__sphinx-7440: >>>>> Patch Apply Failed:
patching file doc/glossary.rst
Hunk #1 FAILED at 234.
1 out of 1 hunk FAILED -- saving rejects to file doc/glossary.rst.rej

Check (logs\run_evaluation\vi_b_lf_rescore_random\commscm-vi-b-random\sphinx-doc__sphinx-7440\run_instance.log) for more information.
sympy__sympy-14248: >>>>> Patch Apply Failed:
patching file sympy/matrices/matrices.py
Hunk #1 FAILED at 1234.
1 out of 1 hunk FAILED -- saving rejects to file sympy/matrices/matrices.py.rej

Check (logs\run_evaluation\vi_b_lf_rescore_random\commscm-vi-b-random\sympy__sympy-14248\run_instance.log) for more information.
All instances run.
Cleaning cached images...
Removed 0 images.
Total instances: 8
Instances submitted: 8
Instances completed: 0
Instances incomplete: 0
Instances resolved: 0
Instances unresolved: 0
Instances with empty patches: 0
Instances with errors: 8
Unstopped containers: 0
Unremoved images: 8
Report written to commscm-vi-b-random.vi_b_lf_rescore_random.json
  [random] harness rc=0 free_gb=43.4
  [static_heuristic] evaluating 8/8 (free_gb=43.4)
C:\Users\BEST BUY COMPUTERS\AppData\Local\Programs\Python\Python314\Lib\site-packages\langchain_core\_api\deprecation.py:25: UserWarning: Core Pydantic V1 functionality isn't compatible with Python 3.14 or greater.
  from pydantic.v1.fields import FieldInfo as FieldInfoV1
C:\Users\BEST BUY COMPUTERS\AppData\Local\Programs\Python\Python314\Lib\site-packages\requests\__init__.py:113: RequestsDependencyWarning: urllib3 (2.6.2) or chardet (7.4.3)/charset_normalizer (3.4.4) doesn't match a supported version!
  warnings.warn(
C:\Users\BEST BUY COMPUTERS\AppData\Local\Programs\Python\Python314\Lib\site-packages\modal\_utils\async_utils.py:42: DeprecationWarning: 'asyncio.WindowsSelectorEventLoopPolicy' is deprecated and slated for removal in Python 3.16
  asyncio.set_event_loop_policy(asyncio.WindowsSelectorEventLoopPolicy())
C:\Users\BEST BUY COMPUTERS\AppData\Local\Programs\Python\Python314\Lib\site-packages\modal\_utils\async_utils.py:42: DeprecationWarning: 'asyncio.set_event_loop_policy' is deprecated and slated for removal in Python 3.16
  asyncio.set_event_loop_policy(asyncio.WindowsSelectorEventLoopPolicy())
<frozen runpy>:128: RuntimeWarning: 'swebench.harness.run_evaluation' found in sys.modules after import of package 'swebench.harness', but prior to execution of 'swebench.harness.run_evaluation'; this may result in unpredictable behaviour
2026-08-05 10:20:47,547 - httpx - INFO - HTTP Request: HEAD https://huggingface.co/datasets/princeton-nlp/SWE-bench_Verified/resolve/main/README.md "HTTP/1.1 307 Temporary Redirect"
2026-08-05 10:20:47,606 - httpx - INFO - HTTP Request: HEAD https://huggingface.co/api/resolve-cache/datasets/princeton-nlp/SWE-bench_Verified/c104f840cc67f8b6eec6f759ebc8b2693d585d4a/README.md "HTTP/1.1 200 OK"
2026-08-05 10:20:47,892 - httpx - INFO - HTTP Request: HEAD https://huggingface.co/datasets/princeton-nlp/SWE-bench_Verified/resolve/c104f840cc67f8b6eec6f759ebc8b2693d585d4a/SWE-bench_Verified.py "HTTP/1.1 404 Not Found"
2026-08-05 10:20:48,666 - httpx - INFO - HTTP Request: HEAD https://s3.amazonaws.com/datasets.huggingface.co/datasets/datasets/princeton-nlp/SWE-bench_Verified/princeton-nlp/SWE-bench_Verified.py "HTTP/1.1 404 Not Found"
2026-08-05 10:20:48,953 - httpx - INFO - HTTP Request: GET https://huggingface.co/api/datasets/princeton-nlp/SWE-bench_Verified/revision/c104f840cc67f8b6eec6f759ebc8b2693d585d4a "HTTP/1.1 200 OK"
2026-08-05 10:20:49,233 - httpx - INFO - HTTP Request: HEAD https://huggingface.co/datasets/princeton-nlp/SWE-bench_Verified/resolve/c104f840cc67f8b6eec6f759ebc8b2693d585d4a/.huggingface.yaml "HTTP/1.1 404 Not Found"
2026-08-05 10:20:49,657 - httpx - INFO - HTTP Request: GET https://datasets-server.huggingface.co/info?dataset=princeton-nlp/SWE-bench_Verified "HTTP/1.1 200 OK"
2026-08-05 10:20:49,959 - httpx - INFO - HTTP Request: GET https://huggingface.co/api/datasets/princeton-nlp/SWE-bench_Verified/tree/c104f840cc67f8b6eec6f759ebc8b2693d585d4a/data?recursive=true&expand=false "HTTP/1.1 200 OK"
2026-08-05 10:20:50,244 - httpx - INFO - HTTP Request: GET https://huggingface.co/api/datasets/princeton-nlp/SWE-bench_Verified/tree/c104f840cc67f8b6eec6f759ebc8b2693d585d4a?recursive=false&expand=false "HTTP/1.1 200 OK"
2026-08-05 10:20:50,532 - httpx - INFO - HTTP Request: HEAD https://huggingface.co/datasets/princeton-nlp/SWE-bench_Verified/resolve/c104f840cc67f8b6eec6f759ebc8b2693d585d4a/dataset_infos.json "HTTP/1.1 404 Not Found"
2026-08-05 10:20:51,178 - httpx - INFO - HTTP Request: HEAD https://huggingface.co/datasets/princeton-nlp/SWE-bench_Verified/resolve/main/README.md "HTTP/1.1 307 Temporary Redirect"
2026-08-05 10:20:51,238 - httpx - INFO - HTTP Request: HEAD https://huggingface.co/api/resolve-cache/datasets/princeton-nlp/SWE-bench_Verified/c104f840cc67f8b6eec6f759ebc8b2693d585d4a/README.md "HTTP/1.1 200 OK"
2026-08-05 10:20:51,527 - httpx - INFO - HTTP Request: HEAD https://huggingface.co/datasets/princeton-nlp/SWE-bench_Verified/resolve/c104f840cc67f8b6eec6f759ebc8b2693d585d4a/SWE-bench_Verified.py "HTTP/1.1 404 Not Found"
2026-08-05 10:20:51,772 - httpx - INFO - HTTP Request: HEAD https://s3.amazonaws.com/datasets.huggingface.co/datasets/datasets/princeton-nlp/SWE-bench_Verified/princeton-nlp/SWE-bench_Verified.py "HTTP/1.1 404 Not Found"
2026-08-05 10:20:52,065 - httpx - INFO - HTTP Request: HEAD https://huggingface.co/datasets/princeton-nlp/SWE-bench_Verified/resolve/c104f840cc67f8b6eec6f759ebc8b2693d585d4a/.huggingface.yaml "HTTP/1.1 404 Not Found"
2026-08-05 10:20:52,341 - httpx - INFO - HTTP Request: GET https://datasets-server.huggingface.co/info?dataset=princeton-nlp/SWE-bench_Verified "HTTP/1.1 200 OK"
2026-08-05 10:20:52,631 - httpx - INFO - HTTP Request: HEAD https://huggingface.co/datasets/princeton-nlp/SWE-bench_Verified/resolve/c104f840cc67f8b6eec6f759ebc8b2693d585d4a/dataset_infos.json "HTTP/1.1 404 Not Found"
Found 8 existing instance images. Will reuse them.
Running 8 instances...

Evaluation:   0%|          | 0/8 [00:00<?, ?it/s, error=0, \u2713=0, \u2716=0]
Evaluation:   0%|          | 0/8 [00:17<?, ?it/s, \u2713=0, \u2716=0, error=1]
Evaluation:  12%|#2        | 1/8 [00:17<02:02, 17.45s/it, \u2713=0, \u2716=0, error=1]
Evaluation:  12%|#2        | 1/8 [00:17<02:02, 17.45s/it, \u2713=0, \u2716=0, error=2]
Evaluation:  25%|##5       | 2/8 [00:17<00:43,  7.26s/it, \u2713=0, \u2716=0, error=2]
Evaluation:  25%|##5       | 2/8 [00:35<00:43,  7.26s/it, \u2713=0, \u2716=0, error=3]
Evaluation:  38%|###7      | 3/8 [00:35<01:01, 12.29s/it, \u2713=0, \u2716=0, error=3]
Evaluation:  38%|###7      | 3/8 [00:35<01:01, 12.29s/it, \u2713=0, \u2716=0, error=4]
Evaluation:  50%|#####     | 4/8 [00:35<00:29,  7.49s/it, \u2713=0, \u2716=0, error=4]
Evaluation:  50%|#####     | 4/8 [00:53<00:29,  7.49s/it, \u2713=0, \u2716=0, error=5]
Evaluation:  62%|######2   | 5/8 [00:53<00:33, 11.26s/it, \u2713=0, \u2716=0, error=5]
Evaluation:  62%|######2   | 5/8 [01:11<00:33, 11.26s/it, \u2713=0, \u2716=0, error=6]
Evaluation:  75%|#######5  | 6/8 [01:11<00:26, 13.35s/it, \u2713=0, \u2716=0, error=6]
Evaluation:  75%|#######5  | 6/8 [01:30<00:26, 13.35s/it, \u2713=0, \u2716=0, error=7]
Evaluation:  88%|########7 | 7/8 [01:30<00:15, 15.26s/it, \u2713=0, \u2716=0, error=7]
Evaluation:  88%|########7 | 7/8 [01:34<00:15, 15.26s/it, \u2713=0, \u2716=1, error=7]
Evaluation: 100%|##########| 8/8 [01:34<00:00, 11.83s/it, \u2713=0, \u2716=1, error=7]
Evaluation: 100%|##########| 8/8 [01:34<00:00, 11.87s/it, \u2713=0, \u2716=1, error=7]
django__django-15930: >>>>> Patch Apply Failed:
can't find file to patch at input line 3
Perhaps you used the wrong -p or --strip option?
The text leading up to this was:
--------------------------
|--- a/path/to/your/file.py
|+++ b/path/to/your/file.py
--------------------------
No file to patch.  Skipping patch.
1 out of 1 hunk ignored

Check (logs\run_evaluation\vi_b_lf_rescore_static_heuristic\commscm-vi-b-static_heuristic\django__django-15930\run_instance.log) for more information.
django__django-14631: >>>>> Patch Apply Failed:
patching file django/forms/forms.py
Hunk #1 FAILED at 1234.
Hunk #2 FAILED at 1245.
2 out of 2 hunks FAILED -- saving rejects to file django/forms/forms.py.rej

Check (logs\run_evaluation\vi_b_lf_rescore_static_heuristic\commscm-vi-b-static_heuristic\django__django-14631\run_instance.log) for more information.
django__django-7530: >>>>> Patch Apply Failed:
patching file django/db/migrations/loader.py
Hunk #1 FAILED at 123.
1 out of 1 hunk FAILED -- saving rejects to file django/db/migrations/loader.py.rej

Check (logs\run_evaluation\vi_b_lf_rescore_static_heuristic\commscm-vi-b-static_heuristic\django__django-7530\run_instance.log) for more information.
pallets__flask-5014: >>>>> Patch Apply Failed:
can't find file to patch at input line 3
Perhaps you used the wrong -p or --strip option?
The text leading up to this was:
--------------------------
|--- a/flask/blueprints.py
|+++ b/flask/blueprints.py
--------------------------
No file to patch.  Skipping patch.
1 out of 1 hunk ignored

Check (logs\run_evaluation\vi_b_lf_rescore_static_heuristic\commscm-vi-b-static_heuristic\pallets__flask-5014\run_instance.log) for more information.
pylint-dev__pylint-4551: >>>>> Patch Apply Failed:
can't find file to patch at input line 3
Perhaps you used the wrong -p or --strip option?
The text leading up to this was:
--------------------------
|--- a/pyreverse.py
|+++ b/pyreverse.py
--------------------------
No file to patch.  Skipping patch.
patch: **** malformed patch at line 11: @@ -130,6 +131


Check (logs\run_evaluation\vi_b_lf_rescore_static_heuristic\commscm-vi-b-static_heuristic\pylint-dev__pylint-4551\run_instance.log) for more information.
sphinx-doc__sphinx-7440: >>>>> Patch Apply Failed:
patching file doc/glossary.rst
Hunk #1 FAILED at 234.
1 out of 1 hunk FAILED -- saving rejects to file doc/glossary.rst.rej

Check (logs\run_evaluation\vi_b_lf_rescore_static_heuristic\commscm-vi-b-static_heuristic\sphinx-doc__sphinx-7440\run_instance.log) for more information.
sympy__sympy-14248: >>>>> Patch Apply Failed:
patching file sympy/matrices/matrices.py
Hunk #1 FAILED at 1234.
1 out of 1 hunk FAILED -- saving rejects to file sympy/matrices/matrices.py.rej

Check (logs\run_evaluation\vi_b_lf_rescore_static_heuristic\commscm-vi-b-static_heuristic\sympy__sympy-14248\run_instance.log) for more information.
All instances run.
Cleaning cached images...
Removed 0 images.
Total instances: 8
Instances submitted: 8
Instances completed: 1
Instances incomplete: 0
Instances resolved: 0
Instances unresolved: 1
Instances with empty patches: 0
Instances with errors: 7
Unstopped containers: 0
Unremoved images: 8
Report written to commscm-vi-b-static_heuristic.vi_b_lf_rescore_static_heuristic.json
  [static_heuristic] harness rc=0 free_gb=43.4
[disk] before prune free_gb=43.4
[disk] removed 8 sweb.eval images; free_gb=43.4
BATCH 3 done; gold_partial={'resolve_at_1_mean': 0.8333333333333334, 'counts': {'resolved': 20, 'unresolved': 0, 'error': 4, 'missing': 76, 'scored': 24}}

=== BATCH 4/13 ids=astropy__astropy-14096..django__django-14608 (8) ===
[prepull] pulling swebench/sweb.eval.x86_64.astropy_1776_astropy-14096:latest (free_gb=43.4)...
[prepull] ok swebench/sweb.eval.x86_64.astropy_1776_astropy-14096:latest in 602.8s
[prepull] pulling swebench/sweb.eval.x86_64.sympy_1776_sympy-17655:latest (free_gb=43.4)...
[prepull] ok swebench/sweb.eval.x86_64.sympy_1776_sympy-17655:latest in 242.0s
[prepull] pulling swebench/sweb.eval.x86_64.django_1776_django-17084:latest (free_gb=43.4)...
[prepull] ok swebench/sweb.eval.x86_64.django_1776_django-17084:latest in 310.4s
[prepull] pulling swebench/sweb.eval.x86_64.django_1776_django-16485:latest (free_gb=43.4)...
[prepull] ok swebench/sweb.eval.x86_64.django_1776_django-16485:latest in 305.8s
[prepull] pulling swebench/sweb.eval.x86_64.django_1776_django-16901:latest (free_gb=43.4)...
[prepull] ok swebench/sweb.eval.x86_64.django_1776_django-16901:latest in 61.6s
[prepull] pulling swebench/sweb.eval.x86_64.django_1776_django-15957:latest (free_gb=43.4)...
[prepull] ok swebench/sweb.eval.x86_64.django_1776_django-15957:latest in 294.4s
[prepull] pulling swebench/sweb.eval.x86_64.django_1776_django-13809:latest (free_gb=43.4)...
[prepull] ok swebench/sweb.eval.x86_64.django_1776_django-13809:latest in 332.6s
[prepull] pulling swebench/sweb.eval.x86_64.django_1776_django-14608:latest (free_gb=43.4)...
[prepull] ok swebench/sweb.eval.x86_64.django_1776_django-14608:latest in 55.6s
  [oracle_gold] evaluating 8/8 (free_gb=43.4)
C:\Users\BEST BUY COMPUTERS\AppData\Local\Programs\Python\Python314\Lib\site-packages\langchain_core\_api\deprecation.py:25: UserWarning: Core Pydantic V1 functionality isn't compatible with Python 3.14 or greater.
  from pydantic.v1.fields import FieldInfo as FieldInfoV1
C:\Users\BEST BUY COMPUTERS\AppData\Local\Programs\Python\Python314\Lib\site-packages\requests\__init__.py:113: RequestsDependencyWarning: urllib3 (2.6.2) or chardet (7.4.3)/charset_normalizer (3.4.4) doesn't match a supported version!
  warnings.warn(
C:\Users\BEST BUY COMPUTERS\AppData\Local\Programs\Python\Python314\Lib\site-packages\modal\_utils\async_utils.py:42: DeprecationWarning: 'asyncio.WindowsSelectorEventLoopPolicy' is deprecated and slated for removal in Python 3.16
  asyncio.set_event_loop_policy(asyncio.WindowsSelectorEventLoopPolicy())
C:\Users\BEST BUY COMPUTERS\AppData\Local\Programs\Python\Python314\Lib\site-packages\modal\_utils\async_utils.py:42: DeprecationWarning: 'asyncio.set_event_loop_policy' is deprecated and slated for removal in Python 3.16
  asyncio.set_event_loop_policy(asyncio.WindowsSelectorEventLoopPolicy())
<frozen runpy>:128: RuntimeWarning: 'swebench.harness.run_evaluation' found in sys.modules after import of package 'swebench.harness', but prior to execution of 'swebench.harness.run_evaluation'; this may result in unpredictable behaviour
2026-08-05 10:59:42,968 - httpx - INFO - HTTP Request: HEAD https://huggingface.co/datasets/princeton-nlp/SWE-bench_Verified/resolve/main/README.md "HTTP/1.1 307 Temporary Redirect"
2026-08-05 10:59:43,038 - httpx - INFO - HTTP Request: HEAD https://huggingface.co/api/resolve-cache/datasets/princeton-nlp/SWE-bench_Verified/c104f840cc67f8b6eec6f759ebc8b2693d585d4a/README.md "HTTP/1.1 200 OK"
2026-08-05 10:59:43,335 - httpx - INFO - HTTP Request: HEAD https://huggingface.co/datasets/princeton-nlp/SWE-bench_Verified/resolve/c104f840cc67f8b6eec6f759ebc8b2693d585d4a/SWE-bench_Verified.py "HTTP/1.1 404 Not Found"
2026-08-05 10:59:44,055 - httpx - INFO - HTTP Request: HEAD https://s3.amazonaws.com/datasets.huggingface.co/datasets/datasets/princeton-nlp/SWE-bench_Verified/princeton-nlp/SWE-bench_Verified.py "HTTP/1.1 404 Not Found"
2026-08-05 10:59:44,527 - httpx - INFO - HTTP Request: GET https://huggingface.co/api/datasets/princeton-nlp/SWE-bench_Verified/revision/c104f840cc67f8b6eec6f759ebc8b2693d585d4a "HTTP/1.1 200 OK"
2026-08-05 10:59:44,814 - httpx - INFO - HTTP Request: HEAD https://huggingface.co/datasets/princeton-nlp/SWE-bench_Verified/resolve/c104f840cc67f8b6eec6f759ebc8b2693d585d4a/.huggingface.yaml "HTTP/1.1 404 Not Found"
2026-08-05 10:59:45,452 - httpx - INFO - HTTP Request: GET https://datasets-server.huggingface.co/info?dataset=princeton-nlp/SWE-bench_Verified "HTTP/1.1 200 OK"
2026-08-05 10:59:45,753 - httpx - INFO - HTTP Request: GET https://huggingface.co/api/datasets/princeton-nlp/SWE-bench_Verified/tree/c104f840cc67f8b6eec6f759ebc8b2693d585d4a/data?recursive=true&expand=false "HTTP/1.1 200 OK"
2026-08-05 10:59:46,056 - httpx - INFO - HTTP Request: GET https://huggingface.co/api/datasets/princeton-nlp/SWE-bench_Verified/tree/c104f840cc67f8b6eec6f759ebc8b2693d585d4a?recursive=false&expand=false "HTTP/1.1 200 OK"
2026-08-05 10:59:46,350 - httpx - INFO - HTTP Request: HEAD https://huggingface.co/datasets/princeton-nlp/SWE-bench_Verified/resolve/c104f840cc67f8b6eec6f759ebc8b2693d585d4a/dataset_infos.json "HTTP/1.1 404 Not Found"
2026-08-05 10:59:47,092 - httpx - INFO - HTTP Request: HEAD https://huggingface.co/datasets/princeton-nlp/SWE-bench_Verified/resolve/main/README.md "HTTP/1.1 307 Temporary Redirect"
2026-08-05 10:59:47,155 - httpx - INFO - HTTP Request: HEAD https://huggingface.co/api/resolve-cache/datasets/princeton-nlp/SWE-bench_Verified/c104f840cc67f8b6eec6f759ebc8b2693d585d4a/README.md "HTTP/1.1 200 OK"
2026-08-05 10:59:47,449 - httpx - INFO - HTTP Request: HEAD https://huggingface.co/datasets/princeton-nlp/SWE-bench_Verified/resolve/c104f840cc67f8b6eec6f759ebc8b2693d585d4a/SWE-bench_Verified.py "HTTP/1.1 404 Not Found"
2026-08-05 10:59:47,670 - httpx - INFO - HTTP Request: HEAD https://s3.amazonaws.com/datasets.huggingface.co/datasets/datasets/princeton-nlp/SWE-bench_Verified/princeton-nlp/SWE-bench_Verified.py "HTTP/1.1 404 Not Found"
2026-08-05 10:59:47,958 - httpx - INFO - HTTP Request: HEAD https://huggingface.co/datasets/princeton-nlp/SWE-bench_Verified/resolve/c104f840cc67f8b6eec6f759ebc8b2693d585d4a/.huggingface.yaml "HTTP/1.1 404 Not Found"
2026-08-05 10:59:48,231 - httpx - INFO - HTTP Request: GET https://datasets-server.huggingface.co/info?dataset=princeton-nlp/SWE-bench_Verified "HTTP/1.1 200 OK"
2026-08-05 10:59:48,517 - httpx - INFO - HTTP Request: HEAD https://huggingface.co/datasets/princeton-nlp/SWE-bench_Verified/resolve/c104f840cc67f8b6eec6f759ebc8b2693d585d4a/dataset_infos.json "HTTP/1.1 404 Not Found"
Found 8 existing instance images. Will reuse them.
Running 8 instances...

Evaluation:   0%|          | 0/8 [00:00<?, ?it/s, error=0, \u2713=0, \u2716=0]
Evaluation:   0%|          | 0/8 [03:03<?, ?it/s, \u2713=1, \u2716=0, error=0]
Evaluation:  12%|#2        | 1/8 [03:03<21:23, 183.41s/it, \u2713=1, \u2716=0, error=0]
Evaluation:  12%|#2        | 1/8 [05:13<21:23, 183.41s/it, \u2713=2, \u2716=0, error=0]
Evaluation:  25%|##5       | 2/8 [05:13<15:13, 152.17s/it, \u2713=2, \u2716=0, error=0]
Evaluation:  25%|##5       | 2/8 [05:59<15:13, 152.17s/it, \u2713=3, \u2716=0, error=0]
Evaluation:  38%|###7      | 3/8 [05:59<08:37, 103.50s/it, \u2713=3, \u2716=0, error=0]
Evaluation:  38%|###7      | 3/8 [06:03<08:37, 103.50s/it, \u2713=4, \u2716=0, error=0]
Evaluation:  50%|#####     | 4/8 [06:03<04:16, 64.20s/it, \u2713=4, \u2716=0, error=0] 
Evaluation:  50%|#####     | 4/8 [06:47<04:16, 64.20s/it, \u2713=5, \u2716=0, error=0]
Evaluation:  62%|######2   | 5/8 [06:47<02:51, 57.09s/it, \u2713=5, \u2716=0, error=0]
Evaluation:  62%|######2   | 5/8 [08:17<02:51, 57.09s/it, \u2713=6, \u2716=0, error=0]
Evaluation:  75%|#######5  | 6/8 [08:17<02:16, 68.05s/it, \u2713=6, \u2716=0, error=0]
Evaluation:  75%|#######5  | 6/8 [09:54<02:16, 68.05s/it, \u2713=7, \u2716=0, error=0]
Evaluation:  88%|########7 | 7/8 [09:54<01:17, 77.64s/it, \u2713=7, \u2716=0, error=0]
Evaluation:  88%|########7 | 7/8 [12:08<01:17, 77.64s/it, \u2713=8, \u2716=0, error=0]
Evaluation: 100%|##########| 8/8 [12:08<00:00, 95.49s/it, \u2713=8, \u2716=0, error=0]
Evaluation: 100%|##########| 8/8 [12:08<00:00, 91.02s/it, \u2713=8, \u2716=0, error=0]
All instances run.
Cleaning cached images...
Removed 0 images.
Total instances: 8
Instances submitted: 8
Instances completed: 8
Instances incomplete: 0
Instances resolved: 8
Instances unresolved: 0
Instances with empty patches: 0
Instances with errors: 0
Unstopped containers: 0
Unremoved images: 8
Report written to commscm-oracle-gold.oracle_gold_full_n100_lf.json
  [oracle_gold] harness rc=0 free_gb=43.3
  [cr_guided] evaluating 8/8 (free_gb=43.3)
C:\Users\BEST BUY COMPUTERS\AppData\Local\Programs\Python\Python314\Lib\site-packages\langchain_core\_api\deprecation.py:25: UserWarning: Core Pydantic V1 functionality isn't compatible with Python 3.14 or greater.
  from pydantic.v1.fields import FieldInfo as FieldInfoV1
C:\Users\BEST BUY COMPUTERS\AppData\Local\Programs\Python\Python314\Lib\site-packages\requests\__init__.py:113: RequestsDependencyWarning: urllib3 (2.6.2) or chardet (7.4.3)/charset_normalizer (3.4.4) doesn't match a supported version!
  warnings.warn(
C:\Users\BEST BUY COMPUTERS\AppData\Local\Programs\Python\Python314\Lib\site-packages\modal\_utils\async_utils.py:42: DeprecationWarning: 'asyncio.WindowsSelectorEventLoopPolicy' is deprecated and slated for removal in Python 3.16
  asyncio.set_event_loop_policy(asyncio.WindowsSelectorEventLoopPolicy())
C:\Users\BEST BUY COMPUTERS\AppData\Local\Programs\Python\Python314\Lib\site-packages\modal\_utils\async_utils.py:42: DeprecationWarning: 'asyncio.set_event_loop_policy' is deprecated and slated for removal in Python 3.16
  asyncio.set_event_loop_policy(asyncio.WindowsSelectorEventLoopPolicy())
<frozen runpy>:128: RuntimeWarning: 'swebench.harness.run_evaluation' found in sys.modules after import of package 'swebench.harness', but prior to execution of 'swebench.harness.run_evaluation'; this may result in unpredictable behaviour
2026-08-05 11:12:23,392 - httpx - INFO - HTTP Request: HEAD https://huggingface.co/datasets/princeton-nlp/SWE-bench_Verified/resolve/main/README.md "HTTP/1.1 307 Temporary Redirect"
2026-08-05 11:12:23,457 - httpx - INFO - HTTP Request: HEAD https://huggingface.co/api/resolve-cache/datasets/princeton-nlp/SWE-bench_Verified/c104f840cc67f8b6eec6f759ebc8b2693d585d4a/README.md "HTTP/1.1 200 OK"
2026-08-05 11:12:23,798 - httpx - INFO - HTTP Request: HEAD https://huggingface.co/datasets/princeton-nlp/SWE-bench_Verified/resolve/c104f840cc67f8b6eec6f759ebc8b2693d585d4a/SWE-bench_Verified.py "HTTP/1.1 404 Not Found"
2026-08-05 11:12:24,555 - httpx - INFO - HTTP Request: HEAD https://s3.amazonaws.com/datasets.huggingface.co/datasets/datasets/princeton-nlp/SWE-bench_Verified/princeton-nlp/SWE-bench_Verified.py "HTTP/1.1 404 Not Found"
2026-08-05 11:12:25,027 - httpx - INFO - HTTP Request: GET https://huggingface.co/api/datasets/princeton-nlp/SWE-bench_Verified/revision/c104f840cc67f8b6eec6f759ebc8b2693d585d4a "HTTP/1.1 200 OK"
2026-08-05 11:12:25,315 - httpx - INFO - HTTP Request: HEAD https://huggingface.co/datasets/princeton-nlp/SWE-bench_Verified/resolve/c104f840cc67f8b6eec6f759ebc8b2693d585d4a/.huggingface.yaml "HTTP/1.1 404 Not Found"
2026-08-05 11:12:25,846 - httpx - INFO - HTTP Request: GET https://datasets-server.huggingface.co/info?dataset=princeton-nlp/SWE-bench_Verified "HTTP/1.1 200 OK"
2026-08-05 11:12:26,257 - httpx - INFO - HTTP Request: GET https://huggingface.co/api/datasets/princeton-nlp/SWE-bench_Verified/tree/c104f840cc67f8b6eec6f759ebc8b2693d585d4a/data?recursive=true&expand=false "HTTP/1.1 200 OK"
2026-08-05 11:12:26,545 - httpx - INFO - HTTP Request: GET https://huggingface.co/api/datasets/princeton-nlp/SWE-bench_Verified/tree/c104f840cc67f8b6eec6f759ebc8b2693d585d4a?recursive=false&expand=false "HTTP/1.1 200 OK"
2026-08-05 11:12:26,870 - httpx - INFO - HTTP Request: HEAD https://huggingface.co/datasets/princeton-nlp/SWE-bench_Verified/resolve/c104f840cc67f8b6eec6f759ebc8b2693d585d4a/dataset_infos.json "HTTP/1.1 404 Not Found"
2026-08-05 11:12:28,195 - httpx - INFO - HTTP Request: HEAD https://huggingface.co/datasets/princeton-nlp/SWE-bench_Verified/resolve/main/README.md "HTTP/1.1 307 Temporary Redirect"
2026-08-05 11:12:28,262 - httpx - INFO - HTTP Request: HEAD https://huggingface.co/api/resolve-cache/datasets/princeton-nlp/SWE-bench_Verified/c104f840cc67f8b6eec6f759ebc8b2693d585d4a/README.md "HTTP/1.1 200 OK"
2026-08-05 11:12:28,556 - httpx - INFO - HTTP Request: HEAD https://huggingface.co/datasets/princeton-nlp/SWE-bench_Verified/resolve/c104f840cc67f8b6eec6f759ebc8b2693d585d4a/SWE-bench_Verified.py "HTTP/1.1 404 Not Found"
2026-08-05 11:12:28,814 - httpx - INFO - HTTP Request: HEAD https://s3.amazonaws.com/datasets.huggingface.co/datasets/datasets/princeton-nlp/SWE-bench_Verified/princeton-nlp/SWE-bench_Verified.py "HTTP/1.1 404 Not Found"
2026-08-05 11:12:29,119 - httpx - INFO - HTTP Request: HEAD https://huggingface.co/datasets/princeton-nlp/SWE-bench_Verified/resolve/c104f840cc67f8b6eec6f759ebc8b2693d585d4a/.huggingface.yaml "HTTP/1.1 404 Not Found"
2026-08-05 11:12:29,399 - httpx - INFO - HTTP Request: GET https://datasets-server.huggingface.co/info?dataset=princeton-nlp/SWE-bench_Verified "HTTP/1.1 200 OK"
2026-08-05 11:12:29,712 - httpx - INFO - HTTP Request: HEAD https://huggingface.co/datasets/princeton-nlp/SWE-bench_Verified/resolve/c104f840cc67f8b6eec6f759ebc8b2693d585d4a/dataset_infos.json "HTTP/1.1 404 Not Found"
Found 8 existing instance images. Will reuse them.
Running 8 instances...

Evaluation:   0%|          | 0/8 [00:00<?, ?it/s, error=0, \u2713=0, \u2716=0]
Evaluation:   0%|          | 0/8 [00:18<?, ?it/s, \u2713=0, \u2716=0, error=1]
Evaluation:  12%|#2        | 1/8 [00:18<02:07, 18.21s/it, \u2713=0, \u2716=0, error=1]
Evaluation:  12%|#2        | 1/8 [00:18<02:07, 18.21s/it, \u2713=0, \u2716=0, error=2]
Evaluation:  25%|##5       | 2/8 [00:18<00:45,  7.60s/it, \u2713=0, \u2716=0, error=2]
Evaluation:  25%|##5       | 2/8 [00:36<00:45,  7.60s/it, \u2713=0, \u2716=0, error=3]
Evaluation:  38%|###7      | 3/8 [00:36<01:01, 12.32s/it, \u2713=0, \u2716=0, error=3]
Evaluation:  38%|###7      | 3/8 [00:55<01:01, 12.32s/it, \u2713=0, \u2716=0, error=4]
Evaluation:  50%|#####     | 4/8 [00:55<01:00, 15.07s/it, \u2713=0, \u2716=0, error=4]
Evaluation:  50%|#####     | 4/8 [01:03<01:00, 15.07s/it, \u2713=0, \u2716=1, error=4]
Evaluation:  62%|######2   | 5/8 [01:03<00:37, 12.46s/it, \u2713=0, \u2716=1, error=4]
Evaluation:  62%|######2   | 5/8 [01:13<00:37, 12.46s/it, \u2713=0, \u2716=1, error=5]
Evaluation:  75%|#######5  | 6/8 [01:13<00:23, 11.77s/it, \u2713=0, \u2716=1, error=5]
Evaluation:  75%|#######5  | 6/8 [01:22<00:23, 11.77s/it, \u2713=0, \u2716=1, error=6]
Evaluation:  88%|########7 | 7/8 [01:22<00:10, 10.86s/it, \u2713=0, \u2716=1, error=6]
Evaluation:  88%|########7 | 7/8 [01:31<00:10, 10.86s/it, \u2713=0, \u2716=1, error=7]
Evaluation: 100%|##########| 8/8 [01:31<00:00, 10.22s/it, \u2713=0, \u2716=1, error=7]
Evaluation: 100%|##########| 8/8 [01:31<00:00, 11.46s/it, \u2713=0, \u2716=1, error=7]
astropy__astropy-14096: >>>>> Patch Apply Failed:
patch: **** malformed patch at line 10: -        return self.random_attr

can't find file to patch at input line 3
Perhaps you used the wrong -p or --strip option?
The text leading up to this was:
--------------------------
|--- a/original.py
|+++ b/modified.py
--------------------------
No file to patch.  Skipping patch.

Check (logs\run_evaluation\vi_b_lf_rescore_cr_guided\commscm-vi-b-cr_guided\astropy__astropy-14096\run_instance.log) for more information.
django__django-13809: >>>>> Patch Apply Failed:
can't find file to patch at input line 3
Perhaps you used the wrong -p or --strip option?
The text leading up to this was:
--------------------------
|--- a/fix.py
|+++ b/fix.py
--------------------------
No file to patch.  Skipping patch.
patch: **** malformed patch at line 10: +    # Start the server logic here...


Check (logs\run_evaluation\vi_b_lf_rescore_cr_guided\commscm-vi-b-cr_guided\django__django-13809\run_instance.log) for more information.
django__django-15957: >>>>> Patch Apply Failed:
patching file django/db/models/query.py
Hunk #1 FAILED at 1234.
1 out of 1 hunk FAILED -- saving rejects to file django/db/models/query.py.rej

Check (logs\run_evaluation\vi_b_lf_rescore_cr_guided\commscm-vi-b-cr_guided\django__django-15957\run_instance.log) for more information.
django__django-16485: >>>>> Patch Apply Failed:
patch: **** malformed patch at line 10: +    return 'ok'

can't find file to patch at input line 3
Perhaps you used the wrong -p or --strip option?
The text leading up to this was:
--------------------------
|--- a/fix.py
|+++ b/fix.py
--------------------------
No file to patch.  Skipping patch.

Check (logs\run_evaluation\vi_b_lf_rescore_cr_guided\commscm-vi-b-cr_guided\django__django-16485\run_instance.log) for more information.
django__django-16901: >>>>> Patch Apply Failed:
can't find file to patch at input line 3
Perhaps you used the wrong -p or --strip option?
The text leading up to this was:
--------------------------
|--- a/django/db/models/q.py
|+++ b/django/db/models/q.py
--------------------------
No file to patch.  Skipping patch.
1 out of 1 hunk ignored

Check (logs\run_evaluation\vi_b_lf_rescore_cr_guided\commscm-vi-b-cr_guided\django__django-16901\run_instance.log) for more information.
django__django-17084: >>>>> Patch Apply Failed:
can't find file to patch at input line 3
Perhaps you used the wrong -p or --strip option?
The text leading up to this was:
--------------------------
|--- a/original.py
|+++ b/fixed.py
--------------------------
No file to patch.  Skipping patch.
patch: **** malformed patch at line 10: -)


Check (logs\run_evaluation\vi_b_lf_rescore_cr_guided\commscm-vi-b-cr_guided\django__django-17084\run_instance.log) for more information.
sympy__sympy-17655: >>>>> Patch Apply Failed:
can't find file to patch at input line 3
Perhaps you used the wrong -p or --strip option?
The text leading up to this was:
--------------------------
|--- a/fix.py
|+++ b/fix.py
--------------------------
No file to patch.  Skipping patch.
1 out of 1 hunk ignored

Check (logs\run_evaluation\vi_b_lf_rescore_cr_guided\commscm-vi-b-cr_guided\sympy__sympy-17655\run_instance.log) for more information.
All instances run.
Cleaning cached images...
Removed 0 images.
Total instances: 8
Instances submitted: 8
Instances completed: 1
Instances incomplete: 0
Instances resolved: 0
Instances unresolved: 1
Instances with empty patches: 0
Instances with errors: 7
Unstopped containers: 0
Unremoved images: 8
Report written to commscm-vi-b-cr_guided.vi_b_lf_rescore_cr_guided.json
  [cr_guided] harness rc=0 free_gb=43.3
  [reward_only] evaluating 8/8 (free_gb=43.3)
C:\Users\BEST BUY COMPUTERS\AppData\Local\Programs\Python\Python314\Lib\site-packages\langchain_core\_api\deprecation.py:25: UserWarning: Core Pydantic V1 functionality isn't compatible with Python 3.14 or greater.
  from pydantic.v1.fields import FieldInfo as FieldInfoV1
C:\Users\BEST BUY COMPUTERS\AppData\Local\Programs\Python\Python314\Lib\site-packages\requests\__init__.py:113: RequestsDependencyWarning: urllib3 (2.6.2) or chardet (7.4.3)/charset_normalizer (3.4.4) doesn't match a supported version!
  warnings.warn(
C:\Users\BEST BUY COMPUTERS\AppData\Local\Programs\Python\Python314\Lib\site-packages\modal\_utils\async_utils.py:42: DeprecationWarning: 'asyncio.WindowsSelectorEventLoopPolicy' is deprecated and slated for removal in Python 3.16
  asyncio.set_event_loop_policy(asyncio.WindowsSelectorEventLoopPolicy())
C:\Users\BEST BUY COMPUTERS\AppData\Local\Programs\Python\Python314\Lib\site-packages\modal\_utils\async_utils.py:42: DeprecationWarning: 'asyncio.set_event_loop_policy' is deprecated and slated for removal in Python 3.16
  asyncio.set_event_loop_policy(asyncio.WindowsSelectorEventLoopPolicy())
<frozen runpy>:128: RuntimeWarning: 'swebench.harness.run_evaluation' found in sys.modules after import of package 'swebench.harness', but prior to execution of 'swebench.harness.run_evaluation'; this may result in unpredictable behaviour
2026-08-05 11:14:27,221 - httpx - INFO - HTTP Request: HEAD https://huggingface.co/datasets/princeton-nlp/SWE-bench_Verified/resolve/main/README.md "HTTP/1.1 307 Temporary Redirect"
2026-08-05 11:14:27,288 - httpx - INFO - HTTP Request: HEAD https://huggingface.co/api/resolve-cache/datasets/princeton-nlp/SWE-bench_Verified/c104f840cc67f8b6eec6f759ebc8b2693d585d4a/README.md "HTTP/1.1 200 OK"
2026-08-05 11:14:27,576 - httpx - INFO - HTTP Request: HEAD https://huggingface.co/datasets/princeton-nlp/SWE-bench_Verified/resolve/c104f840cc67f8b6eec6f759ebc8b2693d585d4a/SWE-bench_Verified.py "HTTP/1.1 404 Not Found"
2026-08-05 11:14:28,325 - httpx - INFO - HTTP Request: HEAD https://s3.amazonaws.com/datasets.huggingface.co/datasets/datasets/princeton-nlp/SWE-bench_Verified/princeton-nlp/SWE-bench_Verified.py "HTTP/1.1 404 Not Found"
2026-08-05 11:14:28,768 - httpx - INFO - HTTP Request: GET https://huggingface.co/api/datasets/princeton-nlp/SWE-bench_Verified/revision/c104f840cc67f8b6eec6f759ebc8b2693d585d4a "HTTP/1.1 200 OK"
2026-08-05 11:14:29,062 - httpx - INFO - HTTP Request: HEAD https://huggingface.co/datasets/princeton-nlp/SWE-bench_Verified/resolve/c104f840cc67f8b6eec6f759ebc8b2693d585d4a/.huggingface.yaml "HTTP/1.1 404 Not Found"
2026-08-05 11:14:29,546 - httpx - INFO - HTTP Request: GET https://datasets-server.huggingface.co/info?dataset=princeton-nlp/SWE-bench_Verified "HTTP/1.1 200 OK"
2026-08-05 11:14:29,842 - httpx - INFO - HTTP Request: GET https://huggingface.co/api/datasets/princeton-nlp/SWE-bench_Verified/tree/c104f840cc67f8b6eec6f759ebc8b2693d585d4a/data?recursive=true&expand=false "HTTP/1.1 200 OK"
2026-08-05 11:14:30,125 - httpx - INFO - HTTP Request: GET https://huggingface.co/api/datasets/princeton-nlp/SWE-bench_Verified/tree/c104f840cc67f8b6eec6f759ebc8b2693d585d4a?recursive=false&expand=false "HTTP/1.1 200 OK"
2026-08-05 11:14:30,442 - httpx - INFO - HTTP Request: HEAD https://huggingface.co/datasets/princeton-nlp/SWE-bench_Verified/resolve/c104f840cc67f8b6eec6f759ebc8b2693d585d4a/dataset_infos.json "HTTP/1.1 404 Not Found"
2026-08-05 11:14:31,939 - httpx - INFO - HTTP Request: HEAD https://huggingface.co/datasets/princeton-nlp/SWE-bench_Verified/resolve/main/README.md "HTTP/1.1 307 Temporary Redirect"
2026-08-05 11:14:32,003 - httpx - INFO - HTTP Request: HEAD https://huggingface.co/api/resolve-cache/datasets/princeton-nlp/SWE-bench_Verified/c104f840cc67f8b6eec6f759ebc8b2693d585d4a/README.md "HTTP/1.1 200 OK"
2026-08-05 11:14:32,296 - httpx - INFO - HTTP Request: HEAD https://huggingface.co/datasets/princeton-nlp/SWE-bench_Verified/resolve/c104f840cc67f8b6eec6f759ebc8b2693d585d4a/SWE-bench_Verified.py "HTTP/1.1 404 Not Found"
2026-08-05 11:14:32,618 - httpx - INFO - HTTP Request: HEAD https://s3.amazonaws.com/datasets.huggingface.co/datasets/datasets/princeton-nlp/SWE-bench_Verified/princeton-nlp/SWE-bench_Verified.py "HTTP/1.1 404 Not Found"
2026-08-05 11:14:32,929 - httpx - INFO - HTTP Request: HEAD https://huggingface.co/datasets/princeton-nlp/SWE-bench_Verified/resolve/c104f840cc67f8b6eec6f759ebc8b2693d585d4a/.huggingface.yaml "HTTP/1.1 404 Not Found"
2026-08-05 11:14:33,217 - httpx - INFO - HTTP Request: GET https://datasets-server.huggingface.co/info?dataset=princeton-nlp/SWE-bench_Verified "HTTP/1.1 200 OK"
2026-08-05 11:14:33,642 - httpx - INFO - HTTP Request: HEAD https://huggingface.co/datasets/princeton-nlp/SWE-bench_Verified/resolve/c104f840cc67f8b6eec6f759ebc8b2693d585d4a/dataset_infos.json "HTTP/1.1 404 Not Found"
Found 8 existing instance images. Will reuse them.
Running 8 instances...

Evaluation:   0%|          | 0/8 [00:00<?, ?it/s, error=0, \u2713=0, \u2716=0]
Evaluation:   0%|          | 0/8 [00:18<?, ?it/s, \u2713=0, \u2716=0, error=1]
Evaluation:  12%|#2        | 1/8 [00:18<02:08, 18.33s/it, \u2713=0, \u2716=0, error=1]
Evaluation:  12%|#2        | 1/8 [00:18<02:08, 18.33s/it, \u2713=0, \u2716=0, error=2]
Evaluation:  25%|##5       | 2/8 [00:18<00:46,  7.73s/it, \u2713=0, \u2716=0, error=2]
Evaluation:  25%|##5       | 2/8 [00:36<00:46,  7.73s/it, \u2713=0, \u2716=0, error=3]
Evaluation:  38%|###7      | 3/8 [00:36<01:01, 12.36s/it, \u2713=0, \u2716=0, error=3]
Evaluation:  38%|###7      | 3/8 [00:54<01:01, 12.36s/it, \u2713=0, \u2716=0, error=4]
Evaluation:  50%|#####     | 4/8 [00:54<00:57, 14.43s/it, \u2713=0, \u2716=0, error=4]
Evaluation:  50%|#####     | 4/8 [01:11<00:57, 14.43s/it, \u2713=0, \u2716=0, error=5]
Evaluation:  62%|######2   | 5/8 [01:11<00:46, 15.57s/it, \u2713=0, \u2716=0, error=5]
Evaluation:  62%|######2   | 5/8 [01:29<00:46, 15.57s/it, \u2713=0, \u2716=0, error=6]
Evaluation:  75%|#######5  | 6/8 [01:29<00:32, 16.30s/it, \u2713=0, \u2716=0, error=6]
Evaluation:  75%|#######5  | 6/8 [01:31<00:32, 16.30s/it, \u2713=0, \u2716=1, error=6]
Evaluation:  88%|########7 | 7/8 [01:31<00:11, 11.73s/it, \u2713=0, \u2716=1, error=6]
Evaluation:  88%|########7 | 7/8 [01:47<00:11, 11.73s/it, \u2713=0, \u2716=1, error=7]
Evaluation: 100%|##########| 8/8 [01:47<00:00, 12.86s/it, \u2713=0, \u2716=1, error=7]
Evaluation: 100%|##########| 8/8 [01:47<00:00, 13.38s/it, \u2713=0, \u2716=1, error=7]
astropy__astropy-14096: >>>>> Patch Apply Failed:
patch: **** malformed patch at line 9:      def prop(self):

can't find file to patch at input line 3
Perhaps you used the wrong -p or --strip option?
The text leading up to this was:
--------------------------
|--- a/original.py
|+++ b/modified.py
--------------------------
No file to patch.  Skipping patch.

Check (logs\run_evaluation\vi_b_lf_rescore_reward_only\commscm-vi-b-reward_only\astropy__astropy-14096\run_instance.log) for more information.
django__django-13809: >>>>> Patch Apply Failed:
patch: **** malformed patch at line 19: @@ -37,6 +39

patching file django/core/management/commands/runserver.py
Hunk #1 succeeded at 20 with fuzz 3.
Hunk #2 succeeded at 31 with fuzz 3.

Check (logs\run_evaluation\vi_b_lf_rescore_reward_only\commscm-vi-b-reward_only\django__django-13809\run_instance.log) for more information.
django__django-15957: >>>>> Patch Apply Failed:
patching file django/db/models/fields/related.py
Hunk #1 FAILED at 1234.
1 out of 1 hunk FAILED -- saving rejects to file django/db/models/fields/related.py.rej

Check (logs\run_evaluation\vi_b_lf_rescore_reward_only\commscm-vi-b-reward_only\django__django-15957\run_instance.log) for more information.
django__django-16485: >>>>> Patch Apply Failed:
patching file django/template/defaultfilters.py
Hunk #1 FAILED at 1234.
1 out of 1 hunk FAILED -- saving rejects to file django/template/defaultfilters.py.rej

Check (logs\run_evaluation\vi_b_lf_rescore_reward_only\commscm-vi-b-reward_only\django__django-16485\run_instance.log) for more information.
django__django-16901: >>>>> Patch Apply Failed:
can't find file to patch at input line 3
Perhaps you used the wrong -p or --strip option?
The text leading up to this was:
--------------------------
|--- a/django/db/models/q.py
|+++ b/django/db/models/q.py
--------------------------
No file to patch.  Skipping patch.
1 out of 1 hunk ignored

Check (logs\run_evaluation\vi_b_lf_rescore_reward_only\commscm-vi-b-reward_only\django__django-16901\run_instance.log) for more information.
django__django-17084: >>>>> Patch Apply Failed:
can't find file to patch at input line 3
Perhaps you used the wrong -p or --strip option?
The text leading up to this was:
--------------------------
|--- a/original.py
|+++ b/fixed.py
--------------------------
No file to patch.  Skipping patch.
patch: **** malformed patch at line 14:  ).aggregate(


Check (logs\run_evaluation\vi_b_lf_rescore_reward_only\commscm-vi-b-reward_only\django__django-17084\run_instance.log) for more information.
sympy__sympy-17655: >>>>> Patch Apply Failed:
patching file sympy/geometry/point.py
patch: **** malformed patch at line 15: @@@ SYNTAX_ERROR: def solve(  # missing closing paren and body


Check (logs\run_evaluation\vi_b_lf_rescore_reward_only\commscm-vi-b-reward_only\sympy__sympy-17655\run_instance.log) for more information.
All instances run.
Cleaning cached images...
Removed 0 images.
Total instances: 8
Instances submitted: 8
Instances completed: 1
Instances incomplete: 0
Instances resolved: 0
Instances unresolved: 1
Instances with empty patches: 0
Instances with errors: 7
Unstopped containers: 0
Unremoved images: 8
Report written to commscm-vi-b-reward_only.vi_b_lf_rescore_reward_only.json
  [reward_only] harness rc=0 free_gb=43.3
  [random] evaluating 8/8 (free_gb=43.3)
C:\Users\BEST BUY COMPUTERS\AppData\Local\Programs\Python\Python314\Lib\site-packages\langchain_core\_api\deprecation.py:25: UserWarning: Core Pydantic V1 functionality isn't compatible with Python 3.14 or greater.
  from pydantic.v1.fields import FieldInfo as FieldInfoV1
C:\Users\BEST BUY COMPUTERS\AppData\Local\Programs\Python\Python314\Lib\site-packages\requests\__init__.py:113: RequestsDependencyWarning: urllib3 (2.6.2) or chardet (7.4.3)/charset_normalizer (3.4.4) doesn't match a supported version!
  warnings.warn(
C:\Users\BEST BUY COMPUTERS\AppData\Local\Programs\Python\Python314\Lib\site-packages\modal\_utils\async_utils.py:42: DeprecationWarning: 'asyncio.WindowsSelectorEventLoopPolicy' is deprecated and slated for removal in Python 3.16
  asyncio.set_event_loop_policy(asyncio.WindowsSelectorEventLoopPolicy())
C:\Users\BEST BUY COMPUTERS\AppData\Local\Programs\Python\Python314\Lib\site-packages\modal\_utils\async_utils.py:42: DeprecationWarning: 'asyncio.set_event_loop_policy' is deprecated and slated for removal in Python 3.16
  asyncio.set_event_loop_policy(asyncio.WindowsSelectorEventLoopPolicy())
<frozen runpy>:128: RuntimeWarning: 'swebench.harness.run_evaluation' found in sys.modules after import of package 'swebench.harness', but prior to execution of 'swebench.harness.run_evaluation'; this may result in unpredictable behaviour
2026-08-05 11:16:47,074 - httpx - INFO - HTTP Request: HEAD https://huggingface.co/datasets/princeton-nlp/SWE-bench_Verified/resolve/main/README.md "HTTP/1.1 307 Temporary Redirect"
2026-08-05 11:16:47,122 - httpx - INFO - HTTP Request: HEAD https://huggingface.co/api/resolve-cache/datasets/princeton-nlp/SWE-bench_Verified/c104f840cc67f8b6eec6f759ebc8b2693d585d4a/README.md "HTTP/1.1 200 OK"
2026-08-05 11:16:47,404 - httpx - INFO - HTTP Request: HEAD https://huggingface.co/datasets/princeton-nlp/SWE-bench_Verified/resolve/c104f840cc67f8b6eec6f759ebc8b2693d585d4a/SWE-bench_Verified.py "HTTP/1.1 404 Not Found"
2026-08-05 11:16:48,163 - httpx - INFO - HTTP Request: HEAD https://s3.amazonaws.com/datasets.huggingface.co/datasets/datasets/princeton-nlp/SWE-bench_Verified/princeton-nlp/SWE-bench_Verified.py "HTTP/1.1 404 Not Found"
2026-08-05 11:16:48,506 - httpx - INFO - HTTP Request: GET https://huggingface.co/api/datasets/princeton-nlp/SWE-bench_Verified/revision/c104f840cc67f8b6eec6f759ebc8b2693d585d4a "HTTP/1.1 200 OK"
2026-08-05 11:16:48,780 - httpx - INFO - HTTP Request: HEAD https://huggingface.co/datasets/princeton-nlp/SWE-bench_Verified/resolve/c104f840cc67f8b6eec6f759ebc8b2693d585d4a/.huggingface.yaml "HTTP/1.1 404 Not Found"
2026-08-05 11:16:49,320 - httpx - INFO - HTTP Request: GET https://datasets-server.huggingface.co/info?dataset=princeton-nlp/SWE-bench_Verified "HTTP/1.1 200 OK"
2026-08-05 11:16:49,616 - httpx - INFO - HTTP Request: GET https://huggingface.co/api/datasets/princeton-nlp/SWE-bench_Verified/tree/c104f840cc67f8b6eec6f759ebc8b2693d585d4a/data?recursive=true&expand=false "HTTP/1.1 200 OK"
2026-08-05 11:16:49,889 - httpx - INFO - HTTP Request: GET https://huggingface.co/api/datasets/princeton-nlp/SWE-bench_Verified/tree/c104f840cc67f8b6eec6f759ebc8b2693d585d4a?recursive=false&expand=false "HTTP/1.1 200 OK"
2026-08-05 11:16:50,245 - httpx - INFO - HTTP Request: HEAD https://huggingface.co/datasets/princeton-nlp/SWE-bench_Verified/resolve/c104f840cc67f8b6eec6f759ebc8b2693d585d4a/dataset_infos.json "HTTP/1.1 404 Not Found"
2026-08-05 11:16:51,645 - httpx - INFO - HTTP Request: HEAD https://huggingface.co/datasets/princeton-nlp/SWE-bench_Verified/resolve/main/README.md "HTTP/1.1 307 Temporary Redirect"
2026-08-05 11:16:51,694 - httpx - INFO - HTTP Request: HEAD https://huggingface.co/api/resolve-cache/datasets/princeton-nlp/SWE-bench_Verified/c104f840cc67f8b6eec6f759ebc8b2693d585d4a/README.md "HTTP/1.1 200 OK"
2026-08-05 11:16:52,189 - httpx - INFO - HTTP Request: HEAD https://huggingface.co/datasets/princeton-nlp/SWE-bench_Verified/resolve/c104f840cc67f8b6eec6f759ebc8b2693d585d4a/SWE-bench_Verified.py "HTTP/1.1 404 Not Found"
2026-08-05 11:16:52,428 - httpx - INFO - HTTP Request: HEAD https://s3.amazonaws.com/datasets.huggingface.co/datasets/datasets/princeton-nlp/SWE-bench_Verified/princeton-nlp/SWE-bench_Verified.py "HTTP/1.1 404 Not Found"
2026-08-05 11:16:52,725 - httpx - INFO - HTTP Request: HEAD https://huggingface.co/datasets/princeton-nlp/SWE-bench_Verified/resolve/c104f840cc67f8b6eec6f759ebc8b2693d585d4a/.huggingface.yaml "HTTP/1.1 404 Not Found"
2026-08-05 11:16:53,009 - httpx - INFO - HTTP Request: GET https://datasets-server.huggingface.co/info?dataset=princeton-nlp/SWE-bench_Verified "HTTP/1.1 200 OK"
2026-08-05 11:16:53,309 - httpx - INFO - HTTP Request: HEAD https://huggingface.co/datasets/princeton-nlp/SWE-bench_Verified/resolve/c104f840cc67f8b6eec6f759ebc8b2693d585d4a/dataset_infos.json "HTTP/1.1 404 Not Found"
Found 8 existing instance images. Will reuse them.
Running 8 instances...

Evaluation:   0%|          | 0/8 [00:00<?, ?it/s, error=0, \u2713=0, \u2716=0]
Evaluation:   0%|          | 0/8 [00:18<?, ?it/s, \u2713=0, \u2716=0, error=1]
Evaluation:  12%|#2        | 1/8 [00:18<02:09, 18.48s/it, \u2713=0, \u2716=0, error=1]
Evaluation:  12%|#2        | 1/8 [00:18<02:09, 18.48s/it, \u2713=0, \u2716=0, error=2]
Evaluation:  25%|##5       | 2/8 [00:18<00:46,  7.71s/it, \u2713=0, \u2716=0, error=2]
Evaluation:  25%|##5       | 2/8 [01:05<00:46,  7.71s/it, \u2713=0, \u2716=1, error=2]
Evaluation:  38%|###7      | 3/8 [01:05<02:08, 25.72s/it, \u2713=0, \u2716=1, error=2]
Evaluation:  38%|###7      | 3/8 [01:23<02:08, 25.72s/it, \u2713=0, \u2716=1, error=3]
Evaluation:  50%|#####     | 4/8 [01:23<01:30, 22.51s/it, \u2713=0, \u2716=1, error=3]
Evaluation:  50%|#####     | 4/8 [01:29<01:30, 22.51s/it, \u2713=0, \u2716=2, error=3]
Evaluation:  62%|######2   | 5/8 [01:29<00:50, 16.72s/it, \u2713=0, \u2716=2, error=3]
Evaluation:  62%|######2   | 5/8 [01:41<00:50, 16.72s/it, \u2713=0, \u2716=2, error=4]
Evaluation:  75%|#######5  | 6/8 [01:41<00:29, 14.88s/it, \u2713=0, \u2716=2, error=4]
Evaluation:  75%|#######5  | 6/8 [01:47<00:29, 14.88s/it, \u2713=0, \u2716=2, error=5]
Evaluation:  88%|########7 | 7/8 [01:47<00:12, 12.25s/it, \u2713=0, \u2716=2, error=5]
Evaluation:  88%|########7 | 7/8 [01:58<00:12, 12.25s/it, \u2713=0, \u2716=2, error=6]
Evaluation: 100%|##########| 8/8 [01:58<00:00, 11.77s/it, \u2713=0, \u2716=2, error=6]
Evaluation: 100%|##########| 8/8 [01:58<00:00, 14.84s/it, \u2713=0, \u2716=2, error=6]
astropy__astropy-14096: >>>>> Patch Apply Failed:
patch: **** malformed patch at line 9:      def prop(self):

can't find file to patch at input line 3
Perhaps you used the wrong -p or --strip option?
The text leading up to this was:
--------------------------
|--- a/original.py
|+++ b/modified.py
--------------------------
No file to patch.  Skipping patch.

Check (logs\run_evaluation\vi_b_lf_rescore_random\commscm-vi-b-random\astropy__astropy-14096\run_instance.log) for more information.
django__django-13809: >>>>> Patch Apply Failed:
can't find file to patch at input line 3
Perhaps you used the wrong -p or --strip option?
The text leading up to this was:
--------------------------
|--- a/fix.py
|+++ b/fix.py
--------------------------
No file to patch.  Skipping patch.
1 out of 1 hunk ignored

Check (logs\run_evaluation\vi_b_lf_rescore_random\commscm-vi-b-random\django__django-13809\run_instance.log) for more information.
django__django-16485: >>>>> Patch Apply Failed:
patching file django/template/defaultfilters.py
Hunk #1 FAILED at 1234.
1 out of 1 hunk FAILED -- saving rejects to file django/template/defaultfilters.py.rej

Check (logs\run_evaluation\vi_b_lf_rescore_random\commscm-vi-b-random\django__django-16485\run_instance.log) for more information.
django__django-16901: >>>>> Patch Apply Failed:
can't find file to patch at input line 3
Perhaps you used the wrong -p or --strip option?
The text leading up to this was:
--------------------------
|--- a/django/db/models/q.py
|+++ b/django/db/models/q.py
--------------------------
No file to patch.  Skipping patch.
1 out of 1 hunk ignored

Check (logs\run_evaluation\vi_b_lf_rescore_random\commscm-vi-b-random\django__django-16901\run_instance.log) for more information.
django__django-17084: >>>>> Patch Apply Failed:
patch: **** Only garbage was found in the patch input.

Check (logs\run_evaluation\vi_b_lf_rescore_random\commscm-vi-b-random\django__django-17084\run_instance.log) for more information.
sympy__sympy-17655: >>>>> Patch Apply Failed:
patching file sympy/geometry/point.py
Hunk #1 FAILED at 128.
1 out of 1 hunk FAILED -- saving rejects to file sympy/geometry/point.py.rej

Check (logs\run_evaluation\vi_b_lf_rescore_random\commscm-vi-b-random\sympy__sympy-17655\run_instance.log) for more information.
All instances run.
Cleaning cached images...
Removed 0 images.
Total instances: 8
Instances submitted: 8
Instances completed: 2
Instances incomplete: 0
Instances resolved: 0
Instances unresolved: 2
Instances with empty patches: 0
Instances with errors: 6
Unstopped containers: 0
Unremoved images: 8
Report written to commscm-vi-b-random.vi_b_lf_rescore_random.json
  [random] harness rc=0 free_gb=43.3
  [static_heuristic] evaluating 8/8 (free_gb=43.3)
C:\Users\BEST BUY COMPUTERS\AppData\Local\Programs\Python\Python314\Lib\site-packages\langchain_core\_api\deprecation.py:25: UserWarning: Core Pydantic V1 functionality isn't compatible with Python 3.14 or greater.
  from pydantic.v1.fields import FieldInfo as FieldInfoV1
C:\Users\BEST BUY COMPUTERS\AppData\Local\Programs\Python\Python314\Lib\site-packages\requests\__init__.py:113: RequestsDependencyWarning: urllib3 (2.6.2) or chardet (7.4.3)/charset_normalizer (3.4.4) doesn't match a supported version!
  warnings.warn(
C:\Users\BEST BUY COMPUTERS\AppData\Local\Programs\Python\Python314\Lib\site-packages\modal\_utils\async_utils.py:42: DeprecationWarning: 'asyncio.WindowsSelectorEventLoopPolicy' is deprecated and slated for removal in Python 3.16
  asyncio.set_event_loop_policy(asyncio.WindowsSelectorEventLoopPolicy())
C:\Users\BEST BUY COMPUTERS\AppData\Local\Programs\Python\Python314\Lib\site-packages\modal\_utils\async_utils.py:42: DeprecationWarning: 'asyncio.set_event_loop_policy' is deprecated and slated for removal in Python 3.16
  asyncio.set_event_loop_policy(asyncio.WindowsSelectorEventLoopPolicy())
<frozen runpy>:128: RuntimeWarning: 'swebench.harness.run_evaluation' found in sys.modules after import of package 'swebench.harness', but prior to execution of 'swebench.harness.run_evaluation'; this may result in unpredictable behaviour
2026-08-05 11:19:18,770 - httpx - INFO - HTTP Request: HEAD https://huggingface.co/datasets/princeton-nlp/SWE-bench_Verified/resolve/main/README.md "HTTP/1.1 307 Temporary Redirect"
2026-08-05 11:19:18,824 - httpx - INFO - HTTP Request: HEAD https://huggingface.co/api/resolve-cache/datasets/princeton-nlp/SWE-bench_Verified/c104f840cc67f8b6eec6f759ebc8b2693d585d4a/README.md "HTTP/1.1 200 OK"
2026-08-05 11:19:19,135 - httpx - INFO - HTTP Request: HEAD https://huggingface.co/datasets/princeton-nlp/SWE-bench_Verified/resolve/c104f840cc67f8b6eec6f759ebc8b2693d585d4a/SWE-bench_Verified.py "HTTP/1.1 404 Not Found"
2026-08-05 11:19:19,907 - httpx - INFO - HTTP Request: HEAD https://s3.amazonaws.com/datasets.huggingface.co/datasets/datasets/princeton-nlp/SWE-bench_Verified/princeton-nlp/SWE-bench_Verified.py "HTTP/1.1 404 Not Found"
2026-08-05 11:19:20,205 - httpx - INFO - HTTP Request: GET https://huggingface.co/api/datasets/princeton-nlp/SWE-bench_Verified/revision/c104f840cc67f8b6eec6f759ebc8b2693d585d4a "HTTP/1.1 200 OK"
2026-08-05 11:19:20,478 - httpx - INFO - HTTP Request: HEAD https://huggingface.co/datasets/princeton-nlp/SWE-bench_Verified/resolve/c104f840cc67f8b6eec6f759ebc8b2693d585d4a/.huggingface.yaml "HTTP/1.1 404 Not Found"
2026-08-05 11:19:21,004 - httpx - INFO - HTTP Request: GET https://datasets-server.huggingface.co/info?dataset=princeton-nlp/SWE-bench_Verified "HTTP/1.1 200 OK"
2026-08-05 11:19:21,286 - httpx - INFO - HTTP Request: GET https://huggingface.co/api/datasets/princeton-nlp/SWE-bench_Verified/tree/c104f840cc67f8b6eec6f759ebc8b2693d585d4a/data?recursive=true&expand=false "HTTP/1.1 200 OK"
2026-08-05 11:19:21,558 - httpx - INFO - HTTP Request: GET https://huggingface.co/api/datasets/princeton-nlp/SWE-bench_Verified/tree/c104f840cc67f8b6eec6f759ebc8b2693d585d4a?recursive=false&expand=false "HTTP/1.1 200 OK"
2026-08-05 11:19:21,851 - httpx - INFO - HTTP Request: HEAD https://huggingface.co/datasets/princeton-nlp/SWE-bench_Verified/resolve/c104f840cc67f8b6eec6f759ebc8b2693d585d4a/dataset_infos.json "HTTP/1.1 404 Not Found"
2026-08-05 11:19:22,985 - httpx - INFO - HTTP Request: HEAD https://huggingface.co/datasets/princeton-nlp/SWE-bench_Verified/resolve/main/README.md "HTTP/1.1 307 Temporary Redirect"
2026-08-05 11:19:23,083 - httpx - INFO - HTTP Request: HEAD https://huggingface.co/api/resolve-cache/datasets/princeton-nlp/SWE-bench_Verified/c104f840cc67f8b6eec6f759ebc8b2693d585d4a/README.md "HTTP/1.1 200 OK"
2026-08-05 11:19:23,363 - httpx - INFO - HTTP Request: HEAD https://huggingface.co/datasets/princeton-nlp/SWE-bench_Verified/resolve/c104f840cc67f8b6eec6f759ebc8b2693d585d4a/SWE-bench_Verified.py "HTTP/1.1 404 Not Found"
2026-08-05 11:19:23,641 - httpx - INFO - HTTP Request: HEAD https://s3.amazonaws.com/datasets.huggingface.co/datasets/datasets/princeton-nlp/SWE-bench_Verified/princeton-nlp/SWE-bench_Verified.py "HTTP/1.1 404 Not Found"
2026-08-05 11:19:23,935 - httpx - INFO - HTTP Request: HEAD https://huggingface.co/datasets/princeton-nlp/SWE-bench_Verified/resolve/c104f840cc67f8b6eec6f759ebc8b2693d585d4a/.huggingface.yaml "HTTP/1.1 404 Not Found"
2026-08-05 11:19:24,460 - httpx - INFO - HTTP Request: GET https://datasets-server.huggingface.co/info?dataset=princeton-nlp/SWE-bench_Verified "HTTP/1.1 200 OK"
2026-08-05 11:19:24,754 - httpx - INFO - HTTP Request: HEAD https://huggingface.co/datasets/princeton-nlp/SWE-bench_Verified/resolve/c104f840cc67f8b6eec6f759ebc8b2693d585d4a/dataset_infos.json "HTTP/1.1 404 Not Found"
Found 8 existing instance images. Will reuse them.
Running 8 instances...

Evaluation:   0%|          | 0/8 [00:00<?, ?it/s, error=0, \u2713=0, \u2716=0]
Evaluation:   0%|          | 0/8 [00:18<?, ?it/s, \u2713=0, \u2716=0, error=1]
Evaluation:  12%|#2        | 1/8 [00:18<02:10, 18.63s/it, \u2713=0, \u2716=0, error=1]
Evaluation:  12%|#2        | 1/8 [00:19<02:10, 18.63s/it, \u2713=0, \u2716=0, error=2]
Evaluation:  25%|##5       | 2/8 [00:19<00:47,  7.93s/it, \u2713=0, \u2716=0, error=2]
Evaluation:  25%|##5       | 2/8 [00:37<00:47,  7.93s/it, \u2713=0, \u2716=0, error=3]
Evaluation:  38%|###7      | 3/8 [00:37<01:03, 12.73s/it, \u2713=0, \u2716=0, error=3]
Evaluation:  38%|###7      | 3/8 [00:54<01:03, 12.73s/it, \u2713=0, \u2716=0, error=4]
Evaluation:  50%|#####     | 4/8 [00:54<00:58, 14.59s/it, \u2713=0, \u2716=0, error=4]
Evaluation:  50%|#####     | 4/8 [01:03<00:58, 14.59s/it, \u2713=0, \u2716=1, error=4]
Evaluation:  62%|######2   | 5/8 [01:03<00:36, 12.31s/it, \u2713=0, \u2716=1, error=4]
Evaluation:  62%|######2   | 5/8 [01:12<00:36, 12.31s/it, \u2713=0, \u2716=1, error=5]
Evaluation:  75%|#######5  | 6/8 [01:12<00:22, 11.36s/it, \u2713=0, \u2716=1, error=5]
Evaluation:  75%|#######5  | 6/8 [01:21<00:22, 11.36s/it, \u2713=0, \u2716=1, error=6]
Evaluation:  88%|########7 | 7/8 [01:21<00:10, 10.45s/it, \u2713=0, \u2716=1, error=6]
Evaluation:  88%|########7 | 7/8 [01:45<00:10, 10.45s/it, \u2713=0, \u2716=2, error=6]
Evaluation: 100%|##########| 8/8 [01:45<00:00, 14.79s/it, \u2713=0, \u2716=2, error=6]
Evaluation: 100%|##########| 8/8 [01:45<00:00, 13.18s/it, \u2713=0, \u2716=2, error=6]
astropy__astropy-14096: >>>>> Patch Apply Failed:
can't find file to patch at input line 3
Perhaps you used the wrong -p or --strip option?
The text leading up to this was:
--------------------------
|--- a/original.py
|+++ b/fixed.py
--------------------------
No file to patch.  Skipping patch.
patch: **** malformed patch at line 10: -        return self.random_attr


Check (logs\run_evaluation\vi_b_lf_rescore_static_heuristic\commscm-vi-b-static_heuristic\astropy__astropy-14096\run_instance.log) for more information.
django__django-13809: >>>>> Patch Apply Failed:
patching file django/core/management/commands/runserver.py
patch: **** malformed patch at line 13:          if not kwargs.get('skip_checks', False):


Check (logs\run_evaluation\vi_b_lf_rescore_static_heuristic\commscm-vi-b-static_heuristic\django__django-13809\run_instance.log) for more information.
django__django-15957: >>>>> Patch Apply Failed:
patching file django/db/models/query.py
Hunk #1 FAILED at 1234.
1 out of 1 hunk FAILED -- saving rejects to file django/db/models/query.py.rej

Check (logs\run_evaluation\vi_b_lf_rescore_static_heuristic\commscm-vi-b-static_heuristic\django__django-15957\run_instance.log) for more information.
django__django-16485: >>>>> Patch Apply Failed:
patching file django/template/defaultfilters.py
Hunk #1 FAILED at 1234.
1 out of 1 hunk FAILED -- saving rejects to file django/template/defaultfilters.py.rej

Check (logs\run_evaluation\vi_b_lf_rescore_static_heuristic\commscm-vi-b-static_heuristic\django__django-16485\run_instance.log) for more information.
django__django-16901: >>>>> Patch Apply Failed:
can't find file to patch at input line 3
Perhaps you used the wrong -p or --strip option?
The text leading up to this was:
--------------------------
|--- a/django/db/models/q.py
|+++ b/django/db/models/q.py
--------------------------
No file to patch.  Skipping patch.
1 out of 1 hunk ignored

Check (logs\run_evaluation\vi_b_lf_rescore_static_heuristic\commscm-vi-b-static_heuristic\django__django-16901\run_instance.log) for more information.
django__django-17084: >>>>> Patch Apply Failed:
can't find file to patch at input line 3
Perhaps you used the wrong -p or --strip option?
The text leading up to this was:
--------------------------
|--- a/original_code.py
|+++ b/fixed_code.py
--------------------------
No file to patch.  Skipping patch.
1 out of 1 hunk ignored

Check (logs\run_evaluation\vi_b_lf_rescore_static_heuristic\commscm-vi-b-static_heuristic\django__django-17084\run_instance.log) for more information.
All instances run.
Cleaning cached images...
Removed 0 images.
Total instances: 8
Instances submitted: 8
Instances completed: 2
Instances incomplete: 0
Instances resolved: 0
Instances unresolved: 2
Instances with empty patches: 0
Instances with errors: 6
Unstopped containers: 0
Unremoved images: 8
Report written to commscm-vi-b-static_heuristic.vi_b_lf_rescore_static_heuristic.json
  [static_heuristic] harness rc=0 free_gb=43.3
[disk] before prune free_gb=43.3
[disk] removed 8 sweb.eval images; free_gb=43.3
BATCH 4 done; gold_partial={'resolve_at_1_mean': 0.875, 'counts': {'resolved': 28, 'unresolved': 0, 'error': 4, 'missing': 68, 'scored': 32}}

=== BATCH 5/13 ids=django__django-16263..django__django-14351 (8) ===
[prepull] pulling swebench/sweb.eval.x86_64.django_1776_django-16263:latest (free_gb=43.3)...
[prepull] ok swebench/sweb.eval.x86_64.django_1776_django-16263:latest in 713.5s
[prepull] pulling swebench/sweb.eval.x86_64.django_1776_django-11239:latest (free_gb=43.3)...
[prepull] ok swebench/sweb.eval.x86_64.django_1776_django-11239:latest in 287.7s
[prepull] pulling swebench/sweb.eval.x86_64.matplotlib_1776_matplotlib-25332:latest (free_gb=43.3)...
[prepull] ok swebench/sweb.eval.x86_64.matplotlib_1776_matplotlib-25332:latest in 1582.3s
[prepull] pulling swebench/sweb.eval.x86_64.astropy_1776_astropy-8872:latest (free_gb=43.3)...
[prepull] ok swebench/sweb.eval.x86_64.astropy_1776_astropy-8872:latest in 300.7s
[prepull] pulling swebench/sweb.eval.x86_64.sympy_1776_sympy-13551:latest (free_gb=43.3)...
[prepull] ok swebench/sweb.eval.x86_64.sympy_1776_sympy-13551:latest in 243.0s
[prepull] pulling swebench/sweb.eval.x86_64.django_1776_django-11999:latest (free_gb=43.3)...
[prepull] ok swebench/sweb.eval.x86_64.django_1776_django-11999:latest in 63.2s
[prepull] pulling swebench/sweb.eval.x86_64.django_1776_django-16454:latest (free_gb=43.3)...
[prepull] ok swebench/sweb.eval.x86_64.django_1776_django-16454:latest in 339.7s
[prepull] pulling swebench/sweb.eval.x86_64.django_1776_django-14351:latest (free_gb=43.3)...
[prepull] ok swebench/sweb.eval.x86_64.django_1776_django-14351:latest in 309.2s
  [oracle_gold] evaluating 8/8 (free_gb=43.3)
C:\Users\BEST BUY COMPUTERS\AppData\Local\Programs\Python\Python314\Lib\site-packages\langchain_core\_api\deprecation.py:25: UserWarning: Core Pydantic V1 functionality isn't compatible with Python 3.14 or greater.
  from pydantic.v1.fields import FieldInfo as FieldInfoV1
C:\Users\BEST BUY COMPUTERS\AppData\Local\Programs\Python\Python314\Lib\site-packages\requests\__init__.py:113: RequestsDependencyWarning: urllib3 (2.6.2) or chardet (7.4.3)/charset_normalizer (3.4.4) doesn't match a supported version!
  warnings.warn(
C:\Users\BEST BUY COMPUTERS\AppData\Local\Programs\Python\Python314\Lib\site-packages\modal\_utils\async_utils.py:42: DeprecationWarning: 'asyncio.WindowsSelectorEventLoopPolicy' is deprecated and slated for removal in Python 3.16
  asyncio.set_event_loop_policy(asyncio.WindowsSelectorEventLoopPolicy())
C:\Users\BEST BUY COMPUTERS\AppData\Local\Programs\Python\Python314\Lib\site-packages\modal\_utils\async_utils.py:42: DeprecationWarning: 'asyncio.set_event_loop_policy' is deprecated and slated for removal in Python 3.16
  asyncio.set_event_loop_policy(asyncio.WindowsSelectorEventLoopPolicy())
<frozen runpy>:128: RuntimeWarning: 'swebench.harness.run_evaluation' found in sys.modules after import of package 'swebench.harness', but prior to execution of 'swebench.harness.run_evaluation'; this may result in unpredictable behaviour
2026-08-05 12:26:04,058 - httpx - INFO - HTTP Request: HEAD https://huggingface.co/datasets/princeton-nlp/SWE-bench_Verified/resolve/main/README.md "HTTP/1.1 307 Temporary Redirect"
2026-08-05 12:26:04,146 - httpx - INFO - HTTP Request: HEAD https://huggingface.co/api/resolve-cache/datasets/princeton-nlp/SWE-bench_Verified/c104f840cc67f8b6eec6f759ebc8b2693d585d4a/README.md "HTTP/1.1 200 OK"
2026-08-05 12:26:04,528 - httpx - INFO - HTTP Request: HEAD https://huggingface.co/datasets/princeton-nlp/SWE-bench_Verified/resolve/c104f840cc67f8b6eec6f759ebc8b2693d585d4a/SWE-bench_Verified.py "HTTP/1.1 404 Not Found"
2026-08-05 12:26:05,246 - httpx - INFO - HTTP Request: HEAD https://s3.amazonaws.com/datasets.huggingface.co/datasets/datasets/princeton-nlp/SWE-bench_Verified/princeton-nlp/SWE-bench_Verified.py "HTTP/1.1 404 Not Found"
2026-08-05 12:26:05,840 - httpx - INFO - HTTP Request: GET https://huggingface.co/api/datasets/princeton-nlp/SWE-bench_Verified/revision/c104f840cc67f8b6eec6f759ebc8b2693d585d4a "HTTP/1.1 200 OK"
2026-08-05 12:26:06,149 - httpx - INFO - HTTP Request: HEAD https://huggingface.co/datasets/princeton-nlp/SWE-bench_Verified/resolve/c104f840cc67f8b6eec6f759ebc8b2693d585d4a/.huggingface.yaml "HTTP/1.1 404 Not Found"
2026-08-05 12:26:06,849 - httpx - INFO - HTTP Request: GET https://datasets-server.huggingface.co/info?dataset=princeton-nlp/SWE-bench_Verified "HTTP/1.1 200 OK"
2026-08-05 12:26:07,186 - httpx - INFO - HTTP Request: GET https://huggingface.co/api/datasets/princeton-nlp/SWE-bench_Verified/tree/c104f840cc67f8b6eec6f759ebc8b2693d585d4a/data?recursive=true&expand=false "HTTP/1.1 200 OK"
2026-08-05 12:26:07,497 - httpx - INFO - HTTP Request: GET https://huggingface.co/api/datasets/princeton-nlp/SWE-bench_Verified/tree/c104f840cc67f8b6eec6f759ebc8b2693d585d4a?recursive=false&expand=false "HTTP/1.1 200 OK"
2026-08-05 12:26:07,908 - httpx - INFO - HTTP Request: HEAD https://huggingface.co/datasets/princeton-nlp/SWE-bench_Verified/resolve/c104f840cc67f8b6eec6f759ebc8b2693d585d4a/dataset_infos.json "HTTP/1.1 404 Not Found"
2026-08-05 12:26:09,547 - httpx - INFO - HTTP Request: HEAD https://huggingface.co/datasets/princeton-nlp/SWE-bench_Verified/resolve/main/README.md "HTTP/1.1 307 Temporary Redirect"
2026-08-05 12:26:09,607 - httpx - INFO - HTTP Request: HEAD https://huggingface.co/api/resolve-cache/datasets/princeton-nlp/SWE-bench_Verified/c104f840cc67f8b6eec6f759ebc8b2693d585d4a/README.md "HTTP/1.1 200 OK"
2026-08-05 12:26:09,957 - httpx - INFO - HTTP Request: HEAD https://huggingface.co/datasets/princeton-nlp/SWE-bench_Verified/resolve/c104f840cc67f8b6eec6f759ebc8b2693d585d4a/SWE-bench_Verified.py "HTTP/1.1 404 Not Found"
2026-08-05 12:26:10,181 - httpx - INFO - HTTP Request: HEAD https://s3.amazonaws.com/datasets.huggingface.co/datasets/datasets/princeton-nlp/SWE-bench_Verified/princeton-nlp/SWE-bench_Verified.py "HTTP/1.1 404 Not Found"
2026-08-05 12:26:10,495 - httpx - INFO - HTTP Request: HEAD https://huggingface.co/datasets/princeton-nlp/SWE-bench_Verified/resolve/c104f840cc67f8b6eec6f759ebc8b2693d585d4a/.huggingface.yaml "HTTP/1.1 404 Not Found"
2026-08-05 12:26:10,782 - httpx - INFO - HTTP Request: GET https://datasets-server.huggingface.co/info?dataset=princeton-nlp/SWE-bench_Verified "HTTP/1.1 200 OK"
2026-08-05 12:26:11,162 - httpx - INFO - HTTP Request: HEAD https://huggingface.co/datasets/princeton-nlp/SWE-bench_Verified/resolve/c104f840cc67f8b6eec6f759ebc8b2693d585d4a/dataset_infos.json "HTTP/1.1 404 Not Found"
Found 8 existing instance images. Will reuse them.
Running 8 instances...

Evaluation:   0%|          | 0/8 [00:00<?, ?it/s, error=0, \u2713=0, \u2716=0]
Evaluation:   0%|          | 0/8 [00:43<?, ?it/s, \u2713=1, \u2716=0, error=0]
Evaluation:  12%|#2        | 1/8 [00:43<05:07, 43.86s/it, \u2713=1, \u2716=0, error=0]
Evaluation:  12%|#2        | 1/8 [00:59<05:07, 43.86s/it, \u2713=1, \u2716=1, error=0]
Evaluation:  25%|##5       | 2/8 [00:59<02:42, 27.15s/it, \u2713=1, \u2716=1, error=0]
Evaluation:  25%|##5       | 2/8 [01:25<02:42, 27.15s/it, \u2713=2, \u2716=1, error=0]
Evaluation:  38%|###7      | 3/8 [01:25<02:12, 26.52s/it, \u2713=2, \u2716=1, error=0]
Evaluation:  38%|###7      | 3/8 [01:46<02:12, 26.52s/it, \u2713=3, \u2716=1, error=0]
Evaluation:  50%|#####     | 4/8 [01:46<01:37, 24.43s/it, \u2713=3, \u2716=1, error=0]
Evaluation:  50%|#####     | 4/8 [02:15<01:37, 24.43s/it, \u2713=4, \u2716=1, error=0]
Evaluation:  62%|######2   | 5/8 [02:15<01:18, 26.23s/it, \u2713=4, \u2716=1, error=0]
Evaluation:  62%|######2   | 5/8 [02:33<01:18, 26.23s/it, \u2713=5, \u2716=1, error=0]
Evaluation:  75%|#######5  | 6/8 [02:33<00:46, 23.46s/it, \u2713=5, \u2716=1, error=0]
Evaluation:  75%|#######5  | 6/8 [04:02<00:46, 23.46s/it, \u2713=6, \u2716=1, error=0]
Evaluation:  88%|########7 | 7/8 [04:02<00:44, 44.89s/it, \u2713=6, \u2716=1, error=0]
Evaluation:  88%|########7 | 7/8 [08:50<00:44, 44.89s/it, \u2713=7, \u2716=1, error=0]
Evaluation: 100%|##########| 8/8 [08:50<00:00, 122.28s/it, \u2713=7, \u2716=1, error=0]
Evaluation: 100%|##########| 8/8 [08:50<00:00, 66.35s/it, \u2713=7, \u2716=1, error=0] 
All instances run.
Cleaning cached images...
Removed 0 images.
Total instances: 8
Instances submitted: 8
Instances completed: 8
Instances incomplete: 0
Instances resolved: 7
Instances unresolved: 1
Instances with empty patches: 0
Instances with errors: 0
Unstopped containers: 0
Unremoved images: 8
Report written to commscm-oracle-gold.oracle_gold_full_n100_lf.json
  [oracle_gold] harness rc=0 free_gb=43.4
  [cr_guided] evaluating 8/8 (free_gb=43.4)
C:\Users\BEST BUY COMPUTERS\AppData\Local\Programs\Python\Python314\Lib\site-packages\langchain_core\_api\deprecation.py:25: UserWarning: Core Pydantic V1 functionality isn't compatible with Python 3.14 or greater.
  from pydantic.v1.fields import FieldInfo as FieldInfoV1
C:\Users\BEST BUY COMPUTERS\AppData\Local\Programs\Python\Python314\Lib\site-packages\requests\__init__.py:113: RequestsDependencyWarning: urllib3 (2.6.2) or chardet (7.4.3)/charset_normalizer (3.4.4) doesn't match a supported version!
  warnings.warn(
C:\Users\BEST BUY COMPUTERS\AppData\Local\Programs\Python\Python314\Lib\site-packages\modal\_utils\async_utils.py:42: DeprecationWarning: 'asyncio.WindowsSelectorEventLoopPolicy' is deprecated and slated for removal in Python 3.16
  asyncio.set_event_loop_policy(asyncio.WindowsSelectorEventLoopPolicy())
C:\Users\BEST BUY COMPUTERS\AppData\Local\Programs\Python\Python314\Lib\site-packages\modal\_utils\async_utils.py:42: DeprecationWarning: 'asyncio.set_event_loop_policy' is deprecated and slated for removal in Python 3.16
  asyncio.set_event_loop_policy(asyncio.WindowsSelectorEventLoopPolicy())
<frozen runpy>:128: RuntimeWarning: 'swebench.harness.run_evaluation' found in sys.modules after import of package 'swebench.harness', but prior to execution of 'swebench.harness.run_evaluation'; this may result in unpredictable behaviour
2026-08-05 12:35:29,884 - httpx - INFO - HTTP Request: HEAD https://huggingface.co/datasets/princeton-nlp/SWE-bench_Verified/resolve/main/README.md "HTTP/1.1 307 Temporary Redirect"
2026-08-05 12:35:29,956 - httpx - INFO - HTTP Request: HEAD https://huggingface.co/api/resolve-cache/datasets/princeton-nlp/SWE-bench_Verified/c104f840cc67f8b6eec6f759ebc8b2693d585d4a/README.md "HTTP/1.1 200 OK"
2026-08-05 12:35:30,292 - httpx - INFO - HTTP Request: HEAD https://huggingface.co/datasets/princeton-nlp/SWE-bench_Verified/resolve/c104f840cc67f8b6eec6f759ebc8b2693d585d4a/SWE-bench_Verified.py "HTTP/1.1 404 Not Found"
2026-08-05 12:35:31,060 - httpx - INFO - HTTP Request: HEAD https://s3.amazonaws.com/datasets.huggingface.co/datasets/datasets/princeton-nlp/SWE-bench_Verified/princeton-nlp/SWE-bench_Verified.py "HTTP/1.1 404 Not Found"
2026-08-05 12:35:31,389 - httpx - INFO - HTTP Request: GET https://huggingface.co/api/datasets/princeton-nlp/SWE-bench_Verified/revision/c104f840cc67f8b6eec6f759ebc8b2693d585d4a "HTTP/1.1 200 OK"
2026-08-05 12:35:31,684 - httpx - INFO - HTTP Request: HEAD https://huggingface.co/datasets/princeton-nlp/SWE-bench_Verified/resolve/c104f840cc67f8b6eec6f759ebc8b2693d585d4a/.huggingface.yaml "HTTP/1.1 404 Not Found"
2026-08-05 12:35:32,172 - httpx - INFO - HTTP Request: GET https://datasets-server.huggingface.co/info?dataset=princeton-nlp/SWE-bench_Verified "HTTP/1.1 200 OK"
2026-08-05 12:35:32,474 - httpx - INFO - HTTP Request: GET https://huggingface.co/api/datasets/princeton-nlp/SWE-bench_Verified/tree/c104f840cc67f8b6eec6f759ebc8b2693d585d4a/data?recursive=true&expand=false "HTTP/1.1 200 OK"
2026-08-05 12:35:32,767 - httpx - INFO - HTTP Request: GET https://huggingface.co/api/datasets/princeton-nlp/SWE-bench_Verified/tree/c104f840cc67f8b6eec6f759ebc8b2693d585d4a?recursive=false&expand=false "HTTP/1.1 200 OK"
2026-08-05 12:35:33,088 - httpx - INFO - HTTP Request: HEAD https://huggingface.co/datasets/princeton-nlp/SWE-bench_Verified/resolve/c104f840cc67f8b6eec6f759ebc8b2693d585d4a/dataset_infos.json "HTTP/1.1 404 Not Found"
2026-08-05 12:35:34,832 - httpx - INFO - HTTP Request: HEAD https://huggingface.co/datasets/princeton-nlp/SWE-bench_Verified/resolve/main/README.md "HTTP/1.1 307 Temporary Redirect"
2026-08-05 12:35:34,901 - httpx - INFO - HTTP Request: HEAD https://huggingface.co/api/resolve-cache/datasets/princeton-nlp/SWE-bench_Verified/c104f840cc67f8b6eec6f759ebc8b2693d585d4a/README.md "HTTP/1.1 200 OK"
2026-08-05 12:35:35,206 - httpx - INFO - HTTP Request: HEAD https://huggingface.co/datasets/princeton-nlp/SWE-bench_Verified/resolve/c104f840cc67f8b6eec6f759ebc8b2693d585d4a/SWE-bench_Verified.py "HTTP/1.1 404 Not Found"
2026-08-05 12:35:35,443 - httpx - INFO - HTTP Request: HEAD https://s3.amazonaws.com/datasets.huggingface.co/datasets/datasets/princeton-nlp/SWE-bench_Verified/princeton-nlp/SWE-bench_Verified.py "HTTP/1.1 404 Not Found"
2026-08-05 12:35:35,756 - httpx - INFO - HTTP Request: HEAD https://huggingface.co/datasets/princeton-nlp/SWE-bench_Verified/resolve/c104f840cc67f8b6eec6f759ebc8b2693d585d4a/.huggingface.yaml "HTTP/1.1 404 Not Found"
2026-08-05 12:35:36,033 - httpx - INFO - HTTP Request: GET https://datasets-server.huggingface.co/info?dataset=princeton-nlp/SWE-bench_Verified "HTTP/1.1 200 OK"
2026-08-05 12:35:36,353 - httpx - INFO - HTTP Request: HEAD https://huggingface.co/datasets/princeton-nlp/SWE-bench_Verified/resolve/c104f840cc67f8b6eec6f759ebc8b2693d585d4a/dataset_infos.json "HTTP/1.1 404 Not Found"
Found 8 existing instance images. Will reuse them.
Running 8 instances...

Evaluation:   0%|          | 0/8 [00:00<?, ?it/s, error=0, \u2713=0, \u2716=0]
Evaluation:   0%|          | 0/8 [00:18<?, ?it/s, \u2713=0, \u2716=0, error=1]
Evaluation:  12%|#2        | 1/8 [00:18<02:09, 18.51s/it, \u2713=0, \u2716=0, error=1]
Evaluation:  12%|#2        | 1/8 [00:18<02:09, 18.51s/it, \u2713=0, \u2716=0, error=2]
Evaluation:  25%|##5       | 2/8 [00:18<00:46,  7.71s/it, \u2713=0, \u2716=0, error=2]
Evaluation:  25%|##5       | 2/8 [00:36<00:46,  7.71s/it, \u2713=0, \u2716=0, error=3]
Evaluation:  38%|###7      | 3/8 [00:36<01:02, 12.46s/it, \u2713=0, \u2716=0, error=3]
Evaluation:  38%|###7      | 3/8 [00:37<01:02, 12.46s/it, \u2713=0, \u2716=0, error=4]
Evaluation:  50%|#####     | 4/8 [00:37<00:31,  7.76s/it, \u2713=0, \u2716=0, error=4]
Evaluation:  50%|#####     | 4/8 [00:55<00:31,  7.76s/it, \u2713=0, \u2716=0, error=5]
Evaluation:  62%|######2   | 5/8 [00:55<00:34, 11.43s/it, \u2713=0, \u2716=0, error=5]
Evaluation:  62%|######2   | 5/8 [00:55<00:34, 11.43s/it, \u2713=0, \u2716=0, error=6]
Evaluation:  75%|#######5  | 6/8 [00:55<00:15,  7.72s/it, \u2713=0, \u2716=0, error=6]
Evaluation:  75%|#######5  | 6/8 [01:13<00:15,  7.72s/it, \u2713=0, \u2716=0, error=7]
Evaluation:  88%|########7 | 7/8 [01:13<00:11, 11.00s/it, \u2713=0, \u2716=0, error=7]
Evaluation:  88%|########7 | 7/8 [01:14<00:11, 11.00s/it, \u2713=0, \u2716=0, error=8]
Evaluation: 100%|##########| 8/8 [01:14<00:00,  7.65s/it, \u2713=0, \u2716=0, error=8]
Evaluation: 100%|##########| 8/8 [01:14<00:00,  9.25s/it, \u2713=0, \u2716=0, error=8]
astropy__astropy-8872: >>>>> Patch Apply Failed:
patching file astropy/units/quantity.py
Hunk #1 FAILED at 296.
1 out of 1 hunk FAILED -- saving rejects to file astropy/units/quantity.py.rej

Check (logs\run_evaluation\vi_b_lf_rescore_cr_guided\commscm-vi-b-cr_guided\astropy__astropy-8872\run_instance.log) for more information.
django__django-11239: >>>>> Patch Apply Failed:
can't find file to patch at input line 3
Perhaps you used the wrong -p or --strip option?
The text leading up to this was:
--------------------------
|--- a/django/dbshell.py
|+++ b/django/dbshell.py
--------------------------
No file to patch.  Skipping patch.
patch: **** malformed patch at line 13:              'psql',


Check (logs\run_evaluation\vi_b_lf_rescore_cr_guided\commscm-vi-b-cr_guided\django__django-11239\run_instance.log) for more information.
django__django-11999: >>>>> Patch Apply Failed:
patching file django/db/models/fields/__init__.py
Hunk #1 FAILED at 1234.
1 out of 1 hunk FAILED -- saving rejects to file django/db/models/fields/__init__.py.rej

Check (logs\run_evaluation\vi_b_lf_rescore_cr_guided\commscm-vi-b-cr_guided\django__django-11999\run_instance.log) for more information.
django__django-14351: >>>>> Patch Apply Failed:
patching file django/db/models/sql/query.py
patch: **** malformed patch at line 11:  


Check (logs\run_evaluation\vi_b_lf_rescore_cr_guided\commscm-vi-b-cr_guided\django__django-14351\run_instance.log) for more information.
django__django-16263: >>>>> Patch Apply Failed:
patching file django/db/models/sql/query.py
patch: **** malformed patch at line 10:                  }


Check (logs\run_evaluation\vi_b_lf_rescore_cr_guided\commscm-vi-b-cr_guided\django__django-16263\run_instance.log) for more information.
django__django-16454: >>>>> Patch Apply Failed:
patching file django/core/management/base.py
patch: **** unexpected end of file in patch

Check (logs\run_evaluation\vi_b_lf_rescore_cr_guided\commscm-vi-b-cr_guided\django__django-16454\run_instance.log) for more information.
matplotlib__matplotlib-25332: >>>>> Patch Apply Failed:
can't find file to patch at input line 3
Perhaps you used the wrong -p or --strip option?
The text leading up to this was:
--------------------------
|--- a/fix.py
|+++ b/fix.py
--------------------------
No file to patch.  Skipping patch.
1 out of 1 hunk ignored

Check (logs\run_evaluation\vi_b_lf_rescore_cr_guided\commscm-vi-b-cr_guided\matplotlib__matplotlib-25332\run_instance.log) for more information.
sympy__sympy-13551: >>>>> Patch Apply Failed:
patching file sympy/concrete/products.py
Hunk #1 FAILED at 283.
1 out of 1 hunk FAILED -- saving rejects to file sympy/concrete/products.py.rej

Check (logs\run_evaluation\vi_b_lf_rescore_cr_guided\commscm-vi-b-cr_guided\sympy__sympy-13551\run_instance.log) for more information.
All instances run.
Cleaning cached images...
Removed 0 images.
Total instances: 8
Instances submitted: 8
Instances completed: 0
Instances incomplete: 0
Instances resolved: 0
Instances unresolved: 0
Instances with empty patches: 0
Instances with errors: 8
Unstopped containers: 0
Unremoved images: 8
Report written to commscm-vi-b-cr_guided.vi_b_lf_rescore_cr_guided.json
  [cr_guided] harness rc=0 free_gb=43.4
  [reward_only] evaluating 8/8 (free_gb=43.4)
C:\Users\BEST BUY COMPUTERS\AppData\Local\Programs\Python\Python314\Lib\site-packages\langchain_core\_api\deprecation.py:25: UserWarning: Core Pydantic V1 functionality isn't compatible with Python 3.14 or greater.
  from pydantic.v1.fields import FieldInfo as FieldInfoV1
C:\Users\BEST BUY COMPUTERS\AppData\Local\Programs\Python\Python314\Lib\site-packages\requests\__init__.py:113: RequestsDependencyWarning: urllib3 (2.6.2) or chardet (7.4.3)/charset_normalizer (3.4.4) doesn't match a supported version!
  warnings.warn(
C:\Users\BEST BUY COMPUTERS\AppData\Local\Programs\Python\Python314\Lib\site-packages\modal\_utils\async_utils.py:42: DeprecationWarning: 'asyncio.WindowsSelectorEventLoopPolicy' is deprecated and slated for removal in Python 3.16
  asyncio.set_event_loop_policy(asyncio.WindowsSelectorEventLoopPolicy())
C:\Users\BEST BUY COMPUTERS\AppData\Local\Programs\Python\Python314\Lib\site-packages\modal\_utils\async_utils.py:42: DeprecationWarning: 'asyncio.set_event_loop_policy' is deprecated and slated for removal in Python 3.16
  asyncio.set_event_loop_policy(asyncio.WindowsSelectorEventLoopPolicy())
<frozen runpy>:128: RuntimeWarning: 'swebench.harness.run_evaluation' found in sys.modules after import of package 'swebench.harness', but prior to execution of 'swebench.harness.run_evaluation'; this may result in unpredictable behaviour
2026-08-05 12:37:17,124 - httpx - INFO - HTTP Request: HEAD https://huggingface.co/datasets/princeton-nlp/SWE-bench_Verified/resolve/main/README.md "HTTP/1.1 307 Temporary Redirect"
2026-08-05 12:37:17,190 - httpx - INFO - HTTP Request: HEAD https://huggingface.co/api/resolve-cache/datasets/princeton-nlp/SWE-bench_Verified/c104f840cc67f8b6eec6f759ebc8b2693d585d4a/README.md "HTTP/1.1 200 OK"
2026-08-05 12:37:17,504 - httpx - INFO - HTTP Request: HEAD https://huggingface.co/datasets/princeton-nlp/SWE-bench_Verified/resolve/c104f840cc67f8b6eec6f759ebc8b2693d585d4a/SWE-bench_Verified.py "HTTP/1.1 404 Not Found"
2026-08-05 12:37:20,985 - httpx - INFO - HTTP Request: HEAD https://s3.amazonaws.com/datasets.huggingface.co/datasets/datasets/princeton-nlp/SWE-bench_Verified/princeton-nlp/SWE-bench_Verified.py "HTTP/1.1 404 Not Found"
2026-08-05 12:37:21,320 - httpx - INFO - HTTP Request: GET https://huggingface.co/api/datasets/princeton-nlp/SWE-bench_Verified/revision/c104f840cc67f8b6eec6f759ebc8b2693d585d4a "HTTP/1.1 200 OK"
2026-08-05 12:37:21,639 - httpx - INFO - HTTP Request: HEAD https://huggingface.co/datasets/princeton-nlp/SWE-bench_Verified/resolve/c104f840cc67f8b6eec6f759ebc8b2693d585d4a/.huggingface.yaml "HTTP/1.1 404 Not Found"
2026-08-05 12:37:22,128 - httpx - INFO - HTTP Request: GET https://datasets-server.huggingface.co/info?dataset=princeton-nlp/SWE-bench_Verified "HTTP/1.1 200 OK"
2026-08-05 12:37:22,464 - httpx - INFO - HTTP Request: GET https://huggingface.co/api/datasets/princeton-nlp/SWE-bench_Verified/tree/c104f840cc67f8b6eec6f759ebc8b2693d585d4a/data?recursive=true&expand=false "HTTP/1.1 200 OK"
2026-08-05 12:37:22,756 - httpx - INFO - HTTP Request: GET https://huggingface.co/api/datasets/princeton-nlp/SWE-bench_Verified/tree/c104f840cc67f8b6eec6f759ebc8b2693d585d4a?recursive=false&expand=false "HTTP/1.1 200 OK"
2026-08-05 12:37:23,094 - httpx - INFO - HTTP Request: HEAD https://huggingface.co/datasets/princeton-nlp/SWE-bench_Verified/resolve/c104f840cc67f8b6eec6f759ebc8b2693d585d4a/dataset_infos.json "HTTP/1.1 404 Not Found"
2026-08-05 12:37:25,084 - httpx - INFO - HTTP Request: HEAD https://huggingface.co/datasets/princeton-nlp/SWE-bench_Verified/resolve/main/README.md "HTTP/1.1 307 Temporary Redirect"
2026-08-05 12:37:25,164 - httpx - INFO - HTTP Request: HEAD https://huggingface.co/api/resolve-cache/datasets/princeton-nlp/SWE-bench_Verified/c104f840cc67f8b6eec6f759ebc8b2693d585d4a/README.md "HTTP/1.1 200 OK"
2026-08-05 12:37:30,177 - httpx - INFO - HTTP Request: HEAD https://huggingface.co/datasets/princeton-nlp/SWE-bench_Verified/resolve/c104f840cc67f8b6eec6f759ebc8b2693d585d4a/SWE-bench_Verified.py "HTTP/1.1 404 Not Found"
2026-08-05 12:37:30,956 - httpx - INFO - HTTP Request: HEAD https://s3.amazonaws.com/datasets.huggingface.co/datasets/datasets/princeton-nlp/SWE-bench_Verified/princeton-nlp/SWE-bench_Verified.py "HTTP/1.1 404 Not Found"
2026-08-05 12:37:31,368 - httpx - INFO - HTTP Request: HEAD https://huggingface.co/datasets/princeton-nlp/SWE-bench_Verified/resolve/c104f840cc67f8b6eec6f759ebc8b2693d585d4a/.huggingface.yaml "HTTP/1.1 404 Not Found"
2026-08-05 12:37:32,155 - httpx - INFO - HTTP Request: GET https://datasets-server.huggingface.co/info?dataset=princeton-nlp/SWE-bench_Verified "HTTP/1.1 200 OK"
2026-08-05 12:37:32,560 - httpx - INFO - HTTP Request: HEAD https://huggingface.co/datasets/princeton-nlp/SWE-bench_Verified/resolve/c104f840cc67f8b6eec6f759ebc8b2693d585d4a/dataset_infos.json "HTTP/1.1 404 Not Found"
Found 8 existing instance images. Will reuse them.
Running 8 instances...

Evaluation:   0%|          | 0/8 [00:00<?, ?it/s, error=0, \u2713=0, \u2716=0]
Evaluation:   0%|          | 0/8 [00:18<?, ?it/s, \u2713=0, \u2716=0, error=1]
Evaluation:  12%|#2        | 1/8 [00:18<02:09, 18.43s/it, \u2713=0, \u2716=0, error=1]
Evaluation:  12%|#2        | 1/8 [00:18<02:09, 18.43s/it, \u2713=0, \u2716=0, error=2]
Evaluation:  25%|##5       | 2/8 [00:18<00:46,  7.79s/it, \u2713=0, \u2716=0, error=2]
Evaluation:  25%|##5       | 2/8 [00:36<00:46,  7.79s/it, \u2713=0, \u2716=0, error=3]
Evaluation:  38%|###7      | 3/8 [00:36<01:02, 12.46s/it, \u2713=0, \u2716=0, error=3]
Evaluation:  38%|###7      | 3/8 [00:37<01:02, 12.46s/it, \u2713=0, \u2716=0, error=4]
Evaluation:  50%|#####     | 4/8 [00:37<00:31,  7.80s/it, \u2713=0, \u2716=0, error=4]
Evaluation:  50%|#####     | 4/8 [00:55<00:31,  7.80s/it, \u2713=0, \u2716=0, error=5]
Evaluation:  62%|######2   | 5/8 [00:55<00:34, 11.36s/it, \u2713=0, \u2716=0, error=5]
Evaluation:  62%|######2   | 5/8 [00:55<00:34, 11.36s/it, \u2713=0, \u2716=0, error=6]
Evaluation:  75%|#######5  | 6/8 [00:55<00:15,  7.58s/it, \u2713=0, \u2716=0, error=6]
Evaluation:  75%|#######5  | 6/8 [01:14<00:15,  7.58s/it, \u2713=0, \u2716=0, error=7]
Evaluation:  88%|########7 | 7/8 [01:14<00:11, 11.32s/it, \u2713=0, \u2716=0, error=7]
Evaluation:  88%|########7 | 7/8 [01:14<00:11, 11.32s/it, \u2713=0, \u2716=0, error=8]
Evaluation: 100%|##########| 8/8 [01:14<00:00,  9.31s/it, \u2713=0, \u2716=0, error=8]
astropy__astropy-8872: >>>>> Patch Apply Failed:
patching file astropy/units/quantity.py
Hunk #1 FAILED at 296.
1 out of 1 hunk FAILED -- saving rejects to file astropy/units/quantity.py.rej

Check (logs\run_evaluation\vi_b_lf_rescore_reward_only\commscm-vi-b-reward_only\astropy__astropy-8872\run_instance.log) for more information.
django__django-11239: >>>>> Patch Apply Failed:
can't find file to patch at input line 3
Perhaps you used the wrong -p or --strip option?
The text leading up to this was:
--------------------------
|--- a/django/dbshell.py
|+++ b/django/dbshell.py
--------------------------
No file to patch.  Skipping patch.
patch: **** malformed patch at line 10:          'port': '5432',


Check (logs\run_evaluation\vi_b_lf_rescore_reward_only\commscm-vi-b-reward_only\django__django-11239\run_instance.log) for more information.
django__django-14351: >>>>> Patch Apply Failed:
patching file django/db/models/sql/query.py
Hunk #1 FAILED at 230.
1 out of 1 hunk FAILED -- saving rejects to file django/db/models/sql/query.py.rej

Check (logs\run_evaluation\vi_b_lf_rescore_reward_only\commscm-vi-b-reward_only\django__django-14351\run_instance.log) for more information.
django__django-11999: >>>>> Patch Apply Failed:
patching file django/db/models/base.py
Hunk #1 FAILED at 1234.
1 out of 1 hunk FAILED -- saving rejects to file django/db/models/base.py.rej

Check (logs\run_evaluation\vi_b_lf_rescore_reward_only\commscm-vi-b-reward_only\django__django-11999\run_instance.log) for more information.
django__django-16263: >>>>> Patch Apply Failed:
patching file django/db/models/sql/query.py
patch: **** malformed patch at line 13:  


Check (logs\run_evaluation\vi_b_lf_rescore_reward_only\commscm-vi-b-reward_only\django__django-16263\run_instance.log) for more information.
django__django-16454: >>>>> Patch Apply Failed:
patch: **** malformed patch at line 11:          for action in subparsers._actions:

patching file django/core/management/base.py

Check (logs\run_evaluation\vi_b_lf_rescore_reward_only\commscm-vi-b-reward_only\django__django-16454\run_instance.log) for more information.
matplotlib__matplotlib-25332: >>>>> Patch Apply Failed:
can't find file to patch at input line 3
Perhaps you used the wrong -p or --strip option?
The text leading up to this was:
--------------------------
|--- a/original_code.py
|+++ b/fixed_code.py
--------------------------
No file to patch.  Skipping patch.
1 out of 1 hunk ignored

Check (logs\run_evaluation\vi_b_lf_rescore_reward_only\commscm-vi-b-reward_only\matplotlib__matplotlib-25332\run_instance.log) for more information.
sympy__sympy-13551: >>>>> Patch Apply Failed:
patching file sympy/concrete/products.py
Hunk #1 FAILED at 283.
1 out of 1 hunk FAILED -- saving rejects to file sympy/concrete/products.py.rej

Check (logs\run_evaluation\vi_b_lf_rescore_reward_only\commscm-vi-b-reward_only\sympy__sympy-13551\run_instance.log) for more information.
All instances run.
Cleaning cached images...
Removed 0 images.
Total instances: 8
Instances submitted: 8
Instances completed: 0
Instances incomplete: 0
Instances resolved: 0
Instances unresolved: 0
Instances with empty patches: 0
Instances with errors: 8
Unstopped containers: 0
Unremoved images: 8
Report written to commscm-vi-b-reward_only.vi_b_lf_rescore_reward_only.json
  [reward_only] harness rc=0 free_gb=43.3
  [random] evaluating 8/8 (free_gb=43.3)
C:\Users\BEST BUY COMPUTERS\AppData\Local\Programs\Python\Python314\Lib\site-packages\langchain_core\_api\deprecation.py:25: UserWarning: Core Pydantic V1 functionality isn't compatible with Python 3.14 or greater.
  from pydantic.v1.fields import FieldInfo as FieldInfoV1
C:\Users\BEST BUY COMPUTERS\AppData\Local\Programs\Python\Python314\Lib\site-packages\requests\__init__.py:113: RequestsDependencyWarning: urllib3 (2.6.2) or chardet (7.4.3)/charset_normalizer (3.4.4) doesn't match a supported version!
  warnings.warn(
C:\Users\BEST BUY COMPUTERS\AppData\Local\Programs\Python\Python314\Lib\site-packages\modal\_utils\async_utils.py:42: DeprecationWarning: 'asyncio.WindowsSelectorEventLoopPolicy' is deprecated and slated for removal in Python 3.16
  asyncio.set_event_loop_policy(asyncio.WindowsSelectorEventLoopPolicy())
C:\Users\BEST BUY COMPUTERS\AppData\Local\Programs\Python\Python314\Lib\site-packages\modal\_utils\async_utils.py:42: DeprecationWarning: 'asyncio.set_event_loop_policy' is deprecated and slated for removal in Python 3.16
  asyncio.set_event_loop_policy(asyncio.WindowsSelectorEventLoopPolicy())
<frozen runpy>:128: RuntimeWarning: 'swebench.harness.run_evaluation' found in sys.modules after import of package 'swebench.harness', but prior to execution of 'swebench.harness.run_evaluation'; this may result in unpredictable behaviour
2026-08-05 12:39:14,794 - httpx - INFO - HTTP Request: HEAD https://huggingface.co/datasets/princeton-nlp/SWE-bench_Verified/resolve/main/README.md "HTTP/1.1 307 Temporary Redirect"
2026-08-05 12:39:14,871 - httpx - INFO - HTTP Request: HEAD https://huggingface.co/api/resolve-cache/datasets/princeton-nlp/SWE-bench_Verified/c104f840cc67f8b6eec6f759ebc8b2693d585d4a/README.md "HTTP/1.1 200 OK"
2026-08-05 12:39:15,174 - httpx - INFO - HTTP Request: HEAD https://huggingface.co/datasets/princeton-nlp/SWE-bench_Verified/resolve/c104f840cc67f8b6eec6f759ebc8b2693d585d4a/SWE-bench_Verified.py "HTTP/1.1 404 Not Found"
2026-08-05 12:39:15,930 - httpx - INFO - HTTP Request: HEAD https://s3.amazonaws.com/datasets.huggingface.co/datasets/datasets/princeton-nlp/SWE-bench_Verified/princeton-nlp/SWE-bench_Verified.py "HTTP/1.1 404 Not Found"
2026-08-05 12:39:16,239 - httpx - INFO - HTTP Request: GET https://huggingface.co/api/datasets/princeton-nlp/SWE-bench_Verified/revision/c104f840cc67f8b6eec6f759ebc8b2693d585d4a "HTTP/1.1 200 OK"
2026-08-05 12:39:16,695 - httpx - INFO - HTTP Request: HEAD https://huggingface.co/datasets/princeton-nlp/SWE-bench_Verified/resolve/c104f840cc67f8b6eec6f759ebc8b2693d585d4a/.huggingface.yaml "HTTP/1.1 404 Not Found"
2026-08-05 12:39:17,212 - httpx - INFO - HTTP Request: GET https://datasets-server.huggingface.co/info?dataset=princeton-nlp/SWE-bench_Verified "HTTP/1.1 200 OK"
2026-08-05 12:39:17,650 - httpx - INFO - HTTP Request: GET https://huggingface.co/api/datasets/princeton-nlp/SWE-bench_Verified/tree/c104f840cc67f8b6eec6f759ebc8b2693d585d4a/data?recursive=true&expand=false "HTTP/1.1 200 OK"
2026-08-05 12:39:17,949 - httpx - INFO - HTTP Request: GET https://huggingface.co/api/datasets/princeton-nlp/SWE-bench_Verified/tree/c104f840cc67f8b6eec6f759ebc8b2693d585d4a?recursive=false&expand=false "HTTP/1.1 200 OK"
2026-08-05 12:39:18,319 - httpx - INFO - HTTP Request: HEAD https://huggingface.co/datasets/princeton-nlp/SWE-bench_Verified/resolve/c104f840cc67f8b6eec6f759ebc8b2693d585d4a/dataset_infos.json "HTTP/1.1 404 Not Found"
2026-08-05 12:39:20,419 - httpx - INFO - HTTP Request: HEAD https://huggingface.co/datasets/princeton-nlp/SWE-bench_Verified/resolve/main/README.md "HTTP/1.1 307 Temporary Redirect"
2026-08-05 12:39:20,490 - httpx - INFO - HTTP Request: HEAD https://huggingface.co/api/resolve-cache/datasets/princeton-nlp/SWE-bench_Verified/c104f840cc67f8b6eec6f759ebc8b2693d585d4a/README.md "HTTP/1.1 200 OK"
2026-08-05 12:39:20,834 - httpx - INFO - HTTP Request: HEAD https://huggingface.co/datasets/princeton-nlp/SWE-bench_Verified/resolve/c104f840cc67f8b6eec6f759ebc8b2693d585d4a/SWE-bench_Verified.py "HTTP/1.1 404 Not Found"
2026-08-05 12:39:21,065 - httpx - INFO - HTTP Request: HEAD https://s3.amazonaws.com/datasets.huggingface.co/datasets/datasets/princeton-nlp/SWE-bench_Verified/princeton-nlp/SWE-bench_Verified.py "HTTP/1.1 404 Not Found"
2026-08-05 12:39:21,465 - httpx - INFO - HTTP Request: HEAD https://huggingface.co/datasets/princeton-nlp/SWE-bench_Verified/resolve/c104f840cc67f8b6eec6f759ebc8b2693d585d4a/.huggingface.yaml "HTTP/1.1 404 Not Found"
2026-08-05 12:39:21,760 - httpx - INFO - HTTP Request: GET https://datasets-server.huggingface.co/info?dataset=princeton-nlp/SWE-bench_Verified "HTTP/1.1 200 OK"
2026-08-05 12:39:22,110 - httpx - INFO - HTTP Request: HEAD https://huggingface.co/datasets/princeton-nlp/SWE-bench_Verified/resolve/c104f840cc67f8b6eec6f759ebc8b2693d585d4a/dataset_infos.json "HTTP/1.1 404 Not Found"
Found 8 existing instance images. Will reuse them.
Running 8 instances...

Evaluation:   0%|          | 0/8 [00:00<?, ?it/s, error=0, \u2713=0, \u2716=0]
Evaluation:   0%|          | 0/8 [00:18<?, ?it/s, \u2713=0, \u2716=0, error=1]
Evaluation:  12%|#2        | 1/8 [00:18<02:10, 18.59s/it, \u2713=0, \u2716=0, error=1]
Evaluation:  12%|#2        | 1/8 [00:18<02:10, 18.59s/it, \u2713=0, \u2716=0, error=2]
Evaluation:  25%|##5       | 2/8 [00:18<00:46,  7.73s/it, \u2713=0, \u2716=0, error=2]
Evaluation:  25%|##5       | 2/8 [00:36<00:46,  7.73s/it, \u2713=0, \u2716=0, error=3]
Evaluation:  38%|###7      | 3/8 [00:36<01:02, 12.48s/it, \u2713=0, \u2716=0, error=3]
Evaluation:  38%|###7      | 3/8 [01:24<01:02, 12.48s/it, \u2713=0, \u2716=1, error=3]
Evaluation:  50%|#####     | 4/8 [01:24<01:45, 26.27s/it, \u2713=0, \u2716=1, error=3]
Evaluation:  50%|#####     | 4/8 [01:33<01:45, 26.27s/it, \u2713=0, \u2716=2, error=3]
Evaluation:  62%|######2   | 5/8 [01:33<01:00, 20.30s/it, \u2713=0, \u2716=2, error=3]
Evaluation:  62%|######2   | 5/8 [01:51<01:00, 20.30s/it, \u2713=0, \u2716=2, error=4]
Evaluation:  75%|#######5  | 6/8 [01:51<00:39, 19.50s/it, \u2713=0, \u2716=2, error=4]
Evaluation:  75%|#######5  | 6/8 [02:09<00:39, 19.50s/it, \u2713=0, \u2716=2, error=5]
Evaluation:  88%|########7 | 7/8 [02:09<00:18, 18.98s/it, \u2713=0, \u2716=2, error=5]
Evaluation:  88%|########7 | 7/8 [02:18<00:18, 18.98s/it, \u2713=0, \u2716=3, error=5]
Evaluation: 100%|##########| 8/8 [02:18<00:00, 15.80s/it, \u2713=0, \u2716=3, error=5]
Evaluation: 100%|##########| 8/8 [02:18<00:00, 17.35s/it, \u2713=0, \u2716=3, error=5]
astropy__astropy-8872: >>>>> Patch Apply Failed:
patching file astropy/units/quantity.py
Hunk #1 FAILED at 296.
1 out of 1 hunk FAILED -- saving rejects to file astropy/units/quantity.py.rej

Check (logs\run_evaluation\vi_b_lf_rescore_random\commscm-vi-b-random\astropy__astropy-8872\run_instance.log) for more information.
django__django-11239: >>>>> Patch Apply Failed:
can't find file to patch at input line 3
Perhaps you used the wrong -p or --strip option?
The text leading up to this was:
--------------------------
|--- a/fix.py
|+++ b/fix.py
--------------------------
No file to patch.  Skipping patch.
patch: **** malformed patch at line 13:  


Check (logs\run_evaluation\vi_b_lf_rescore_random\commscm-vi-b-random\django__django-11239\run_instance.log) for more information.
django__django-11999: >>>>> Patch Apply Failed:
patching file django/db/models/base.py
Hunk #1 FAILED at 1234.
1 out of 1 hunk FAILED -- saving rejects to file django/db/models/base.py.rej

Check (logs\run_evaluation\vi_b_lf_rescore_random\commscm-vi-b-random\django__django-11999\run_instance.log) for more information.
matplotlib__matplotlib-25332: >>>>> Patch Apply Failed:
can't find file to patch at input line 3
Perhaps you used the wrong -p or --strip option?
The text leading up to this was:
--------------------------
|--- a/original_code.py
|+++ b/fixed_code.py
--------------------------
No file to patch.  Skipping patch.
patch: **** malformed patch at line 16:  ax2.set_ylabel('acc')


Check (logs\run_evaluation\vi_b_lf_rescore_random\commscm-vi-b-random\matplotlib__matplotlib-25332\run_instance.log) for more information.
sympy__sympy-13551: >>>>> Patch Apply Failed:
patching file sympy/concrete/products.py
Hunk #1 FAILED at 283.
1 out of 1 hunk FAILED -- saving rejects to file sympy/concrete/products.py.rej

Check (logs\run_evaluation\vi_b_lf_rescore_random\commscm-vi-b-random\sympy__sympy-13551\run_instance.log) for more information.
All instances run.
Cleaning cached images...
Removed 0 images.
Total instances: 8
Instances submitted: 8
Instances completed: 3
Instances incomplete: 0
Instances resolved: 0
Instances unresolved: 3
Instances with empty patches: 0
Instances with errors: 5
Unstopped containers: 0
Unremoved images: 8
Report written to commscm-vi-b-random.vi_b_lf_rescore_random.json
  [random] harness rc=0 free_gb=43.3
  [static_heuristic] evaluating 8/8 (free_gb=43.3)
C:\Users\BEST BUY COMPUTERS\AppData\Local\Programs\Python\Python314\Lib\site-packages\langchain_core\_api\deprecation.py:25: UserWarning: Core Pydantic V1 functionality isn't compatible with Python 3.14 or greater.
  from pydantic.v1.fields import FieldInfo as FieldInfoV1
C:\Users\BEST BUY COMPUTERS\AppData\Local\Programs\Python\Python314\Lib\site-packages\requests\__init__.py:113: RequestsDependencyWarning: urllib3 (2.6.2) or chardet (7.4.3)/charset_normalizer (3.4.4) doesn't match a supported version!
  warnings.warn(
C:\Users\BEST BUY COMPUTERS\AppData\Local\Programs\Python\Python314\Lib\site-packages\modal\_utils\async_utils.py:42: DeprecationWarning: 'asyncio.WindowsSelectorEventLoopPolicy' is deprecated and slated for removal in Python 3.16
  asyncio.set_event_loop_policy(asyncio.WindowsSelectorEventLoopPolicy())
C:\Users\BEST BUY COMPUTERS\AppData\Local\Programs\Python\Python314\Lib\site-packages\modal\_utils\async_utils.py:42: DeprecationWarning: 'asyncio.set_event_loop_policy' is deprecated and slated for removal in Python 3.16
  asyncio.set_event_loop_policy(asyncio.WindowsSelectorEventLoopPolicy())
<frozen runpy>:128: RuntimeWarning: 'swebench.harness.run_evaluation' found in sys.modules after import of package 'swebench.harness', but prior to execution of 'swebench.harness.run_evaluation'; this may result in unpredictable behaviour
2026-08-05 12:42:14,465 - httpx - INFO - HTTP Request: HEAD https://huggingface.co/datasets/princeton-nlp/SWE-bench_Verified/resolve/main/README.md "HTTP/1.1 307 Temporary Redirect"
2026-08-05 12:42:14,585 - httpx - INFO - HTTP Request: HEAD https://huggingface.co/api/resolve-cache/datasets/princeton-nlp/SWE-bench_Verified/c104f840cc67f8b6eec6f759ebc8b2693d585d4a/README.md "HTTP/1.1 200 OK"
2026-08-05 12:42:14,985 - httpx - INFO - HTTP Request: HEAD https://huggingface.co/datasets/princeton-nlp/SWE-bench_Verified/resolve/c104f840cc67f8b6eec6f759ebc8b2693d585d4a/SWE-bench_Verified.py "HTTP/1.1 404 Not Found"
2026-08-05 12:42:15,735 - httpx - INFO - HTTP Request: HEAD https://s3.amazonaws.com/datasets.huggingface.co/datasets/datasets/princeton-nlp/SWE-bench_Verified/princeton-nlp/SWE-bench_Verified.py "HTTP/1.1 404 Not Found"
2026-08-05 12:42:16,413 - httpx - INFO - HTTP Request: GET https://huggingface.co/api/datasets/princeton-nlp/SWE-bench_Verified/revision/c104f840cc67f8b6eec6f759ebc8b2693d585d4a "HTTP/1.1 200 OK"
2026-08-05 12:42:16,816 - httpx - INFO - HTTP Request: HEAD https://huggingface.co/datasets/princeton-nlp/SWE-bench_Verified/resolve/c104f840cc67f8b6eec6f759ebc8b2693d585d4a/.huggingface.yaml "HTTP/1.1 404 Not Found"
2026-08-05 12:42:17,376 - httpx - INFO - HTTP Request: GET https://datasets-server.huggingface.co/info?dataset=princeton-nlp/SWE-bench_Verified "HTTP/1.1 200 OK"
2026-08-05 12:42:17,725 - httpx - INFO - HTTP Request: GET https://huggingface.co/api/datasets/princeton-nlp/SWE-bench_Verified/tree/c104f840cc67f8b6eec6f759ebc8b2693d585d4a/data?recursive=true&expand=false "HTTP/1.1 200 OK"
2026-08-05 12:42:18,017 - httpx - INFO - HTTP Request: GET https://huggingface.co/api/datasets/princeton-nlp/SWE-bench_Verified/tree/c104f840cc67f8b6eec6f759ebc8b2693d585d4a?recursive=false&expand=false "HTTP/1.1 200 OK"
2026-08-05 12:42:18,470 - httpx - INFO - HTTP Request: HEAD https://huggingface.co/datasets/princeton-nlp/SWE-bench_Verified/resolve/c104f840cc67f8b6eec6f759ebc8b2693d585d4a/dataset_infos.json "HTTP/1.1 404 Not Found"
2026-08-05 12:42:20,096 - httpx - INFO - HTTP Request: HEAD https://huggingface.co/datasets/princeton-nlp/SWE-bench_Verified/resolve/main/README.md "HTTP/1.1 307 Temporary Redirect"
2026-08-05 12:42:20,172 - httpx - INFO - HTTP Request: HEAD https://huggingface.co/api/resolve-cache/datasets/princeton-nlp/SWE-bench_Verified/c104f840cc67f8b6eec6f759ebc8b2693d585d4a/README.md "HTTP/1.1 200 OK"
2026-08-05 12:42:20,876 - httpx - INFO - HTTP Request: HEAD https://huggingface.co/datasets/princeton-nlp/SWE-bench_Verified/resolve/c104f840cc67f8b6eec6f759ebc8b2693d585d4a/SWE-bench_Verified.py "HTTP/1.1 404 Not Found"
2026-08-05 12:42:22,043 - httpx - INFO - HTTP Request: HEAD https://s3.amazonaws.com/datasets.huggingface.co/datasets/datasets/princeton-nlp/SWE-bench_Verified/princeton-nlp/SWE-bench_Verified.py "HTTP/1.1 404 Not Found"
2026-08-05 12:42:22,377 - httpx - INFO - HTTP Request: HEAD https://huggingface.co/datasets/princeton-nlp/SWE-bench_Verified/resolve/c104f840cc67f8b6eec6f759ebc8b2693d585d4a/.huggingface.yaml "HTTP/1.1 404 Not Found"
2026-08-05 12:42:22,802 - httpx - INFO - HTTP Request: GET https://datasets-server.huggingface.co/info?dataset=princeton-nlp/SWE-bench_Verified "HTTP/1.1 200 OK"
2026-08-05 12:42:23,198 - httpx - INFO - HTTP Request: HEAD https://huggingface.co/datasets/princeton-nlp/SWE-bench_Verified/resolve/c104f840cc67f8b6eec6f759ebc8b2693d585d4a/dataset_infos.json "HTTP/1.1 404 Not Found"
Found 8 existing instance images. Will reuse them.
Running 8 instances...

Evaluation:   0%|          | 0/8 [00:00<?, ?it/s, error=0, \u2713=0, \u2716=0]
Evaluation:   0%|          | 0/8 [00:19<?, ?it/s, \u2713=0, \u2716=0, error=1]
Evaluation:  12%|#2        | 1/8 [00:19<02:14, 19.25s/it, \u2713=0, \u2716=0, error=1]
Evaluation:  12%|#2        | 1/8 [00:19<02:14, 19.25s/it, \u2713=0, \u2716=0, error=2]
Evaluation:  25%|##5       | 2/8 [00:19<00:48,  8.01s/it, \u2713=0, \u2716=0, error=2]
Evaluation:  25%|##5       | 2/8 [00:37<00:48,  8.01s/it, \u2713=0, \u2716=0, error=3]
Evaluation:  38%|###7      | 3/8 [00:37<01:03, 12.77s/it, \u2713=0, \u2716=0, error=3]
Evaluation:  38%|###7      | 3/8 [01:28<01:03, 12.77s/it, \u2713=0, \u2716=1, error=3]
Evaluation:  50%|#####     | 4/8 [01:28<01:51, 27.84s/it, \u2713=0, \u2716=1, error=3]
Evaluation:  50%|#####     | 4/8 [01:46<01:51, 27.84s/it, \u2713=0, \u2716=1, error=4]
Evaluation:  62%|######2   | 5/8 [01:46<01:12, 24.18s/it, \u2713=0, \u2716=1, error=4]
Evaluation:  62%|######2   | 5/8 [02:04<01:12, 24.18s/it, \u2713=0, \u2716=1, error=5]
Evaluation:  75%|#######5  | 6/8 [02:04<00:43, 21.93s/it, \u2713=0, \u2716=1, error=5]
Evaluation:  75%|#######5  | 6/8 [02:21<00:43, 21.93s/it, \u2713=0, \u2716=1, error=6]
Evaluation:  88%|########7 | 7/8 [02:21<00:20, 20.50s/it, \u2713=0, \u2716=1, error=6]
Evaluation:  88%|########7 | 7/8 [04:13<00:20, 20.50s/it, \u2713=0, \u2716=2, error=6]
Evaluation: 100%|##########| 8/8 [04:13<00:00, 49.64s/it, \u2713=0, \u2716=2, error=6]
Evaluation: 100%|##########| 8/8 [04:13<00:00, 31.70s/it, \u2713=0, \u2716=2, error=6]
astropy__astropy-8872: >>>>> Patch Apply Failed:
patching file astropy/units/quantity.py
Hunk #1 FAILED at 296.
1 out of 1 hunk FAILED -- saving rejects to file astropy/units/quantity.py.rej

Check (logs\run_evaluation\vi_b_lf_rescore_static_heuristic\commscm-vi-b-static_heuristic\astropy__astropy-8872\run_instance.log) for more information.
django__django-11239: >>>>> Patch Apply Failed:
can't find file to patch at input line 3
Perhaps you used the wrong -p or --strip option?
The text leading up to this was:
--------------------------
|--- a/django/dbshell.py
|+++ b/django/dbshell.py
--------------------------
No file to patch.  Skipping patch.
patch: **** malformed patch at line 13:              'psql',


Check (logs\run_evaluation\vi_b_lf_rescore_static_heuristic\commscm-vi-b-static_heuristic\django__django-11239\run_instance.log) for more information.
django__django-11999: >>>>> Patch Apply Failed:
can't find file to patch at input line 3
Perhaps you used the wrong -p or --strip option?
The text leading up to this was:
--------------------------
|--- a/original.py
|+++ b/fixed.py
--------------------------
No file to patch.  Skipping patch.
1 out of 1 hunk ignored

Check (logs\run_evaluation\vi_b_lf_rescore_static_heuristic\commscm-vi-b-static_heuristic\django__django-11999\run_instance.log) for more information.
django__django-16454: >>>>> Patch Apply Failed:
patching file django/core/management/base.py
patch: **** malformed patch at line 12:  


Check (logs\run_evaluation\vi_b_lf_rescore_static_heuristic\commscm-vi-b-static_heuristic\django__django-16454\run_instance.log) for more information.
matplotlib__matplotlib-25332: >>>>> Patch Apply Failed:
can't find file to patch at input line 3
Perhaps you used the wrong -p or --strip option?
The text leading up to this was:
--------------------------
|--- a/original_code.py
|+++ b/fixed_code.py
--------------------------
No file to patch.  Skipping patch.
patch: **** malformed patch at line 11: @@ -16,6 +17


Check (logs\run_evaluation\vi_b_lf_rescore_static_heuristic\commscm-vi-b-static_heuristic\matplotlib__matplotlib-25332\run_instance.log) for more information.
sympy__sympy-13551: >>>>> Patch Apply Failed:
patching file sympy/concrete/products.py
Hunk #1 FAILED at 283.
1 out of 1 hunk FAILED -- saving rejects to file sympy/concrete/products.py.rej

Check (logs\run_evaluation\vi_b_lf_rescore_static_heuristic\commscm-vi-b-static_heuristic\sympy__sympy-13551\run_instance.log) for more information.
All instances run.
Cleaning cached images...
Removed 0 images.
Total instances: 8
Instances submitted: 8
Instances completed: 2
Instances incomplete: 0
Instances resolved: 0
Instances unresolved: 2
Instances with empty patches: 0
Instances with errors: 6
Unstopped containers: 0
Unremoved images: 8
Report written to commscm-vi-b-static_heuristic.vi_b_lf_rescore_static_heuristic.json
  [static_heuristic] harness rc=0 free_gb=43.3
[disk] before prune free_gb=43.3
[disk] removed 8 sweb.eval images; free_gb=43.3
BATCH 5 done; gold_partial={'resolve_at_1_mean': 0.875, 'counts': {'resolved': 35, 'unresolved': 1, 'error': 4, 'missing': 60, 'scored': 40}}

=== BATCH 6/13 ids=scikit-learn__scikit-learn-14710..pylint-dev__pylint-6903 (8) ===
[prepull] pulling swebench/sweb.eval.x86_64.scikit-learn_1776_scikit-learn-14710:latest (free_gb=43.3)...
[prepull] ok swebench/sweb.eval.x86_64.scikit-learn_1776_scikit-learn-14710:latest in 907.9s
[prepull] pulling swebench/sweb.eval.x86_64.django_1776_django-16116:latest (free_gb=43.3)...
[prepull] ok swebench/sweb.eval.x86_64.django_1776_django-16116:latest in 346.9s
[prepull] pulling swebench/sweb.eval.x86_64.django_1776_django-14404:latest (free_gb=43.3)...
[prepull] ok swebench/sweb.eval.x86_64.django_1776_django-14404:latest in 315.4s
[prepull] pulling swebench/sweb.eval.x86_64.django_1776_django-15103:latest (free_gb=43.3)...
[prepull] ok swebench/sweb.eval.x86_64.django_1776_django-15103:latest in 61.8s
[prepull] pulling swebench/sweb.eval.x86_64.sphinx-doc_1776_sphinx-7985:latest (free_gb=43.3)...
[prepull] ok swebench/sweb.eval.x86_64.sphinx-doc_1776_sphinx-7985:latest in 261.3s
[prepull] pulling swebench/sweb.eval.x86_64.django_1776_django-14017:latest (free_gb=43.3)...
[prepull] ok swebench/sweb.eval.x86_64.django_1776_django-14017:latest in 59.7s
[prepull] pulling swebench/sweb.eval.x86_64.django_1776_django-14053:latest (free_gb=43.3)...
[prepull] ok swebench/sweb.eval.x86_64.django_1776_django-14053:latest in 65.2s
[prepull] pulling swebench/sweb.eval.x86_64.pylint-dev_1776_pylint-6903:latest (free_gb=43.3)...
[prepull] ok swebench/sweb.eval.x86_64.pylint-dev_1776_pylint-6903:latest in 263.3s
  [oracle_gold] evaluating 8/8 (free_gb=43.3)
C:\Users\BEST BUY COMPUTERS\AppData\Local\Programs\Python\Python314\Lib\site-packages\langchain_core\_api\deprecation.py:25: UserWarning: Core Pydantic V1 functionality isn't compatible with Python 3.14 or greater.
  from pydantic.v1.fields import FieldInfo as FieldInfoV1
C:\Users\BEST BUY COMPUTERS\AppData\Local\Programs\Python\Python314\Lib\site-packages\requests\__init__.py:113: RequestsDependencyWarning: urllib3 (2.6.2) or chardet (7.4.3)/charset_normalizer (3.4.4) doesn't match a supported version!
  warnings.warn(
C:\Users\BEST BUY COMPUTERS\AppData\Local\Programs\Python\Python314\Lib\site-packages\modal\_utils\async_utils.py:42: DeprecationWarning: 'asyncio.WindowsSelectorEventLoopPolicy' is deprecated and slated for removal in Python 3.16
  asyncio.set_event_loop_policy(asyncio.WindowsSelectorEventLoopPolicy())
C:\Users\BEST BUY COMPUTERS\AppData\Local\Programs\Python\Python314\Lib\site-packages\modal\_utils\async_utils.py:42: DeprecationWarning: 'asyncio.set_event_loop_policy' is deprecated and slated for removal in Python 3.16
  asyncio.set_event_loop_policy(asyncio.WindowsSelectorEventLoopPolicy())
<frozen runpy>:128: RuntimeWarning: 'swebench.harness.run_evaluation' found in sys.modules after import of package 'swebench.harness', but prior to execution of 'swebench.harness.run_evaluation'; this may result in unpredictable behaviour
2026-08-05 13:25:56,352 - httpx - INFO - HTTP Request: HEAD https://huggingface.co/datasets/princeton-nlp/SWE-bench_Verified/resolve/main/README.md "HTTP/1.1 307 Temporary Redirect"
2026-08-05 13:25:56,414 - httpx - INFO - HTTP Request: HEAD https://huggingface.co/api/resolve-cache/datasets/princeton-nlp/SWE-bench_Verified/c104f840cc67f8b6eec6f759ebc8b2693d585d4a/README.md "HTTP/1.1 200 OK"
2026-08-05 13:25:56,706 - httpx - INFO - HTTP Request: HEAD https://huggingface.co/datasets/princeton-nlp/SWE-bench_Verified/resolve/c104f840cc67f8b6eec6f759ebc8b2693d585d4a/SWE-bench_Verified.py "HTTP/1.1 404 Not Found"
2026-08-05 13:25:57,470 - httpx - INFO - HTTP Request: HEAD https://s3.amazonaws.com/datasets.huggingface.co/datasets/datasets/princeton-nlp/SWE-bench_Verified/princeton-nlp/SWE-bench_Verified.py "HTTP/1.1 404 Not Found"
2026-08-05 13:25:57,762 - httpx - INFO - HTTP Request: GET https://huggingface.co/api/datasets/princeton-nlp/SWE-bench_Verified/revision/c104f840cc67f8b6eec6f759ebc8b2693d585d4a "HTTP/1.1 200 OK"
2026-08-05 13:25:58,060 - httpx - INFO - HTTP Request: HEAD https://huggingface.co/datasets/princeton-nlp/SWE-bench_Verified/resolve/c104f840cc67f8b6eec6f759ebc8b2693d585d4a/.huggingface.yaml "HTTP/1.1 404 Not Found"
2026-08-05 13:25:58,609 - httpx - INFO - HTTP Request: GET https://datasets-server.huggingface.co/info?dataset=princeton-nlp/SWE-bench_Verified "HTTP/1.1 200 OK"
2026-08-05 13:25:58,912 - httpx - INFO - HTTP Request: GET https://huggingface.co/api/datasets/princeton-nlp/SWE-bench_Verified/tree/c104f840cc67f8b6eec6f759ebc8b2693d585d4a/data?recursive=true&expand=false "HTTP/1.1 200 OK"
2026-08-05 13:25:59,195 - httpx - INFO - HTTP Request: GET https://huggingface.co/api/datasets/princeton-nlp/SWE-bench_Verified/tree/c104f840cc67f8b6eec6f759ebc8b2693d585d4a?recursive=false&expand=false "HTTP/1.1 200 OK"
2026-08-05 13:25:59,497 - httpx - INFO - HTTP Request: HEAD https://huggingface.co/datasets/princeton-nlp/SWE-bench_Verified/resolve/c104f840cc67f8b6eec6f759ebc8b2693d585d4a/dataset_infos.json "HTTP/1.1 404 Not Found"
2026-08-05 13:26:00,529 - httpx - INFO - HTTP Request: HEAD https://huggingface.co/datasets/princeton-nlp/SWE-bench_Verified/resolve/main/README.md "HTTP/1.1 307 Temporary Redirect"
2026-08-05 13:26:00,582 - httpx - INFO - HTTP Request: HEAD https://huggingface.co/api/resolve-cache/datasets/princeton-nlp/SWE-bench_Verified/c104f840cc67f8b6eec6f759ebc8b2693d585d4a/README.md "HTTP/1.1 200 OK"
2026-08-05 13:26:00,884 - httpx - INFO - HTTP Request: HEAD https://huggingface.co/datasets/princeton-nlp/SWE-bench_Verified/resolve/c104f840cc67f8b6eec6f759ebc8b2693d585d4a/SWE-bench_Verified.py "HTTP/1.1 404 Not Found"
2026-08-05 13:26:01,138 - httpx - INFO - HTTP Request: HEAD https://s3.amazonaws.com/datasets.huggingface.co/datasets/datasets/princeton-nlp/SWE-bench_Verified/princeton-nlp/SWE-bench_Verified.py "HTTP/1.1 404 Not Found"
2026-08-05 13:26:01,449 - httpx - INFO - HTTP Request: HEAD https://huggingface.co/datasets/princeton-nlp/SWE-bench_Verified/resolve/c104f840cc67f8b6eec6f759ebc8b2693d585d4a/.huggingface.yaml "HTTP/1.1 404 Not Found"
2026-08-05 13:26:01,727 - httpx - INFO - HTTP Request: GET https://datasets-server.huggingface.co/info?dataset=princeton-nlp/SWE-bench_Verified "HTTP/1.1 200 OK"
2026-08-05 13:26:02,012 - httpx - INFO - HTTP Request: HEAD https://huggingface.co/datasets/princeton-nlp/SWE-bench_Verified/resolve/c104f840cc67f8b6eec6f759ebc8b2693d585d4a/dataset_infos.json "HTTP/1.1 404 Not Found"
Found 8 existing instance images. Will reuse them.
Running 8 instances...

Evaluation:   0%|          | 0/8 [00:00<?, ?it/s, error=0, \u2713=0, \u2716=0]
Evaluation:   0%|          | 0/8 [00:47<?, ?it/s, \u2713=1, \u2716=0, error=0]
Evaluation:  12%|#2        | 1/8 [00:47<05:33, 47.60s/it, \u2713=1, \u2716=0, error=0]
Evaluation:  12%|#2        | 1/8 [00:49<05:33, 47.60s/it, \u2713=2, \u2716=0, error=0]
Evaluation:  25%|##5       | 2/8 [00:49<02:05, 20.94s/it, \u2713=2, \u2716=0, error=0]
Evaluation:  25%|##5       | 2/8 [01:38<02:05, 20.94s/it, \u2713=2, \u2716=0, error=1]
Evaluation:  38%|###7      | 3/8 [01:38<02:48, 33.77s/it, \u2713=2, \u2716=0, error=1]
Evaluation:  38%|###7      | 3/8 [02:31<02:48, 33.77s/it, \u2713=3, \u2716=0, error=1]
Evaluation:  50%|#####     | 4/8 [02:31<02:44, 41.13s/it, \u2713=3, \u2716=0, error=1]
Evaluation:  50%|#####     | 4/8 [03:23<02:44, 41.13s/it, \u2713=4, \u2716=0, error=1]
Evaluation:  62%|######2   | 5/8 [03:23<02:15, 45.28s/it, \u2713=4, \u2716=0, error=1]
Evaluation:  62%|######2   | 5/8 [03:37<02:15, 45.28s/it, \u2713=5, \u2716=0, error=1]
Evaluation:  75%|#######5  | 6/8 [03:37<01:08, 34.45s/it, \u2713=5, \u2716=0, error=1]
Evaluation:  75%|#######5  | 6/8 [04:24<01:08, 34.45s/it, \u2713=6, \u2716=0, error=1]
Evaluation:  88%|########7 | 7/8 [04:24<00:38, 38.56s/it, \u2713=6, \u2716=0, error=1]
Evaluation:  88%|########7 | 7/8 [05:13<00:38, 38.56s/it, \u2713=7, \u2716=0, error=1]
Evaluation: 100%|##########| 8/8 [05:13<00:00, 41.99s/it, \u2713=7, \u2716=0, error=1]
Evaluation: 100%|##########| 8/8 [05:13<00:00, 39.22s/it, \u2713=7, \u2716=0, error=1]
All instances run.
Cleaning cached images...
Removed 0 images.
Total instances: 8
Instances submitted: 8
Instances completed: 7
Instances incomplete: 0
Instances resolved: 7
Instances unresolved: 0
Instances with empty patches: 0
Instances with errors: 1
Unstopped containers: 0
Unremoved images: 8
Report written to commscm-oracle-gold.oracle_gold_full_n100_lf.json
  [oracle_gold] harness rc=0 free_gb=43.3
  [cr_guided] evaluating 8/8 (free_gb=43.3)
C:\Users\BEST BUY COMPUTERS\AppData\Local\Programs\Python\Python314\Lib\site-packages\langchain_core\_api\deprecation.py:25: UserWarning: Core Pydantic V1 functionality isn't compatible with Python 3.14 or greater.
  from pydantic.v1.fields import FieldInfo as FieldInfoV1
C:\Users\BEST BUY COMPUTERS\AppData\Local\Programs\Python\Python314\Lib\site-packages\requests\__init__.py:113: RequestsDependencyWarning: urllib3 (2.6.2) or chardet (7.4.3)/charset_normalizer (3.4.4) doesn't match a supported version!
  warnings.warn(
C:\Users\BEST BUY COMPUTERS\AppData\Local\Programs\Python\Python314\Lib\site-packages\modal\_utils\async_utils.py:42: DeprecationWarning: 'asyncio.WindowsSelectorEventLoopPolicy' is deprecated and slated for removal in Python 3.16
  asyncio.set_event_loop_policy(asyncio.WindowsSelectorEventLoopPolicy())
C:\Users\BEST BUY COMPUTERS\AppData\Local\Programs\Python\Python314\Lib\site-packages\modal\_utils\async_utils.py:42: DeprecationWarning: 'asyncio.set_event_loop_policy' is deprecated and slated for removal in Python 3.16
  asyncio.set_event_loop_policy(asyncio.WindowsSelectorEventLoopPolicy())
<frozen runpy>:128: RuntimeWarning: 'swebench.harness.run_evaluation' found in sys.modules after import of package 'swebench.harness', but prior to execution of 'swebench.harness.run_evaluation'; this may result in unpredictable behaviour
2026-08-05 13:31:33,857 - httpx - INFO - HTTP Request: HEAD https://huggingface.co/datasets/princeton-nlp/SWE-bench_Verified/resolve/main/README.md "HTTP/1.1 307 Temporary Redirect"
2026-08-05 13:31:33,928 - httpx - INFO - HTTP Request: HEAD https://huggingface.co/api/resolve-cache/datasets/princeton-nlp/SWE-bench_Verified/c104f840cc67f8b6eec6f759ebc8b2693d585d4a/README.md "HTTP/1.1 200 OK"
2026-08-05 13:31:34,208 - httpx - INFO - HTTP Request: HEAD https://huggingface.co/datasets/princeton-nlp/SWE-bench_Verified/resolve/c104f840cc67f8b6eec6f759ebc8b2693d585d4a/SWE-bench_Verified.py "HTTP/1.1 404 Not Found"
2026-08-05 13:31:35,001 - httpx - INFO - HTTP Request: HEAD https://s3.amazonaws.com/datasets.huggingface.co/datasets/datasets/princeton-nlp/SWE-bench_Verified/princeton-nlp/SWE-bench_Verified.py "HTTP/1.1 404 Not Found"
2026-08-05 13:31:35,286 - httpx - INFO - HTTP Request: GET https://huggingface.co/api/datasets/princeton-nlp/SWE-bench_Verified/revision/c104f840cc67f8b6eec6f759ebc8b2693d585d4a "HTTP/1.1 200 OK"
2026-08-05 13:31:35,568 - httpx - INFO - HTTP Request: HEAD https://huggingface.co/datasets/princeton-nlp/SWE-bench_Verified/resolve/c104f840cc67f8b6eec6f759ebc8b2693d585d4a/.huggingface.yaml "HTTP/1.1 404 Not Found"
2026-08-05 13:31:36,049 - httpx - INFO - HTTP Request: GET https://datasets-server.huggingface.co/info?dataset=princeton-nlp/SWE-bench_Verified "HTTP/1.1 200 OK"
2026-08-05 13:31:36,333 - httpx - INFO - HTTP Request: GET https://huggingface.co/api/datasets/princeton-nlp/SWE-bench_Verified/tree/c104f840cc67f8b6eec6f759ebc8b2693d585d4a/data?recursive=true&expand=false "HTTP/1.1 200 OK"
2026-08-05 13:31:36,612 - httpx - INFO - HTTP Request: GET https://huggingface.co/api/datasets/princeton-nlp/SWE-bench_Verified/tree/c104f840cc67f8b6eec6f759ebc8b2693d585d4a?recursive=false&expand=false "HTTP/1.1 200 OK"
2026-08-05 13:31:36,903 - httpx - INFO - HTTP Request: HEAD https://huggingface.co/datasets/princeton-nlp/SWE-bench_Verified/resolve/c104f840cc67f8b6eec6f759ebc8b2693d585d4a/dataset_infos.json "HTTP/1.1 404 Not Found"
2026-08-05 13:31:37,592 - httpx - INFO - HTTP Request: HEAD https://huggingface.co/datasets/princeton-nlp/SWE-bench_Verified/resolve/main/README.md "HTTP/1.1 307 Temporary Redirect"
2026-08-05 13:31:37,659 - httpx - INFO - HTTP Request: HEAD https://huggingface.co/api/resolve-cache/datasets/princeton-nlp/SWE-bench_Verified/c104f840cc67f8b6eec6f759ebc8b2693d585d4a/README.md "HTTP/1.1 200 OK"
2026-08-05 13:31:37,950 - httpx - INFO - HTTP Request: HEAD https://huggingface.co/datasets/princeton-nlp/SWE-bench_Verified/resolve/c104f840cc67f8b6eec6f759ebc8b2693d585d4a/SWE-bench_Verified.py "HTTP/1.1 404 Not Found"
2026-08-05 13:31:38,205 - httpx - INFO - HTTP Request: HEAD https://s3.amazonaws.com/datasets.huggingface.co/datasets/datasets/princeton-nlp/SWE-bench_Verified/princeton-nlp/SWE-bench_Verified.py "HTTP/1.1 404 Not Found"
2026-08-05 13:31:38,501 - httpx - INFO - HTTP Request: HEAD https://huggingface.co/datasets/princeton-nlp/SWE-bench_Verified/resolve/c104f840cc67f8b6eec6f759ebc8b2693d585d4a/.huggingface.yaml "HTTP/1.1 404 Not Found"
2026-08-05 13:31:38,784 - httpx - INFO - HTTP Request: GET https://datasets-server.huggingface.co/info?dataset=princeton-nlp/SWE-bench_Verified "HTTP/1.1 200 OK"
2026-08-05 13:31:39,085 - httpx - INFO - HTTP Request: HEAD https://huggingface.co/datasets/princeton-nlp/SWE-bench_Verified/resolve/c104f840cc67f8b6eec6f759ebc8b2693d585d4a/dataset_infos.json "HTTP/1.1 404 Not Found"
Found 8 existing instance images. Will reuse them.
Running 8 instances...

Evaluation:   0%|          | 0/8 [00:00<?, ?it/s, error=0, \u2713=0, \u2716=0]
Evaluation:   0%|          | 0/8 [00:17<?, ?it/s, \u2713=0, \u2716=0, error=1]
Evaluation:  12%|#2        | 1/8 [00:17<02:02, 17.52s/it, \u2713=0, \u2716=0, error=1]
Evaluation:  12%|#2        | 1/8 [00:17<02:02, 17.52s/it, \u2713=0, \u2716=0, error=2]
Evaluation:  25%|##5       | 2/8 [00:17<00:43,  7.28s/it, \u2713=0, \u2716=0, error=2]
Evaluation:  25%|##5       | 2/8 [00:35<00:43,  7.28s/it, \u2713=0, \u2716=0, error=3]
Evaluation:  38%|###7      | 3/8 [00:35<00:59, 11.97s/it, \u2713=0, \u2716=0, error=3]
Evaluation:  38%|###7      | 3/8 [00:35<00:59, 11.97s/it, \u2713=0, \u2716=0, error=4]
Evaluation:  50%|#####     | 4/8 [00:35<00:29,  7.31s/it, \u2713=0, \u2716=0, error=4]
Evaluation:  50%|#####     | 4/8 [00:52<00:29,  7.31s/it, \u2713=0, \u2716=0, error=5]
Evaluation:  62%|######2   | 5/8 [00:52<00:32, 10.84s/it, \u2713=0, \u2716=0, error=5]
Evaluation:  62%|######2   | 5/8 [00:52<00:32, 10.84s/it, \u2713=0, \u2716=0, error=6]
Evaluation:  75%|#######5  | 6/8 [00:52<00:14,  7.22s/it, \u2713=0, \u2716=0, error=6]
Evaluation:  75%|#######5  | 6/8 [01:10<00:14,  7.22s/it, \u2713=0, \u2716=0, error=7]
Evaluation:  88%|########7 | 7/8 [01:10<00:10, 10.54s/it, \u2713=0, \u2716=0, error=7]
Evaluation:  88%|########7 | 7/8 [02:17<00:10, 10.54s/it, \u2713=1, \u2716=0, error=7]
Evaluation: 100%|##########| 8/8 [02:17<00:00, 28.67s/it, \u2713=1, \u2716=0, error=7]
Evaluation: 100%|##########| 8/8 [02:17<00:00, 17.19s/it, \u2713=1, \u2716=0, error=7]
django__django-14017: >>>>> Patch Apply Failed:
patch: **** unexpected end of file in patch
patching file django/db/models/expressions.py

Check (logs\run_evaluation\vi_b_lf_rescore_cr_guided\commscm-vi-b-cr_guided\django__django-14017\run_instance.log) for more information.
django__django-14053: >>>>> Patch Apply Failed:
patching file django/contrib/staticfiles/storage.py
patch: **** malformed patch at line 10:  


Check (logs\run_evaluation\vi_b_lf_rescore_cr_guided\commscm-vi-b-cr_guided\django__django-14053\run_instance.log) for more information.
django__django-14404: >>>>> Patch Apply Failed:
can't find file to patch at input line 3
Perhaps you used the wrong -p or --strip option?
The text leading up to this was:
--------------------------
|--- a/django/views.py
|+++ b/django/views.py
--------------------------
No file to patch.  Skipping patch.
patch: **** unexpected end of file in patch

Check (logs\run_evaluation\vi_b_lf_rescore_cr_guided\commscm-vi-b-cr_guided\django__django-14404\run_instance.log) for more information.
django__django-15103: >>>>> Patch Apply Failed:
patching file django/utils/safestring.py
Hunk #1 FAILED at 100.
1 out of 1 hunk FAILED -- saving rejects to file django/utils/safestring.py.rej

Check (logs\run_evaluation\vi_b_lf_rescore_cr_guided\commscm-vi-b-cr_guided\django__django-15103\run_instance.log) for more information.
django__django-16116: >>>>> Patch Apply Failed:
patching file django/core/management/commands/makemigrations.py
Hunk #1 FAILED at 123.
1 out of 1 hunk FAILED -- saving rejects to file django/core/management/commands/makemigrations.py.rej

Check (logs\run_evaluation\vi_b_lf_rescore_cr_guided\commscm-vi-b-cr_guided\django__django-16116\run_instance.log) for more information.
pylint-dev__pylint-6903: >>>>> Patch Apply Failed:
can't find file to patch at input line 3
Perhaps you used the wrong -p or --strip option?
The text leading up to this was:
--------------------------
|--- a/fix.py
|+++ b/fix.py
--------------------------
No file to patch.  Skipping patch.
1 out of 1 hunk ignored

Check (logs\run_evaluation\vi_b_lf_rescore_cr_guided\commscm-vi-b-cr_guided\pylint-dev__pylint-6903\run_instance.log) for more information.
sphinx-doc__sphinx-7985: >>>>> Patch Apply Failed:
patching file sphinx/builders/linkcheck.py
patch: **** malformed patch at line 14:              local_link = self.resolve_local_link(docname)


Check (logs\run_evaluation\vi_b_lf_rescore_cr_guided\commscm-vi-b-cr_guided\sphinx-doc__sphinx-7985\run_instance.log) for more information.
All instances run.
Cleaning cached images...
Removed 0 images.
Total instances: 8
Instances submitted: 8
Instances completed: 1
Instances incomplete: 0
Instances resolved: 1
Instances unresolved: 0
Instances with empty patches: 0
Instances with errors: 7
Unstopped containers: 0
Unremoved images: 8
Report written to commscm-vi-b-cr_guided.vi_b_lf_rescore_cr_guided.json
  [cr_guided] harness rc=0 free_gb=43.2
  [reward_only] evaluating 8/8 (free_gb=43.2)
C:\Users\BEST BUY COMPUTERS\AppData\Local\Programs\Python\Python314\Lib\site-packages\langchain_core\_api\deprecation.py:25: UserWarning: Core Pydantic V1 functionality isn't compatible with Python 3.14 or greater.
  from pydantic.v1.fields import FieldInfo as FieldInfoV1
C:\Users\BEST BUY COMPUTERS\AppData\Local\Programs\Python\Python314\Lib\site-packages\requests\__init__.py:113: RequestsDependencyWarning: urllib3 (2.6.2) or chardet (7.4.3)/charset_normalizer (3.4.4) doesn't match a supported version!
  warnings.warn(
C:\Users\BEST BUY COMPUTERS\AppData\Local\Programs\Python\Python314\Lib\site-packages\modal\_utils\async_utils.py:42: DeprecationWarning: 'asyncio.WindowsSelectorEventLoopPolicy' is deprecated and slated for removal in Python 3.16
  asyncio.set_event_loop_policy(asyncio.WindowsSelectorEventLoopPolicy())
C:\Users\BEST BUY COMPUTERS\AppData\Local\Programs\Python\Python314\Lib\site-packages\modal\_utils\async_utils.py:42: DeprecationWarning: 'asyncio.set_event_loop_policy' is deprecated and slated for removal in Python 3.16
  asyncio.set_event_loop_policy(asyncio.WindowsSelectorEventLoopPolicy())
<frozen runpy>:128: RuntimeWarning: 'swebench.harness.run_evaluation' found in sys.modules after import of package 'swebench.harness', but prior to execution of 'swebench.harness.run_evaluation'; this may result in unpredictable behaviour
2026-08-05 13:34:12,404 - httpx - INFO - HTTP Request: HEAD https://huggingface.co/datasets/princeton-nlp/SWE-bench_Verified/resolve/main/README.md "HTTP/1.1 307 Temporary Redirect"
2026-08-05 13:34:12,471 - httpx - INFO - HTTP Request: HEAD https://huggingface.co/api/resolve-cache/datasets/princeton-nlp/SWE-bench_Verified/c104f840cc67f8b6eec6f759ebc8b2693d585d4a/README.md "HTTP/1.1 200 OK"
2026-08-05 13:34:12,789 - httpx - INFO - HTTP Request: HEAD https://huggingface.co/datasets/princeton-nlp/SWE-bench_Verified/resolve/c104f840cc67f8b6eec6f759ebc8b2693d585d4a/SWE-bench_Verified.py "HTTP/1.1 404 Not Found"
2026-08-05 13:34:13,575 - httpx - INFO - HTTP Request: HEAD https://s3.amazonaws.com/datasets.huggingface.co/datasets/datasets/princeton-nlp/SWE-bench_Verified/princeton-nlp/SWE-bench_Verified.py "HTTP/1.1 404 Not Found"
2026-08-05 13:34:14,083 - httpx - INFO - HTTP Request: GET https://huggingface.co/api/datasets/princeton-nlp/SWE-bench_Verified/revision/c104f840cc67f8b6eec6f759ebc8b2693d585d4a "HTTP/1.1 200 OK"
2026-08-05 13:34:14,396 - httpx - INFO - HTTP Request: HEAD https://huggingface.co/datasets/princeton-nlp/SWE-bench_Verified/resolve/c104f840cc67f8b6eec6f759ebc8b2693d585d4a/.huggingface.yaml "HTTP/1.1 404 Not Found"
2026-08-05 13:34:14,863 - httpx - INFO - HTTP Request: GET https://datasets-server.huggingface.co/info?dataset=princeton-nlp/SWE-bench_Verified "HTTP/1.1 200 OK"
2026-08-05 13:34:15,332 - httpx - INFO - HTTP Request: GET https://huggingface.co/api/datasets/princeton-nlp/SWE-bench_Verified/tree/c104f840cc67f8b6eec6f759ebc8b2693d585d4a/data?recursive=true&expand=false "HTTP/1.1 200 OK"
2026-08-05 13:34:15,673 - httpx - INFO - HTTP Request: GET https://huggingface.co/api/datasets/princeton-nlp/SWE-bench_Verified/tree/c104f840cc67f8b6eec6f759ebc8b2693d585d4a?recursive=false&expand=false "HTTP/1.1 200 OK"
2026-08-05 13:34:16,192 - httpx - INFO - HTTP Request: HEAD https://huggingface.co/datasets/princeton-nlp/SWE-bench_Verified/resolve/c104f840cc67f8b6eec6f759ebc8b2693d585d4a/dataset_infos.json "HTTP/1.1 404 Not Found"
2026-08-05 13:34:16,887 - httpx - INFO - HTTP Request: HEAD https://huggingface.co/datasets/princeton-nlp/SWE-bench_Verified/resolve/main/README.md "HTTP/1.1 307 Temporary Redirect"
2026-08-05 13:34:16,954 - httpx - INFO - HTTP Request: HEAD https://huggingface.co/api/resolve-cache/datasets/princeton-nlp/SWE-bench_Verified/c104f840cc67f8b6eec6f759ebc8b2693d585d4a/README.md "HTTP/1.1 200 OK"
2026-08-05 13:34:17,242 - httpx - INFO - HTTP Request: HEAD https://huggingface.co/datasets/princeton-nlp/SWE-bench_Verified/resolve/c104f840cc67f8b6eec6f759ebc8b2693d585d4a/SWE-bench_Verified.py "HTTP/1.1 404 Not Found"
2026-08-05 13:34:17,480 - httpx - INFO - HTTP Request: HEAD https://s3.amazonaws.com/datasets.huggingface.co/datasets/datasets/princeton-nlp/SWE-bench_Verified/princeton-nlp/SWE-bench_Verified.py "HTTP/1.1 404 Not Found"
2026-08-05 13:34:17,789 - httpx - INFO - HTTP Request: HEAD https://huggingface.co/datasets/princeton-nlp/SWE-bench_Verified/resolve/c104f840cc67f8b6eec6f759ebc8b2693d585d4a/.huggingface.yaml "HTTP/1.1 404 Not Found"
2026-08-05 13:34:18,070 - httpx - INFO - HTTP Request: GET https://datasets-server.huggingface.co/info?dataset=princeton-nlp/SWE-bench_Verified "HTTP/1.1 200 OK"
2026-08-05 13:34:18,368 - httpx - INFO - HTTP Request: HEAD https://huggingface.co/datasets/princeton-nlp/SWE-bench_Verified/resolve/c104f840cc67f8b6eec6f759ebc8b2693d585d4a/dataset_infos.json "HTTP/1.1 404 Not Found"
Found 8 existing instance images. Will reuse them.
Running 8 instances...

Evaluation:   0%|          | 0/8 [00:00<?, ?it/s, error=0, \u2713=0, \u2716=0]
Evaluation:   0%|          | 0/8 [00:17<?, ?it/s, \u2713=0, \u2716=0, error=1]
Evaluation:  12%|#2        | 1/8 [00:17<02:01, 17.38s/it, \u2713=0, \u2716=0, error=1]
Evaluation:  12%|#2        | 1/8 [00:34<02:01, 17.38s/it, \u2713=0, \u2716=0, error=2]
Evaluation:  25%|##5       | 2/8 [00:34<01:42, 17.06s/it, \u2713=0, \u2716=0, error=2]
Evaluation:  25%|##5       | 2/8 [00:51<01:42, 17.06s/it, \u2713=0, \u2716=0, error=3]
Evaluation:  38%|###7      | 3/8 [00:51<01:25, 17.11s/it, \u2713=0, \u2716=0, error=3]
Evaluation:  38%|###7      | 3/8 [01:08<01:25, 17.11s/it, \u2713=0, \u2716=0, error=4]
Evaluation:  50%|#####     | 4/8 [01:08<01:08, 17.14s/it, \u2713=0, \u2716=0, error=4]
Evaluation:  50%|#####     | 4/8 [01:26<01:08, 17.14s/it, \u2713=0, \u2716=0, error=5]
Evaluation:  62%|######2   | 5/8 [01:26<00:52, 17.35s/it, \u2713=0, \u2716=0, error=5]
Evaluation:  62%|######2   | 5/8 [01:34<00:52, 17.35s/it, \u2713=0, \u2716=1, error=5]
Evaluation:  75%|#######5  | 6/8 [01:34<00:28, 14.21s/it, \u2713=0, \u2716=1, error=5]
Evaluation:  75%|#######5  | 6/8 [01:52<00:28, 14.21s/it, \u2713=0, \u2716=1, error=6]
Evaluation:  88%|########7 | 7/8 [01:52<00:15, 15.55s/it, \u2713=0, \u2716=1, error=6]
Evaluation:  88%|########7 | 7/8 [03:01<00:15, 15.55s/it, \u2713=1, \u2716=1, error=6]
Evaluation: 100%|##########| 8/8 [03:01<00:00, 32.47s/it, \u2713=1, \u2716=1, error=6]
Evaluation: 100%|##########| 8/8 [03:01<00:00, 22.68s/it, \u2713=1, \u2716=1, error=6]
django__django-14017: >>>>> Patch Apply Failed:
patching file django/db/models/expressions.py
patch: **** unexpected end of file in patch

Check (logs\run_evaluation\vi_b_lf_rescore_reward_only\commscm-vi-b-reward_only\django__django-14017\run_instance.log) for more information.
django__django-14404: >>>>> Patch Apply Failed:
patching file django/views/defaults.py
patch: **** unexpected end of file in patch

Check (logs\run_evaluation\vi_b_lf_rescore_reward_only\commscm-vi-b-reward_only\django__django-14404\run_instance.log) for more information.
django__django-15103: >>>>> Patch Apply Failed:
patching file django/utils/safestring.py
Hunk #1 FAILED at 123.
1 out of 1 hunk FAILED -- saving rejects to file django/utils/safestring.py.rej

Check (logs\run_evaluation\vi_b_lf_rescore_reward_only\commscm-vi-b-reward_only\django__django-15103\run_instance.log) for more information.
django__django-16116: >>>>> Patch Apply Failed:
patching file django/core/management/commands/makemigrations.py
Hunk #1 FAILED at 123.
1 out of 1 hunk FAILED -- saving rejects to file django/core/management/commands/makemigrations.py.rej

Check (logs\run_evaluation\vi_b_lf_rescore_reward_only\commscm-vi-b-reward_only\django__django-16116\run_instance.log) for more information.
pylint-dev__pylint-6903: >>>>> Patch Apply Failed:
patching file pylint/lint/run.py
patch: **** malformed patch at line 9: @@@ SYNTAX_ERROR: def solve(  # missing closing paren and body


Check (logs\run_evaluation\vi_b_lf_rescore_reward_only\commscm-vi-b-reward_only\pylint-dev__pylint-6903\run_instance.log) for more information.
sphinx-doc__sphinx-7985: >>>>> Patch Apply Failed:
patch: **** malformed patch at line 14:                  self.report_broken_link(link)

patching file sphinx/builders/linkcheck.py

Check (logs\run_evaluation\vi_b_lf_rescore_reward_only\commscm-vi-b-reward_only\sphinx-doc__sphinx-7985\run_instance.log) for more information.
All instances run.
Cleaning cached images...
Removed 0 images.
Total instances: 8
Instances submitted: 8
Instances completed: 2
Instances incomplete: 0
Instances resolved: 1
Instances unresolved: 1
Instances with empty patches: 0
Instances with errors: 6
Unstopped containers: 0
Unremoved images: 8
Report written to commscm-vi-b-reward_only.vi_b_lf_rescore_reward_only.json
  [reward_only] harness rc=0 free_gb=39.4
  [random] evaluating 8/8 (free_gb=39.4)
C:\Users\BEST BUY COMPUTERS\AppData\Local\Programs\Python\Python314\Lib\site-packages\langchain_core\_api\deprecation.py:25: UserWarning: Core Pydantic V1 functionality isn't compatible with Python 3.14 or greater.
  from pydantic.v1.fields import FieldInfo as FieldInfoV1
C:\Users\BEST BUY COMPUTERS\AppData\Local\Programs\Python\Python314\Lib\site-packages\requests\__init__.py:113: RequestsDependencyWarning: urllib3 (2.6.2) or chardet (7.4.3)/charset_normalizer (3.4.4) doesn't match a supported version!
  warnings.warn(
C:\Users\BEST BUY COMPUTERS\AppData\Local\Programs\Python\Python314\Lib\site-packages\modal\_utils\async_utils.py:42: DeprecationWarning: 'asyncio.WindowsSelectorEventLoopPolicy' is deprecated and slated for removal in Python 3.16
  asyncio.set_event_loop_policy(asyncio.WindowsSelectorEventLoopPolicy())
C:\Users\BEST BUY COMPUTERS\AppData\Local\Programs\Python\Python314\Lib\site-packages\modal\_utils\async_utils.py:42: DeprecationWarning: 'asyncio.set_event_loop_policy' is deprecated and slated for removal in Python 3.16
  asyncio.set_event_loop_policy(asyncio.WindowsSelectorEventLoopPolicy())
<frozen runpy>:128: RuntimeWarning: 'swebench.harness.run_evaluation' found in sys.modules after import of package 'swebench.harness', but prior to execution of 'swebench.harness.run_evaluation'; this may result in unpredictable behaviour
2026-08-05 13:37:36,300 - httpx - INFO - HTTP Request: HEAD https://huggingface.co/datasets/princeton-nlp/SWE-bench_Verified/resolve/main/README.md "HTTP/1.1 307 Temporary Redirect"
2026-08-05 13:37:36,359 - httpx - INFO - HTTP Request: HEAD https://huggingface.co/api/resolve-cache/datasets/princeton-nlp/SWE-bench_Verified/c104f840cc67f8b6eec6f759ebc8b2693d585d4a/README.md "HTTP/1.1 200 OK"
2026-08-05 13:37:36,641 - httpx - INFO - HTTP Request: HEAD https://huggingface.co/datasets/princeton-nlp/SWE-bench_Verified/resolve/c104f840cc67f8b6eec6f759ebc8b2693d585d4a/SWE-bench_Verified.py "HTTP/1.1 404 Not Found"
2026-08-05 13:37:37,372 - httpx - INFO - HTTP Request: HEAD https://s3.amazonaws.com/datasets.huggingface.co/datasets/datasets/princeton-nlp/SWE-bench_Verified/princeton-nlp/SWE-bench_Verified.py "HTTP/1.1 404 Not Found"
2026-08-05 13:37:37,669 - httpx - INFO - HTTP Request: GET https://huggingface.co/api/datasets/princeton-nlp/SWE-bench_Verified/revision/c104f840cc67f8b6eec6f759ebc8b2693d585d4a "HTTP/1.1 200 OK"
2026-08-05 13:37:37,950 - httpx - INFO - HTTP Request: HEAD https://huggingface.co/datasets/princeton-nlp/SWE-bench_Verified/resolve/c104f840cc67f8b6eec6f759ebc8b2693d585d4a/.huggingface.yaml "HTTP/1.1 404 Not Found"
2026-08-05 13:37:38,562 - httpx - INFO - HTTP Request: GET https://datasets-server.huggingface.co/info?dataset=princeton-nlp/SWE-bench_Verified "HTTP/1.1 200 OK"
2026-08-05 13:37:38,861 - httpx - INFO - HTTP Request: GET https://huggingface.co/api/datasets/princeton-nlp/SWE-bench_Verified/tree/c104f840cc67f8b6eec6f759ebc8b2693d585d4a/data?recursive=true&expand=false "HTTP/1.1 200 OK"
2026-08-05 13:37:39,149 - httpx - INFO - HTTP Request: GET https://huggingface.co/api/datasets/princeton-nlp/SWE-bench_Verified/tree/c104f840cc67f8b6eec6f759ebc8b2693d585d4a?recursive=false&expand=false "HTTP/1.1 200 OK"
2026-08-05 13:37:39,444 - httpx - INFO - HTTP Request: HEAD https://huggingface.co/datasets/princeton-nlp/SWE-bench_Verified/resolve/c104f840cc67f8b6eec6f759ebc8b2693d585d4a/dataset_infos.json "HTTP/1.1 404 Not Found"
2026-08-05 13:37:40,190 - httpx - INFO - HTTP Request: HEAD https://huggingface.co/datasets/princeton-nlp/SWE-bench_Verified/resolve/main/README.md "HTTP/1.1 307 Temporary Redirect"
2026-08-05 13:37:40,257 - httpx - INFO - HTTP Request: HEAD https://huggingface.co/api/resolve-cache/datasets/princeton-nlp/SWE-bench_Verified/c104f840cc67f8b6eec6f759ebc8b2693d585d4a/README.md "HTTP/1.1 200 OK"
2026-08-05 13:37:40,538 - httpx - INFO - HTTP Request: HEAD https://huggingface.co/datasets/princeton-nlp/SWE-bench_Verified/resolve/c104f840cc67f8b6eec6f759ebc8b2693d585d4a/SWE-bench_Verified.py "HTTP/1.1 404 Not Found"
2026-08-05 13:37:40,766 - httpx - INFO - HTTP Request: HEAD https://s3.amazonaws.com/datasets.huggingface.co/datasets/datasets/princeton-nlp/SWE-bench_Verified/princeton-nlp/SWE-bench_Verified.py "HTTP/1.1 404 Not Found"
2026-08-05 13:37:41,051 - httpx - INFO - HTTP Request: HEAD https://huggingface.co/datasets/princeton-nlp/SWE-bench_Verified/resolve/c104f840cc67f8b6eec6f759ebc8b2693d585d4a/.huggingface.yaml "HTTP/1.1 404 Not Found"
2026-08-05 13:37:41,311 - httpx - INFO - HTTP Request: GET https://datasets-server.huggingface.co/info?dataset=princeton-nlp/SWE-bench_Verified "HTTP/1.1 200 OK"
2026-08-05 13:37:41,597 - httpx - INFO - HTTP Request: HEAD https://huggingface.co/datasets/princeton-nlp/SWE-bench_Verified/resolve/c104f840cc67f8b6eec6f759ebc8b2693d585d4a/dataset_infos.json "HTTP/1.1 404 Not Found"
Found 8 existing instance images. Will reuse them.
Running 8 instances...

Evaluation:   0%|          | 0/8 [00:00<?, ?it/s, error=0, \u2713=0, \u2716=0]
Evaluation:   0%|          | 0/8 [00:17<?, ?it/s, \u2713=0, \u2716=0, error=1]
Evaluation:  12%|#2        | 1/8 [00:17<02:00, 17.29s/it, \u2713=0, \u2716=0, error=1]
Evaluation:  12%|#2        | 1/8 [00:34<02:00, 17.29s/it, \u2713=0, \u2716=0, error=2]
Evaluation:  25%|##5       | 2/8 [00:34<01:42, 17.15s/it, \u2713=0, \u2716=0, error=2]
Evaluation:  25%|##5       | 2/8 [00:38<01:42, 17.15s/it, \u2713=0, \u2716=1, error=2]
Evaluation:  38%|###7      | 3/8 [00:38<00:56, 11.23s/it, \u2713=0, \u2716=1, error=2]
Evaluation:  38%|###7      | 3/8 [00:52<00:56, 11.23s/it, \u2713=0, \u2716=1, error=3]
Evaluation:  50%|#####     | 4/8 [00:52<00:49, 12.27s/it, \u2713=0, \u2716=1, error=3]
Evaluation:  50%|#####     | 4/8 [01:10<00:49, 12.27s/it, \u2713=0, \u2716=1, error=4]
Evaluation:  62%|######2   | 5/8 [01:10<00:42, 14.22s/it, \u2713=0, \u2716=1, error=4]
Evaluation:  62%|######2   | 5/8 [01:35<00:42, 14.22s/it, \u2713=0, \u2716=2, error=4]
Evaluation:  75%|#######5  | 6/8 [01:35<00:36, 18.16s/it, \u2713=0, \u2716=2, error=4]
Evaluation:  75%|#######5  | 6/8 [01:54<00:36, 18.16s/it, \u2713=0, \u2716=2, error=5]
Evaluation:  88%|########7 | 7/8 [01:54<00:18, 18.21s/it, \u2713=0, \u2716=2, error=5]
Evaluation:  88%|########7 | 7/8 [03:51<00:18, 18.21s/it, \u2713=1, \u2716=2, error=5]
Evaluation: 100%|##########| 8/8 [03:51<00:00, 49.80s/it, \u2713=1, \u2716=2, error=5]
Evaluation: 100%|##########| 8/8 [03:51<00:00, 28.96s/it, \u2713=1, \u2716=2, error=5]
django__django-14017: >>>>> Patch Apply Failed:
patching file django/db/models/expressions.py
patch: **** malformed patch at line 15:  


Check (logs\run_evaluation\vi_b_lf_rescore_random\commscm-vi-b-random\django__django-14017\run_instance.log) for more information.
django__django-14404: >>>>> Patch Apply Failed:
patching file django/views/defaults.py
patch: **** unexpected end of file in patch

Check (logs\run_evaluation\vi_b_lf_rescore_random\commscm-vi-b-random\django__django-14404\run_instance.log) for more information.
django__django-15103: >>>>> Patch Apply Failed:
patching file django/utils/safestring.py
Hunk #1 FAILED at 100.
1 out of 1 hunk FAILED -- saving rejects to file django/utils/safestring.py.rej

Check (logs\run_evaluation\vi_b_lf_rescore_random\commscm-vi-b-random\django__django-15103\run_instance.log) for more information.
pylint-dev__pylint-6903: >>>>> Patch Apply Failed:
patching file pylint/lint/run.py
Hunk #1 FAILED at 57.
1 out of 1 hunk FAILED -- saving rejects to file pylint/lint/run.py.rej

Check (logs\run_evaluation\vi_b_lf_rescore_random\commscm-vi-b-random\pylint-dev__pylint-6903\run_instance.log) for more information.
sphinx-doc__sphinx-7985: >>>>> Patch Apply Failed:
can't find file to patch at input line 3
Perhaps you used the wrong -p or --strip option?
The text leading up to this was:
--------------------------
|--- a/sphinx/linkcheck.py
|+++ b/sphinx/linkcheck.py
--------------------------
No file to patch.  Skipping patch.
1 out of 1 hunk ignored

Check (logs\run_evaluation\vi_b_lf_rescore_random\commscm-vi-b-random\sphinx-doc__sphinx-7985\run_instance.log) for more information.
All instances run.
Cleaning cached images...
Removed 0 images.
Total instances: 8
Instances submitted: 8
Instances completed: 3
Instances incomplete: 0
Instances resolved: 1
Instances unresolved: 2
Instances with empty patches: 0
Instances with errors: 5
Unstopped containers: 0
Unremoved images: 8
Report written to commscm-vi-b-random.vi_b_lf_rescore_random.json
  [random] harness rc=0 free_gb=39.4
  [static_heuristic] evaluating 8/8 (free_gb=39.4)
C:\Users\BEST BUY COMPUTERS\AppData\Local\Programs\Python\Python314\Lib\site-packages\langchain_core\_api\deprecation.py:25: UserWarning: Core Pydantic V1 functionality isn't compatible with Python 3.14 or greater.
  from pydantic.v1.fields import FieldInfo as FieldInfoV1
C:\Users\BEST BUY COMPUTERS\AppData\Local\Programs\Python\Python314\Lib\site-packages\requests\__init__.py:113: RequestsDependencyWarning: urllib3 (2.6.2) or chardet (7.4.3)/charset_normalizer (3.4.4) doesn't match a supported version!
  warnings.warn(
C:\Users\BEST BUY COMPUTERS\AppData\Local\Programs\Python\Python314\Lib\site-packages\modal\_utils\async_utils.py:42: DeprecationWarning: 'asyncio.WindowsSelectorEventLoopPolicy' is deprecated and slated for removal in Python 3.16
  asyncio.set_event_loop_policy(asyncio.WindowsSelectorEventLoopPolicy())
C:\Users\BEST BUY COMPUTERS\AppData\Local\Programs\Python\Python314\Lib\site-packages\modal\_utils\async_utils.py:42: DeprecationWarning: 'asyncio.set_event_loop_policy' is deprecated and slated for removal in Python 3.16
  asyncio.set_event_loop_policy(asyncio.WindowsSelectorEventLoopPolicy())
<frozen runpy>:128: RuntimeWarning: 'swebench.harness.run_evaluation' found in sys.modules after import of package 'swebench.harness', but prior to execution of 'swebench.harness.run_evaluation'; this may result in unpredictable behaviour
2026-08-05 13:41:51,913 - httpx - INFO - HTTP Request: HEAD https://huggingface.co/datasets/princeton-nlp/SWE-bench_Verified/resolve/main/README.md "HTTP/1.1 307 Temporary Redirect"
2026-08-05 13:41:51,982 - httpx - INFO - HTTP Request: HEAD https://huggingface.co/api/resolve-cache/datasets/princeton-nlp/SWE-bench_Verified/c104f840cc67f8b6eec6f759ebc8b2693d585d4a/README.md "HTTP/1.1 200 OK"
2026-08-05 13:41:52,295 - httpx - INFO - HTTP Request: HEAD https://huggingface.co/datasets/princeton-nlp/SWE-bench_Verified/resolve/c104f840cc67f8b6eec6f759ebc8b2693d585d4a/SWE-bench_Verified.py "HTTP/1.1 404 Not Found"
2026-08-05 13:41:53,002 - httpx - INFO - HTTP Request: HEAD https://s3.amazonaws.com/datasets.huggingface.co/datasets/datasets/princeton-nlp/SWE-bench_Verified/princeton-nlp/SWE-bench_Verified.py "HTTP/1.1 404 Not Found"
2026-08-05 13:41:53,426 - httpx - INFO - HTTP Request: GET https://huggingface.co/api/datasets/princeton-nlp/SWE-bench_Verified/revision/c104f840cc67f8b6eec6f759ebc8b2693d585d4a "HTTP/1.1 200 OK"
2026-08-05 13:41:53,722 - httpx - INFO - HTTP Request: HEAD https://huggingface.co/datasets/princeton-nlp/SWE-bench_Verified/resolve/c104f840cc67f8b6eec6f759ebc8b2693d585d4a/.huggingface.yaml "HTTP/1.1 404 Not Found"
2026-08-05 13:41:54,210 - httpx - INFO - HTTP Request: GET https://datasets-server.huggingface.co/info?dataset=princeton-nlp/SWE-bench_Verified "HTTP/1.1 200 OK"
2026-08-05 13:41:54,501 - httpx - INFO - HTTP Request: GET https://huggingface.co/api/datasets/princeton-nlp/SWE-bench_Verified/tree/c104f840cc67f8b6eec6f759ebc8b2693d585d4a/data?recursive=true&expand=false "HTTP/1.1 200 OK"
2026-08-05 13:41:54,787 - httpx - INFO - HTTP Request: GET https://huggingface.co/api/datasets/princeton-nlp/SWE-bench_Verified/tree/c104f840cc67f8b6eec6f759ebc8b2693d585d4a?recursive=false&expand=false "HTTP/1.1 200 OK"
2026-08-05 13:41:55,096 - httpx - INFO - HTTP Request: HEAD https://huggingface.co/datasets/princeton-nlp/SWE-bench_Verified/resolve/c104f840cc67f8b6eec6f759ebc8b2693d585d4a/dataset_infos.json "HTTP/1.1 404 Not Found"
2026-08-05 13:41:56,185 - httpx - INFO - HTTP Request: HEAD https://huggingface.co/datasets/princeton-nlp/SWE-bench_Verified/resolve/main/README.md "HTTP/1.1 307 Temporary Redirect"
2026-08-05 13:41:56,259 - httpx - INFO - HTTP Request: HEAD https://huggingface.co/api/resolve-cache/datasets/princeton-nlp/SWE-bench_Verified/c104f840cc67f8b6eec6f759ebc8b2693d585d4a/README.md "HTTP/1.1 200 OK"
2026-08-05 13:41:56,546 - httpx - INFO - HTTP Request: HEAD https://huggingface.co/datasets/princeton-nlp/SWE-bench_Verified/resolve/c104f840cc67f8b6eec6f759ebc8b2693d585d4a/SWE-bench_Verified.py "HTTP/1.1 404 Not Found"
2026-08-05 13:41:56,782 - httpx - INFO - HTTP Request: HEAD https://s3.amazonaws.com/datasets.huggingface.co/datasets/datasets/princeton-nlp/SWE-bench_Verified/princeton-nlp/SWE-bench_Verified.py "HTTP/1.1 404 Not Found"
2026-08-05 13:41:57,092 - httpx - INFO - HTTP Request: HEAD https://huggingface.co/datasets/princeton-nlp/SWE-bench_Verified/resolve/c104f840cc67f8b6eec6f759ebc8b2693d585d4a/.huggingface.yaml "HTTP/1.1 404 Not Found"
2026-08-05 13:41:57,380 - httpx - INFO - HTTP Request: GET https://datasets-server.huggingface.co/info?dataset=princeton-nlp/SWE-bench_Verified "HTTP/1.1 200 OK"
2026-08-05 13:41:57,693 - httpx - INFO - HTTP Request: HEAD https://huggingface.co/datasets/princeton-nlp/SWE-bench_Verified/resolve/c104f840cc67f8b6eec6f759ebc8b2693d585d4a/dataset_infos.json "HTTP/1.1 404 Not Found"
Found 8 existing instance images. Will reuse them.
Running 8 instances...

Evaluation:   0%|          | 0/8 [00:00<?, ?it/s, error=0, \u2713=0, \u2716=0]
Evaluation:   0%|          | 0/8 [00:17<?, ?it/s, \u2713=0, \u2716=0, error=1]
Evaluation:  12%|#2        | 1/8 [00:17<02:05, 17.89s/it, \u2713=0, \u2716=0, error=1]
Evaluation:  12%|#2        | 1/8 [00:18<02:05, 17.89s/it, \u2713=0, \u2716=0, error=2]
Evaluation:  25%|##5       | 2/8 [00:18<00:44,  7.44s/it, \u2713=0, \u2716=0, error=2]
Evaluation:  25%|##5       | 2/8 [00:35<00:44,  7.44s/it, \u2713=0, \u2716=0, error=3]
Evaluation:  38%|###7      | 3/8 [00:35<01:00, 12.05s/it, \u2713=0, \u2716=0, error=3]
Evaluation:  38%|###7      | 3/8 [00:35<01:00, 12.05s/it, \u2713=0, \u2716=0, error=4]
Evaluation:  50%|#####     | 4/8 [00:35<00:29,  7.35s/it, \u2713=0, \u2716=0, error=4]
Evaluation:  50%|#####     | 4/8 [00:52<00:29,  7.35s/it, \u2713=0, \u2716=0, error=5]
Evaluation:  62%|######2   | 5/8 [00:52<00:32, 10.92s/it, \u2713=0, \u2716=0, error=5]
Evaluation:  62%|######2   | 5/8 [01:26<00:32, 10.92s/it, \u2713=0, \u2716=1, error=5]
Evaluation:  75%|#######5  | 6/8 [01:26<00:37, 18.58s/it, \u2713=0, \u2716=1, error=5]
Evaluation:  75%|#######5  | 6/8 [01:44<00:37, 18.58s/it, \u2713=0, \u2716=1, error=6]
Evaluation:  88%|########7 | 7/8 [01:44<00:18, 18.52s/it, \u2713=0, \u2716=1, error=6]
Evaluation:  88%|########7 | 7/8 [02:29<00:18, 18.52s/it, \u2713=1, \u2716=1, error=6]
Evaluation: 100%|##########| 8/8 [02:29<00:00, 26.83s/it, \u2713=1, \u2716=1, error=6]
Evaluation: 100%|##########| 8/8 [02:29<00:00, 18.68s/it, \u2713=1, \u2716=1, error=6]
django__django-14017: >>>>> Patch Apply Failed:
patching file django/db/models/expressions.py
patch: **** malformed patch at line 15:  


Check (logs\run_evaluation\vi_b_lf_rescore_static_heuristic\commscm-vi-b-static_heuristic\django__django-14017\run_instance.log) for more information.
django__django-14053: >>>>> Patch Apply Failed:
patch: **** malformed patch at line 10:  

patching file django/contrib/staticfiles/storage.py

Check (logs\run_evaluation\vi_b_lf_rescore_static_heuristic\commscm-vi-b-static_heuristic\django__django-14053\run_instance.log) for more information.
django__django-14404: >>>>> Patch Apply Failed:
patch: **** malformed patch at line 9:  

patching file django/views/defaults.py

Check (logs\run_evaluation\vi_b_lf_rescore_static_heuristic\commscm-vi-b-static_heuristic\django__django-14404\run_instance.log) for more information.
django__django-15103: >>>>> Patch Apply Failed:
patching file django/utils/safestring.py
Hunk #1 FAILED at 123.
1 out of 1 hunk FAILED -- saving rejects to file django/utils/safestring.py.rej

Check (logs\run_evaluation\vi_b_lf_rescore_static_heuristic\commscm-vi-b-static_heuristic\django__django-15103\run_instance.log) for more information.
pylint-dev__pylint-6903: >>>>> Patch Apply Failed:
patching file pylint/lint/run.py
Hunk #1 FAILED at 60.
1 out of 1 hunk FAILED -- saving rejects to file pylint/lint/run.py.rej

Check (logs\run_evaluation\vi_b_lf_rescore_static_heuristic\commscm-vi-b-static_heuristic\pylint-dev__pylint-6903\run_instance.log) for more information.
sphinx-doc__sphinx-7985: >>>>> Patch Apply Failed:
can't find file to patch at input line 3
Perhaps you used the wrong -p or --strip option?
The text leading up to this was:
--------------------------
|--- a/sphinx/linkcheck.py
|+++ b/sphinx/linkcheck.py
--------------------------
No file to patch.  Skipping patch.
1 out of 1 hunk ignored

Check (logs\run_evaluation\vi_b_lf_rescore_static_heuristic\commscm-vi-b-static_heuristic\sphinx-doc__sphinx-7985\run_instance.log) for more information.
All instances run.
Cleaning cached images...
Removed 0 images.
Total instances: 8
Instances submitted: 8
Instances completed: 2
Instances incomplete: 0
Instances resolved: 1
Instances unresolved: 1
Instances with empty patches: 0
Instances with errors: 6
Unstopped containers: 0
Unremoved images: 8
Report written to commscm-vi-b-static_heuristic.vi_b_lf_rescore_static_heuristic.json
  [static_heuristic] harness rc=0 free_gb=39.4
[disk] before prune free_gb=39.4
[disk] removed 8 sweb.eval images; free_gb=39.4
BATCH 6 done; gold_partial={'resolve_at_1_mean': 0.875, 'counts': {'resolved': 42, 'unresolved': 1, 'error': 5, 'missing': 52, 'scored': 48}}

=== BATCH 7/13 ids=django__django-15037..django__django-15569 (8) ===
[prepull] pulling swebench/sweb.eval.x86_64.django_1776_django-15037:latest (free_gb=39.4)...
[prepull] ok swebench/sweb.eval.x86_64.django_1776_django-15037:latest in 692.7s
[prepull] pulling swebench/sweb.eval.x86_64.django_1776_django-14792:latest (free_gb=43.1)...
[prepull] ok swebench/sweb.eval.x86_64.django_1776_django-14792:latest in 311.0s
[prepull] pulling swebench/sweb.eval.x86_64.django_1776_django-12754:latest (free_gb=43.1)...
[prepull] ok swebench/sweb.eval.x86_64.django_1776_django-12754:latest in 305.0s
[prepull] pulling swebench/sweb.eval.x86_64.django_1776_django-13089:latest (free_gb=43.1)...
[prepull] ok swebench/sweb.eval.x86_64.django_1776_django-13089:latest in 63.3s
[prepull] pulling swebench/sweb.eval.x86_64.sympy_1776_sympy-13852:latest (free_gb=43.1)...
[prepull] ok swebench/sweb.eval.x86_64.sympy_1776_sympy-13852:latest in 243.4s
[prepull] pulling swebench/sweb.eval.x86_64.pydata_1776_xarray-3993:latest (free_gb=43.1)...
[prepull] ok swebench/sweb.eval.x86_64.pydata_1776_xarray-3993:latest in 903.0s
[prepull] pulling swebench/sweb.eval.x86_64.django_1776_django-11477:latest (free_gb=39.2)...
[prepull] ok swebench/sweb.eval.x86_64.django_1776_django-11477:latest in 276.0s
[prepull] pulling swebench/sweb.eval.x86_64.django_1776_django-15569:latest (free_gb=39.4)...
[prepull] ok swebench/sweb.eval.x86_64.django_1776_django-15569:latest in 61.7s
  [oracle_gold] evaluating 8/8 (free_gb=39.4)
C:\Users\BEST BUY COMPUTERS\AppData\Local\Programs\Python\Python314\Lib\site-packages\langchain_core\_api\deprecation.py:25: UserWarning: Core Pydantic V1 functionality isn't compatible with Python 3.14 or greater.
  from pydantic.v1.fields import FieldInfo as FieldInfoV1
C:\Users\BEST BUY COMPUTERS\AppData\Local\Programs\Python\Python314\Lib\site-packages\requests\__init__.py:113: RequestsDependencyWarning: urllib3 (2.6.2) or chardet (7.4.3)/charset_normalizer (3.4.4) doesn't match a supported version!
  warnings.warn(
C:\Users\BEST BUY COMPUTERS\AppData\Local\Programs\Python\Python314\Lib\site-packages\modal\_utils\async_utils.py:42: DeprecationWarning: 'asyncio.WindowsSelectorEventLoopPolicy' is deprecated and slated for removal in Python 3.16
  asyncio.set_event_loop_policy(asyncio.WindowsSelectorEventLoopPolicy())
C:\Users\BEST BUY COMPUTERS\AppData\Local\Programs\Python\Python314\Lib\site-packages\modal\_utils\async_utils.py:42: DeprecationWarning: 'asyncio.set_event_loop_policy' is deprecated and slated for removal in Python 3.16
  asyncio.set_event_loop_policy(asyncio.WindowsSelectorEventLoopPolicy())
<frozen runpy>:128: RuntimeWarning: 'swebench.harness.run_evaluation' found in sys.modules after import of package 'swebench.harness', but prior to execution of 'swebench.harness.run_evaluation'; this may result in unpredictable behaviour
2026-08-05 14:33:02,199 - httpx - INFO - HTTP Request: HEAD https://huggingface.co/datasets/princeton-nlp/SWE-bench_Verified/resolve/main/README.md "HTTP/1.1 307 Temporary Redirect"
2026-08-05 14:33:02,265 - httpx - INFO - HTTP Request: HEAD https://huggingface.co/api/resolve-cache/datasets/princeton-nlp/SWE-bench_Verified/c104f840cc67f8b6eec6f759ebc8b2693d585d4a/README.md "HTTP/1.1 200 OK"
2026-08-05 14:33:02,685 - httpx - INFO - HTTP Request: HEAD https://huggingface.co/datasets/princeton-nlp/SWE-bench_Verified/resolve/c104f840cc67f8b6eec6f759ebc8b2693d585d4a/SWE-bench_Verified.py "HTTP/1.1 404 Not Found"
2026-08-05 14:33:03,450 - httpx - INFO - HTTP Request: HEAD https://s3.amazonaws.com/datasets.huggingface.co/datasets/datasets/princeton-nlp/SWE-bench_Verified/princeton-nlp/SWE-bench_Verified.py "HTTP/1.1 404 Not Found"
2026-08-05 14:33:03,787 - httpx - INFO - HTTP Request: GET https://huggingface.co/api/datasets/princeton-nlp/SWE-bench_Verified/revision/c104f840cc67f8b6eec6f759ebc8b2693d585d4a "HTTP/1.1 200 OK"
2026-08-05 14:33:04,079 - httpx - INFO - HTTP Request: HEAD https://huggingface.co/datasets/princeton-nlp/SWE-bench_Verified/resolve/c104f840cc67f8b6eec6f759ebc8b2693d585d4a/.huggingface.yaml "HTTP/1.1 404 Not Found"
2026-08-05 14:33:04,578 - httpx - INFO - HTTP Request: GET https://datasets-server.huggingface.co/info?dataset=princeton-nlp/SWE-bench_Verified "HTTP/1.1 200 OK"
2026-08-05 14:33:04,867 - httpx - INFO - HTTP Request: GET https://huggingface.co/api/datasets/princeton-nlp/SWE-bench_Verified/tree/c104f840cc67f8b6eec6f759ebc8b2693d585d4a/data?recursive=true&expand=false "HTTP/1.1 200 OK"
2026-08-05 14:33:05,152 - httpx - INFO - HTTP Request: GET https://huggingface.co/api/datasets/princeton-nlp/SWE-bench_Verified/tree/c104f840cc67f8b6eec6f759ebc8b2693d585d4a?recursive=false&expand=false "HTTP/1.1 200 OK"
2026-08-05 14:33:05,461 - httpx - INFO - HTTP Request: HEAD https://huggingface.co/datasets/princeton-nlp/SWE-bench_Verified/resolve/c104f840cc67f8b6eec6f759ebc8b2693d585d4a/dataset_infos.json "HTTP/1.1 404 Not Found"
2026-08-05 14:33:06,908 - httpx - INFO - HTTP Request: HEAD https://huggingface.co/datasets/princeton-nlp/SWE-bench_Verified/resolve/main/README.md "HTTP/1.1 307 Temporary Redirect"
2026-08-05 14:33:06,970 - httpx - INFO - HTTP Request: HEAD https://huggingface.co/api/resolve-cache/datasets/princeton-nlp/SWE-bench_Verified/c104f840cc67f8b6eec6f759ebc8b2693d585d4a/README.md "HTTP/1.1 200 OK"
2026-08-05 14:33:07,249 - httpx - INFO - HTTP Request: HEAD https://huggingface.co/datasets/princeton-nlp/SWE-bench_Verified/resolve/c104f840cc67f8b6eec6f759ebc8b2693d585d4a/SWE-bench_Verified.py "HTTP/1.1 404 Not Found"
2026-08-05 14:33:07,491 - httpx - INFO - HTTP Request: HEAD https://s3.amazonaws.com/datasets.huggingface.co/datasets/datasets/princeton-nlp/SWE-bench_Verified/princeton-nlp/SWE-bench_Verified.py "HTTP/1.1 404 Not Found"
2026-08-05 14:33:07,799 - httpx - INFO - HTTP Request: HEAD https://huggingface.co/datasets/princeton-nlp/SWE-bench_Verified/resolve/c104f840cc67f8b6eec6f759ebc8b2693d585d4a/.huggingface.yaml "HTTP/1.1 404 Not Found"
2026-08-05 14:33:08,090 - httpx - INFO - HTTP Request: GET https://datasets-server.huggingface.co/info?dataset=princeton-nlp/SWE-bench_Verified "HTTP/1.1 200 OK"
2026-08-05 14:33:08,502 - httpx - INFO - HTTP Request: HEAD https://huggingface.co/datasets/princeton-nlp/SWE-bench_Verified/resolve/c104f840cc67f8b6eec6f759ebc8b2693d585d4a/dataset_infos.json "HTTP/1.1 404 Not Found"
Found 8 existing instance images. Will reuse them.
Running 8 instances...

Evaluation:   0%|          | 0/8 [00:00<?, ?it/s, error=0, \u2713=0, \u2716=0]
Evaluation:   0%|          | 0/8 [00:41<?, ?it/s, \u2713=1, \u2716=0, error=0]
Evaluation:  12%|#2        | 1/8 [00:41<04:47, 41.05s/it, \u2713=1, \u2716=0, error=0]
Evaluation:  12%|#2        | 1/8 [00:42<04:47, 41.05s/it, \u2713=2, \u2716=0, error=0]
Evaluation:  25%|##5       | 2/8 [00:42<01:47, 17.85s/it, \u2713=2, \u2716=0, error=0]
Evaluation:  25%|##5       | 2/8 [01:25<01:47, 17.85s/it, \u2713=3, \u2716=0, error=0]
Evaluation:  38%|###7      | 3/8 [01:25<02:25, 29.13s/it, \u2713=3, \u2716=0, error=0]
Evaluation:  38%|###7      | 3/8 [02:10<02:25, 29.13s/it, \u2713=4, \u2716=0, error=0]
Evaluation:  50%|#####     | 4/8 [02:10<02:21, 35.39s/it, \u2713=4, \u2716=0, error=0]
Evaluation:  50%|#####     | 4/8 [02:35<02:21, 35.39s/it, \u2713=5, \u2716=0, error=0]
Evaluation:  62%|######2   | 5/8 [02:35<01:35, 31.70s/it, \u2713=5, \u2716=0, error=0]
Evaluation:  62%|######2   | 5/8 [02:55<01:35, 31.70s/it, \u2713=6, \u2716=0, error=0]
Evaluation:  75%|#######5  | 6/8 [02:55<00:55, 27.86s/it, \u2713=6, \u2716=0, error=0]
Evaluation:  75%|#######5  | 6/8 [03:29<00:55, 27.86s/it, \u2713=7, \u2716=0, error=0]
Evaluation:  88%|########7 | 7/8 [03:29<00:29, 29.88s/it, \u2713=7, \u2716=0, error=0]
Evaluation:  88%|########7 | 7/8 [05:23<00:29, 29.88s/it, \u2713=8, \u2716=0, error=0]
Evaluation: 100%|##########| 8/8 [05:23<00:00, 56.41s/it, \u2713=8, \u2716=0, error=0]
Evaluation: 100%|##########| 8/8 [05:23<00:00, 40.38s/it, \u2713=8, \u2716=0, error=0]
All instances run.
Cleaning cached images...
Removed 0 images.
Total instances: 8
Instances submitted: 8
Instances completed: 8
Instances incomplete: 0
Instances resolved: 8
Instances unresolved: 0
Instances with empty patches: 0
Instances with errors: 0
Unstopped containers: 0
Unremoved images: 8
Report written to commscm-oracle-gold.oracle_gold_full_n100_lf.json
  [oracle_gold] harness rc=0 free_gb=39.4
  [cr_guided] evaluating 8/8 (free_gb=39.4)
C:\Users\BEST BUY COMPUTERS\AppData\Local\Programs\Python\Python314\Lib\site-packages\langchain_core\_api\deprecation.py:25: UserWarning: Core Pydantic V1 functionality isn't compatible with Python 3.14 or greater.
  from pydantic.v1.fields import FieldInfo as FieldInfoV1
C:\Users\BEST BUY COMPUTERS\AppData\Local\Programs\Python\Python314\Lib\site-packages\requests\__init__.py:113: RequestsDependencyWarning: urllib3 (2.6.2) or chardet (7.4.3)/charset_normalizer (3.4.4) doesn't match a supported version!
  warnings.warn(
C:\Users\BEST BUY COMPUTERS\AppData\Local\Programs\Python\Python314\Lib\site-packages\modal\_utils\async_utils.py:42: DeprecationWarning: 'asyncio.WindowsSelectorEventLoopPolicy' is deprecated and slated for removal in Python 3.16
  asyncio.set_event_loop_policy(asyncio.WindowsSelectorEventLoopPolicy())
C:\Users\BEST BUY COMPUTERS\AppData\Local\Programs\Python\Python314\Lib\site-packages\modal\_utils\async_utils.py:42: DeprecationWarning: 'asyncio.set_event_loop_policy' is deprecated and slated for removal in Python 3.16
  asyncio.set_event_loop_policy(asyncio.WindowsSelectorEventLoopPolicy())
<frozen runpy>:128: RuntimeWarning: 'swebench.harness.run_evaluation' found in sys.modules after import of package 'swebench.harness', but prior to execution of 'swebench.harness.run_evaluation'; this may result in unpredictable behaviour
2026-08-05 14:38:45,958 - httpx - INFO - HTTP Request: HEAD https://huggingface.co/datasets/princeton-nlp/SWE-bench_Verified/resolve/main/README.md "HTTP/1.1 307 Temporary Redirect"
2026-08-05 14:38:46,015 - httpx - INFO - HTTP Request: HEAD https://huggingface.co/api/resolve-cache/datasets/princeton-nlp/SWE-bench_Verified/c104f840cc67f8b6eec6f759ebc8b2693d585d4a/README.md "HTTP/1.1 200 OK"
2026-08-05 14:38:46,288 - httpx - INFO - HTTP Request: HEAD https://huggingface.co/datasets/princeton-nlp/SWE-bench_Verified/resolve/c104f840cc67f8b6eec6f759ebc8b2693d585d4a/SWE-bench_Verified.py "HTTP/1.1 404 Not Found"
2026-08-05 14:38:47,054 - httpx - INFO - HTTP Request: HEAD https://s3.amazonaws.com/datasets.huggingface.co/datasets/datasets/princeton-nlp/SWE-bench_Verified/princeton-nlp/SWE-bench_Verified.py "HTTP/1.1 404 Not Found"
2026-08-05 14:38:47,387 - httpx - INFO - HTTP Request: GET https://huggingface.co/api/datasets/princeton-nlp/SWE-bench_Verified/revision/c104f840cc67f8b6eec6f759ebc8b2693d585d4a "HTTP/1.1 200 OK"
2026-08-05 14:38:47,669 - httpx - INFO - HTTP Request: HEAD https://huggingface.co/datasets/princeton-nlp/SWE-bench_Verified/resolve/c104f840cc67f8b6eec6f759ebc8b2693d585d4a/.huggingface.yaml "HTTP/1.1 404 Not Found"
2026-08-05 14:38:48,123 - httpx - INFO - HTTP Request: GET https://datasets-server.huggingface.co/info?dataset=princeton-nlp/SWE-bench_Verified "HTTP/1.1 200 OK"
2026-08-05 14:38:48,395 - httpx - INFO - HTTP Request: GET https://huggingface.co/api/datasets/princeton-nlp/SWE-bench_Verified/tree/c104f840cc67f8b6eec6f759ebc8b2693d585d4a/data?recursive=true&expand=false "HTTP/1.1 200 OK"
2026-08-05 14:38:48,661 - httpx - INFO - HTTP Request: GET https://huggingface.co/api/datasets/princeton-nlp/SWE-bench_Verified/tree/c104f840cc67f8b6eec6f759ebc8b2693d585d4a?recursive=false&expand=false "HTTP/1.1 200 OK"
2026-08-05 14:38:48,934 - httpx - INFO - HTTP Request: HEAD https://huggingface.co/datasets/princeton-nlp/SWE-bench_Verified/resolve/c104f840cc67f8b6eec6f759ebc8b2693d585d4a/dataset_infos.json "HTTP/1.1 404 Not Found"
2026-08-05 14:38:49,688 - httpx - INFO - HTTP Request: HEAD https://huggingface.co/datasets/princeton-nlp/SWE-bench_Verified/resolve/main/README.md "HTTP/1.1 307 Temporary Redirect"
2026-08-05 14:38:49,732 - httpx - INFO - HTTP Request: HEAD https://huggingface.co/api/resolve-cache/datasets/princeton-nlp/SWE-bench_Verified/c104f840cc67f8b6eec6f759ebc8b2693d585d4a/README.md "HTTP/1.1 200 OK"
2026-08-05 14:38:50,007 - httpx - INFO - HTTP Request: HEAD https://huggingface.co/datasets/princeton-nlp/SWE-bench_Verified/resolve/c104f840cc67f8b6eec6f759ebc8b2693d585d4a/SWE-bench_Verified.py "HTTP/1.1 404 Not Found"
2026-08-05 14:38:50,245 - httpx - INFO - HTTP Request: HEAD https://s3.amazonaws.com/datasets.huggingface.co/datasets/datasets/princeton-nlp/SWE-bench_Verified/princeton-nlp/SWE-bench_Verified.py "HTTP/1.1 404 Not Found"
2026-08-05 14:38:50,516 - httpx - INFO - HTTP Request: HEAD https://huggingface.co/datasets/princeton-nlp/SWE-bench_Verified/resolve/c104f840cc67f8b6eec6f759ebc8b2693d585d4a/.huggingface.yaml "HTTP/1.1 404 Not Found"
2026-08-05 14:38:50,796 - httpx - INFO - HTTP Request: GET https://datasets-server.huggingface.co/info?dataset=princeton-nlp/SWE-bench_Verified "HTTP/1.1 200 OK"
2026-08-05 14:38:51,127 - httpx - INFO - HTTP Request: HEAD https://huggingface.co/datasets/princeton-nlp/SWE-bench_Verified/resolve/c104f840cc67f8b6eec6f759ebc8b2693d585d4a/dataset_infos.json "HTTP/1.1 404 Not Found"
Found 8 existing instance images. Will reuse them.
Running 8 instances...

Evaluation:   0%|          | 0/8 [00:00<?, ?it/s, error=0, \u2713=0, \u2716=0]
Evaluation:   0%|          | 0/8 [00:17<?, ?it/s, \u2713=0, \u2716=0, error=1]
Evaluation:  12%|#2        | 1/8 [00:17<02:03, 17.69s/it, \u2713=0, \u2716=0, error=1]
Evaluation:  12%|#2        | 1/8 [00:17<02:03, 17.69s/it, \u2713=0, \u2716=0, error=2]
Evaluation:  25%|##5       | 2/8 [00:17<00:44,  7.39s/it, \u2713=0, \u2716=0, error=2]
Evaluation:  25%|##5       | 2/8 [00:34<00:44,  7.39s/it, \u2713=0, \u2716=0, error=3]
Evaluation:  38%|###7      | 3/8 [00:34<00:58, 11.78s/it, \u2713=0, \u2716=0, error=3]
Evaluation:  38%|###7      | 3/8 [00:35<00:58, 11.78s/it, \u2713=0, \u2716=0, error=4]
Evaluation:  50%|#####     | 4/8 [00:35<00:28,  7.24s/it, \u2713=0, \u2716=0, error=4]
Evaluation:  50%|#####     | 4/8 [00:52<00:28,  7.24s/it, \u2713=0, \u2716=0, error=5]
Evaluation:  62%|######2   | 5/8 [00:52<00:32, 10.89s/it, \u2713=0, \u2716=0, error=5]
Evaluation:  62%|######2   | 5/8 [00:52<00:32, 10.89s/it, \u2713=0, \u2716=0, error=6]
Evaluation:  75%|#######5  | 6/8 [00:52<00:14,  7.23s/it, \u2713=0, \u2716=0, error=6]
Evaluation:  75%|#######5  | 6/8 [01:10<00:14,  7.23s/it, \u2713=0, \u2716=0, error=7]
Evaluation:  88%|########7 | 7/8 [01:10<00:10, 10.56s/it, \u2713=0, \u2716=0, error=7]
Evaluation:  88%|########7 | 7/8 [01:10<00:10, 10.56s/it, \u2713=0, \u2716=0, error=8]
Evaluation: 100%|##########| 8/8 [01:10<00:00,  8.77s/it, \u2713=0, \u2716=0, error=8]
django__django-11477: >>>>> Patch Apply Failed:
patching file django/urls/resolvers.py
patch: **** malformed patch at line 10:  


Check (logs\run_evaluation\vi_b_lf_rescore_cr_guided\commscm-vi-b-cr_guided\django__django-11477\run_instance.log) for more information.
django__django-12754: >>>>> Patch Apply Failed:
patch: **** Only garbage was found in the patch input.

Check (logs\run_evaluation\vi_b_lf_rescore_cr_guided\commscm-vi-b-cr_guided\django__django-12754\run_instance.log) for more information.
django__django-13089: >>>>> Patch Apply Failed:
patching file django/core/cache/backends/db.py
patch: **** malformed patch at line 11:  


Check (logs\run_evaluation\vi_b_lf_rescore_cr_guided\commscm-vi-b-cr_guided\django__django-13089\run_instance.log) for more information.
django__django-14792: >>>>> Patch Apply Failed:
can't find file to patch at input line 3
Perhaps you used the wrong -p or --strip option?
The text leading up to this was:
--------------------------
|--- a/fix.py
|+++ b/fix.py
--------------------------
No file to patch.  Skipping patch.
1 out of 1 hunk ignored

Check (logs\run_evaluation\vi_b_lf_rescore_cr_guided\commscm-vi-b-cr_guided\django__django-14792\run_instance.log) for more information.
django__django-15037: >>>>> Patch Apply Failed:
patch: **** Only garbage was found in the patch input.

Check (logs\run_evaluation\vi_b_lf_rescore_cr_guided\commscm-vi-b-cr_guided\django__django-15037\run_instance.log) for more information.
django__django-15569: >>>>> Patch Apply Failed:
patch: **** Only garbage was found in the patch input.

Check (logs\run_evaluation\vi_b_lf_rescore_cr_guided\commscm-vi-b-cr_guided\django__django-15569\run_instance.log) for more information.
pydata__xarray-3993: >>>>> Patch Apply Failed:
can't find file to patch at input line 3
Perhaps you used the wrong -p or --strip option?
The text leading up to this was:
--------------------------
|--- a/fix.py
|+++ b/fix.py
--------------------------
No file to patch.  Skipping patch.
1 out of 1 hunk ignored

Check (logs\run_evaluation\vi_b_lf_rescore_cr_guided\commscm-vi-b-cr_guided\pydata__xarray-3993\run_instance.log) for more information.
sympy__sympy-13852: >>>>> Patch Apply Failed:
can't find file to patch at input line 3
Perhaps you used the wrong -p or --strip option?
The text leading up to this was:
--------------------------
|--- a/sympy/functions/elementary/analytic.py
|+++ b/sympy/functions/elementary/analytic.py
--------------------------
No file to patch.  Skipping patch.
1 out of 1 hunk ignored

Check (logs\run_evaluation\vi_b_lf_rescore_cr_guided\commscm-vi-b-cr_guided\sympy__sympy-13852\run_instance.log) for more information.
All instances run.
Cleaning cached images...
Removed 0 images.
Total instances: 8
Instances submitted: 8
Instances completed: 0
Instances incomplete: 0
Instances resolved: 0
Instances unresolved: 0
Instances with empty patches: 0
Instances with errors: 8
Unstopped containers: 0
Unremoved images: 8
Report written to commscm-vi-b-cr_guided.vi_b_lf_rescore_cr_guided.json
  [cr_guided] harness rc=0 free_gb=39.4
  [reward_only] evaluating 8/8 (free_gb=39.4)
C:\Users\BEST BUY COMPUTERS\AppData\Local\Programs\Python\Python314\Lib\site-packages\langchain_core\_api\deprecation.py:25: UserWarning: Core Pydantic V1 functionality isn't compatible with Python 3.14 or greater.
  from pydantic.v1.fields import FieldInfo as FieldInfoV1
C:\Users\BEST BUY COMPUTERS\AppData\Local\Programs\Python\Python314\Lib\site-packages\requests\__init__.py:113: RequestsDependencyWarning: urllib3 (2.6.2) or chardet (7.4.3)/charset_normalizer (3.4.4) doesn't match a supported version!
  warnings.warn(
C:\Users\BEST BUY COMPUTERS\AppData\Local\Programs\Python\Python314\Lib\site-packages\modal\_utils\async_utils.py:42: DeprecationWarning: 'asyncio.WindowsSelectorEventLoopPolicy' is deprecated and slated for removal in Python 3.16
  asyncio.set_event_loop_policy(asyncio.WindowsSelectorEventLoopPolicy())
C:\Users\BEST BUY COMPUTERS\AppData\Local\Programs\Python\Python314\Lib\site-packages\modal\_utils\async_utils.py:42: DeprecationWarning: 'asyncio.set_event_loop_policy' is deprecated and slated for removal in Python 3.16
  asyncio.set_event_loop_policy(asyncio.WindowsSelectorEventLoopPolicy())
<frozen runpy>:128: RuntimeWarning: 'swebench.harness.run_evaluation' found in sys.modules after import of package 'swebench.harness', but prior to execution of 'swebench.harness.run_evaluation'; this may result in unpredictable behaviour
2026-08-05 14:40:16,941 - httpx - INFO - HTTP Request: HEAD https://huggingface.co/datasets/princeton-nlp/SWE-bench_Verified/resolve/main/README.md "HTTP/1.1 307 Temporary Redirect"
2026-08-05 14:40:17,005 - httpx - INFO - HTTP Request: HEAD https://huggingface.co/api/resolve-cache/datasets/princeton-nlp/SWE-bench_Verified/c104f840cc67f8b6eec6f759ebc8b2693d585d4a/README.md "HTTP/1.1 200 OK"
2026-08-05 14:40:17,293 - httpx - INFO - HTTP Request: HEAD https://huggingface.co/datasets/princeton-nlp/SWE-bench_Verified/resolve/c104f840cc67f8b6eec6f759ebc8b2693d585d4a/SWE-bench_Verified.py "HTTP/1.1 404 Not Found"
2026-08-05 14:40:18,047 - httpx - INFO - HTTP Request: HEAD https://s3.amazonaws.com/datasets.huggingface.co/datasets/datasets/princeton-nlp/SWE-bench_Verified/princeton-nlp/SWE-bench_Verified.py "HTTP/1.1 404 Not Found"
2026-08-05 14:40:18,396 - httpx - INFO - HTTP Request: GET https://huggingface.co/api/datasets/princeton-nlp/SWE-bench_Verified/revision/c104f840cc67f8b6eec6f759ebc8b2693d585d4a "HTTP/1.1 200 OK"
2026-08-05 14:40:18,685 - httpx - INFO - HTTP Request: HEAD https://huggingface.co/datasets/princeton-nlp/SWE-bench_Verified/resolve/c104f840cc67f8b6eec6f759ebc8b2693d585d4a/.huggingface.yaml "HTTP/1.1 404 Not Found"
2026-08-05 14:40:19,129 - httpx - INFO - HTTP Request: GET https://datasets-server.huggingface.co/info?dataset=princeton-nlp/SWE-bench_Verified "HTTP/1.1 200 OK"
2026-08-05 14:40:19,449 - httpx - INFO - HTTP Request: GET https://huggingface.co/api/datasets/princeton-nlp/SWE-bench_Verified/tree/c104f840cc67f8b6eec6f759ebc8b2693d585d4a/data?recursive=true&expand=false "HTTP/1.1 200 OK"
2026-08-05 14:40:19,732 - httpx - INFO - HTTP Request: GET https://huggingface.co/api/datasets/princeton-nlp/SWE-bench_Verified/tree/c104f840cc67f8b6eec6f759ebc8b2693d585d4a?recursive=false&expand=false "HTTP/1.1 200 OK"
2026-08-05 14:40:20,266 - httpx - INFO - HTTP Request: HEAD https://huggingface.co/datasets/princeton-nlp/SWE-bench_Verified/resolve/c104f840cc67f8b6eec6f759ebc8b2693d585d4a/dataset_infos.json "HTTP/1.1 404 Not Found"
2026-08-05 14:40:21,291 - httpx - INFO - HTTP Request: HEAD https://huggingface.co/datasets/princeton-nlp/SWE-bench_Verified/resolve/main/README.md "HTTP/1.1 307 Temporary Redirect"
2026-08-05 14:40:21,352 - httpx - INFO - HTTP Request: HEAD https://huggingface.co/api/resolve-cache/datasets/princeton-nlp/SWE-bench_Verified/c104f840cc67f8b6eec6f759ebc8b2693d585d4a/README.md "HTTP/1.1 200 OK"
2026-08-05 14:40:21,686 - httpx - INFO - HTTP Request: HEAD https://huggingface.co/datasets/princeton-nlp/SWE-bench_Verified/resolve/c104f840cc67f8b6eec6f759ebc8b2693d585d4a/SWE-bench_Verified.py "HTTP/1.1 404 Not Found"
2026-08-05 14:40:21,919 - httpx - INFO - HTTP Request: HEAD https://s3.amazonaws.com/datasets.huggingface.co/datasets/datasets/princeton-nlp/SWE-bench_Verified/princeton-nlp/SWE-bench_Verified.py "HTTP/1.1 404 Not Found"
2026-08-05 14:40:22,221 - httpx - INFO - HTTP Request: HEAD https://huggingface.co/datasets/princeton-nlp/SWE-bench_Verified/resolve/c104f840cc67f8b6eec6f759ebc8b2693d585d4a/.huggingface.yaml "HTTP/1.1 404 Not Found"
2026-08-05 14:40:22,493 - httpx - INFO - HTTP Request: GET https://datasets-server.huggingface.co/info?dataset=princeton-nlp/SWE-bench_Verified "HTTP/1.1 200 OK"
2026-08-05 14:40:22,789 - httpx - INFO - HTTP Request: HEAD https://huggingface.co/datasets/princeton-nlp/SWE-bench_Verified/resolve/c104f840cc67f8b6eec6f759ebc8b2693d585d4a/dataset_infos.json "HTTP/1.1 404 Not Found"
Found 8 existing instance images. Will reuse them.
Running 8 instances...

Evaluation:   0%|          | 0/8 [00:00<?, ?it/s, error=0, \u2713=0, \u2716=0]
Evaluation:   0%|          | 0/8 [00:17<?, ?it/s, \u2713=0, \u2716=0, error=1]
Evaluation:  12%|#2        | 1/8 [00:17<02:03, 17.66s/it, \u2713=0, \u2716=0, error=1]
Evaluation:  12%|#2        | 1/8 [00:35<02:03, 17.66s/it, \u2713=0, \u2716=1, error=1]
Evaluation:  25%|##5       | 2/8 [00:35<01:46, 17.70s/it, \u2713=0, \u2716=1, error=1]
Evaluation:  25%|##5       | 2/8 [00:50<01:46, 17.70s/it, \u2713=0, \u2716=2, error=1]
Evaluation:  38%|###7      | 3/8 [00:50<01:23, 16.65s/it, \u2713=0, \u2716=2, error=1]
Evaluation:  38%|###7      | 3/8 [00:52<01:23, 16.65s/it, \u2713=0, \u2716=2, error=2]
Evaluation:  50%|#####     | 4/8 [00:52<00:43, 10.76s/it, \u2713=0, \u2716=2, error=2]
Evaluation:  50%|#####     | 4/8 [01:08<00:43, 10.76s/it, \u2713=0, \u2716=2, error=3]
Evaluation:  62%|######2   | 5/8 [01:08<00:37, 12.59s/it, \u2713=0, \u2716=2, error=3]
Evaluation:  62%|######2   | 5/8 [01:26<00:37, 12.59s/it, \u2713=0, \u2716=2, error=4]
Evaluation:  75%|#######5  | 6/8 [01:26<00:28, 14.35s/it, \u2713=0, \u2716=2, error=4]
Evaluation:  75%|#######5  | 6/8 [01:34<00:28, 14.35s/it, \u2713=0, \u2716=3, error=4]
Evaluation:  88%|########7 | 7/8 [01:34<00:12, 12.44s/it, \u2713=0, \u2716=3, error=4]
Evaluation:  88%|########7 | 7/8 [01:43<00:12, 12.44s/it, \u2713=0, \u2716=3, error=5]
Evaluation: 100%|##########| 8/8 [01:43<00:00, 11.31s/it, \u2713=0, \u2716=3, error=5]
Evaluation: 100%|##########| 8/8 [01:43<00:00, 12.94s/it, \u2713=0, \u2716=3, error=5]
django__django-11477: >>>>> Patch Apply Failed:
patching file django/urls/resolvers.py
Hunk #1 FAILED at 123.
1 out of 1 hunk FAILED -- saving rejects to file django/urls/resolvers.py.rej

Check (logs\run_evaluation\vi_b_lf_rescore_reward_only\commscm-vi-b-reward_only\django__django-11477\run_instance.log) for more information.
django__django-14792: >>>>> Patch Apply Failed:
can't find file to patch at input line 3
Perhaps you used the wrong -p or --strip option?
The text leading up to this was:
--------------------------
|--- a/django/db/models/functions.py
|+++ b/django/db/models/functions.py
--------------------------
No file to patch.  Skipping patch.
patch: **** malformed patch at line 22: @@@ SYNTAX_ERROR: def solve(  # missing closing paren and body


Check (logs\run_evaluation\vi_b_lf_rescore_reward_only\commscm-vi-b-reward_only\django__django-14792\run_instance.log) for more information.
django__django-15037: >>>>> Patch Apply Failed:
patching file django/db/models/options.py
Hunk #1 FAILED at 1234.
1 out of 1 hunk FAILED -- saving rejects to file django/db/models/options.py.rej

Check (logs\run_evaluation\vi_b_lf_rescore_reward_only\commscm-vi-b-reward_only\django__django-15037\run_instance.log) for more information.
pydata__xarray-3993: >>>>> Patch Apply Failed:
patching file xarray/core/dataarray.py
Hunk #1 FAILED at 1234.
1 out of 1 hunk FAILED -- saving rejects to file xarray/core/dataarray.py.rej

Check (logs\run_evaluation\vi_b_lf_rescore_reward_only\commscm-vi-b-reward_only\pydata__xarray-3993\run_instance.log) for more information.
sympy__sympy-13852: >>>>> Patch Apply Failed:
can't find file to patch at input line 3
Perhaps you used the wrong -p or --strip option?
The text leading up to this was:
--------------------------
|--- a/sympy/functions/elementary/analytic.py
|+++ b/sympy/functions/elementary/analytic.py
--------------------------
No file to patch.  Skipping patch.
1 out of 1 hunk ignored

Check (logs\run_evaluation\vi_b_lf_rescore_reward_only\commscm-vi-b-reward_only\sympy__sympy-13852\run_instance.log) for more information.
All instances run.
Cleaning cached images...
Removed 0 images.
Total instances: 8
Instances submitted: 8
Instances completed: 3
Instances incomplete: 0
Instances resolved: 0
Instances unresolved: 3
Instances with empty patches: 0
Instances with errors: 5
Unstopped containers: 0
Unremoved images: 8
Report written to commscm-vi-b-reward_only.vi_b_lf_rescore_reward_only.json
  [reward_only] harness rc=0 free_gb=39.4
  [random] evaluating 8/8 (free_gb=39.4)
C:\Users\BEST BUY COMPUTERS\AppData\Local\Programs\Python\Python314\Lib\site-packages\langchain_core\_api\deprecation.py:25: UserWarning: Core Pydantic V1 functionality isn't compatible with Python 3.14 or greater.
  from pydantic.v1.fields import FieldInfo as FieldInfoV1
C:\Users\BEST BUY COMPUTERS\AppData\Local\Programs\Python\Python314\Lib\site-packages\requests\__init__.py:113: RequestsDependencyWarning: urllib3 (2.6.2) or chardet (7.4.3)/charset_normalizer (3.4.4) doesn't match a supported version!
  warnings.warn(
C:\Users\BEST BUY COMPUTERS\AppData\Local\Programs\Python\Python314\Lib\site-packages\modal\_utils\async_utils.py:42: DeprecationWarning: 'asyncio.WindowsSelectorEventLoopPolicy' is deprecated and slated for removal in Python 3.16
  asyncio.set_event_loop_policy(asyncio.WindowsSelectorEventLoopPolicy())
C:\Users\BEST BUY COMPUTERS\AppData\Local\Programs\Python\Python314\Lib\site-packages\modal\_utils\async_utils.py:42: DeprecationWarning: 'asyncio.set_event_loop_policy' is deprecated and slated for removal in Python 3.16
  asyncio.set_event_loop_policy(asyncio.WindowsSelectorEventLoopPolicy())
<frozen runpy>:128: RuntimeWarning: 'swebench.harness.run_evaluation' found in sys.modules after import of package 'swebench.harness', but prior to execution of 'swebench.harness.run_evaluation'; this may result in unpredictable behaviour
2026-08-05 14:42:22,980 - httpx - INFO - HTTP Request: HEAD https://huggingface.co/datasets/princeton-nlp/SWE-bench_Verified/resolve/main/README.md "HTTP/1.1 307 Temporary Redirect"
2026-08-05 14:42:23,044 - httpx - INFO - HTTP Request: HEAD https://huggingface.co/api/resolve-cache/datasets/princeton-nlp/SWE-bench_Verified/c104f840cc67f8b6eec6f759ebc8b2693d585d4a/README.md "HTTP/1.1 200 OK"
2026-08-05 14:42:23,482 - httpx - INFO - HTTP Request: HEAD https://huggingface.co/datasets/princeton-nlp/SWE-bench_Verified/resolve/c104f840cc67f8b6eec6f759ebc8b2693d585d4a/SWE-bench_Verified.py "HTTP/1.1 404 Not Found"
2026-08-05 14:42:24,192 - httpx - INFO - HTTP Request: HEAD https://s3.amazonaws.com/datasets.huggingface.co/datasets/datasets/princeton-nlp/SWE-bench_Verified/princeton-nlp/SWE-bench_Verified.py "HTTP/1.1 404 Not Found"
2026-08-05 14:42:24,492 - httpx - INFO - HTTP Request: GET https://huggingface.co/api/datasets/princeton-nlp/SWE-bench_Verified/revision/c104f840cc67f8b6eec6f759ebc8b2693d585d4a "HTTP/1.1 200 OK"
2026-08-05 14:42:24,782 - httpx - INFO - HTTP Request: HEAD https://huggingface.co/datasets/princeton-nlp/SWE-bench_Verified/resolve/c104f840cc67f8b6eec6f759ebc8b2693d585d4a/.huggingface.yaml "HTTP/1.1 404 Not Found"
2026-08-05 14:42:25,304 - httpx - INFO - HTTP Request: GET https://datasets-server.huggingface.co/info?dataset=princeton-nlp/SWE-bench_Verified "HTTP/1.1 200 OK"
2026-08-05 14:42:25,609 - httpx - INFO - HTTP Request: GET https://huggingface.co/api/datasets/princeton-nlp/SWE-bench_Verified/tree/c104f840cc67f8b6eec6f759ebc8b2693d585d4a/data?recursive=true&expand=false "HTTP/1.1 200 OK"
2026-08-05 14:42:25,922 - httpx - INFO - HTTP Request: GET https://huggingface.co/api/datasets/princeton-nlp/SWE-bench_Verified/tree/c104f840cc67f8b6eec6f759ebc8b2693d585d4a?recursive=false&expand=false "HTTP/1.1 200 OK"
2026-08-05 14:42:26,216 - httpx - INFO - HTTP Request: HEAD https://huggingface.co/datasets/princeton-nlp/SWE-bench_Verified/resolve/c104f840cc67f8b6eec6f759ebc8b2693d585d4a/dataset_infos.json "HTTP/1.1 404 Not Found"
2026-08-05 14:42:26,898 - httpx - INFO - HTTP Request: HEAD https://huggingface.co/datasets/princeton-nlp/SWE-bench_Verified/resolve/main/README.md "HTTP/1.1 307 Temporary Redirect"
2026-08-05 14:42:26,965 - httpx - INFO - HTTP Request: HEAD https://huggingface.co/api/resolve-cache/datasets/princeton-nlp/SWE-bench_Verified/c104f840cc67f8b6eec6f759ebc8b2693d585d4a/README.md "HTTP/1.1 200 OK"
2026-08-05 14:42:27,255 - httpx - INFO - HTTP Request: HEAD https://huggingface.co/datasets/princeton-nlp/SWE-bench_Verified/resolve/c104f840cc67f8b6eec6f759ebc8b2693d585d4a/SWE-bench_Verified.py "HTTP/1.1 404 Not Found"
2026-08-05 14:42:27,479 - httpx - INFO - HTTP Request: HEAD https://s3.amazonaws.com/datasets.huggingface.co/datasets/datasets/princeton-nlp/SWE-bench_Verified/princeton-nlp/SWE-bench_Verified.py "HTTP/1.1 404 Not Found"
2026-08-05 14:42:27,776 - httpx - INFO - HTTP Request: HEAD https://huggingface.co/datasets/princeton-nlp/SWE-bench_Verified/resolve/c104f840cc67f8b6eec6f759ebc8b2693d585d4a/.huggingface.yaml "HTTP/1.1 404 Not Found"
2026-08-05 14:42:28,051 - httpx - INFO - HTTP Request: GET https://datasets-server.huggingface.co/info?dataset=princeton-nlp/SWE-bench_Verified "HTTP/1.1 200 OK"
2026-08-05 14:42:28,352 - httpx - INFO - HTTP Request: HEAD https://huggingface.co/datasets/princeton-nlp/SWE-bench_Verified/resolve/c104f840cc67f8b6eec6f759ebc8b2693d585d4a/dataset_infos.json "HTTP/1.1 404 Not Found"
Found 8 existing instance images. Will reuse them.
Running 8 instances...

Evaluation:   0%|          | 0/8 [00:00<?, ?it/s, error=0, \u2713=0, \u2716=0]
Evaluation:   0%|          | 0/8 [00:17<?, ?it/s, \u2713=0, \u2716=0, error=1]
Evaluation:  12%|#2        | 1/8 [00:17<01:59, 17.09s/it, \u2713=0, \u2716=0, error=1]
Evaluation:  12%|#2        | 1/8 [00:31<01:59, 17.09s/it, \u2713=0, \u2716=1, error=1]
Evaluation:  25%|##5       | 2/8 [00:31<01:33, 15.62s/it, \u2713=0, \u2716=1, error=1]
Evaluation:  25%|##5       | 2/8 [00:34<01:33, 15.62s/it, \u2713=0, \u2716=1, error=2]
Evaluation:  38%|###7      | 3/8 [00:34<00:48,  9.61s/it, \u2713=0, \u2716=1, error=2]
Evaluation:  38%|###7      | 3/8 [00:48<00:48,  9.61s/it, \u2713=0, \u2716=1, error=3]
Evaluation:  50%|#####     | 4/8 [00:48<00:46, 11.53s/it, \u2713=0, \u2716=1, error=3]
Evaluation:  50%|#####     | 4/8 [00:51<00:46, 11.53s/it, \u2713=0, \u2716=1, error=4]
Evaluation:  62%|######2   | 5/8 [00:51<00:25,  8.47s/it, \u2713=0, \u2716=1, error=4]
Evaluation:  62%|######2   | 5/8 [01:09<00:25,  8.47s/it, \u2713=0, \u2716=1, error=5]
Evaluation:  75%|#######5  | 6/8 [01:09<00:23, 11.71s/it, \u2713=0, \u2716=1, error=5]
Evaluation:  75%|#######5  | 6/8 [01:26<00:23, 11.71s/it, \u2713=0, \u2716=1, error=6]
Evaluation:  88%|########7 | 7/8 [01:26<00:13, 13.49s/it, \u2713=0, \u2716=1, error=6]
Evaluation:  88%|########7 | 7/8 [01:33<00:13, 13.49s/it, \u2713=0, \u2716=2, error=6]
Evaluation: 100%|##########| 8/8 [01:33<00:00, 11.26s/it, \u2713=0, \u2716=2, error=6]
Evaluation: 100%|##########| 8/8 [01:33<00:00, 11.66s/it, \u2713=0, \u2716=2, error=6]
django__django-11477: >>>>> Patch Apply Failed:
patch: **** malformed patch at line 8:  

patching file django/urls/resolvers.py

Check (logs\run_evaluation\vi_b_lf_rescore_random\commscm-vi-b-random\django__django-11477\run_instance.log) for more information.
django__django-13089: >>>>> Patch Apply Failed:
patch: **** Only garbage was found in the patch input.

Check (logs\run_evaluation\vi_b_lf_rescore_random\commscm-vi-b-random\django__django-13089\run_instance.log) for more information.
django__django-14792: >>>>> Patch Apply Failed:
patch: **** Only garbage was found in the patch input.

Check (logs\run_evaluation\vi_b_lf_rescore_random\commscm-vi-b-random\django__django-14792\run_instance.log) for more information.
django__django-15037: >>>>> Patch Apply Failed:
can't find file to patch at input line 3
Perhaps you used the wrong -p or --strip option?
The text leading up to this was:
--------------------------
|--- a/fix.py
|+++ b/fix.py
--------------------------
No file to patch.  Skipping patch.
1 out of 1 hunk ignored

Check (logs\run_evaluation\vi_b_lf_rescore_random\commscm-vi-b-random\django__django-15037\run_instance.log) for more information.
pydata__xarray-3993: >>>>> Patch Apply Failed:
patching file xarray/core/dataarray.py
Hunk #1 FAILED at 1234.
1 out of 1 hunk FAILED -- saving rejects to file xarray/core/dataarray.py.rej

Check (logs\run_evaluation\vi_b_lf_rescore_random\commscm-vi-b-random\pydata__xarray-3993\run_instance.log) for more information.
sympy__sympy-13852: >>>>> Patch Apply Failed:
can't find file to patch at input line 3
Perhaps you used the wrong -p or --strip option?
The text leading up to this was:
--------------------------
|--- a/sympy/functions/elementary/analytic.py
|+++ b/sympy/functions/elementary/analytic.py
--------------------------
No file to patch.  Skipping patch.
1 out of 1 hunk ignored

Check (logs\run_evaluation\vi_b_lf_rescore_random\commscm-vi-b-random\sympy__sympy-13852\run_instance.log) for more information.
All instances run.
Cleaning cached images...
Removed 0 images.
Total instances: 8
Instances submitted: 8
Instances completed: 2
Instances incomplete: 0
Instances resolved: 0
Instances unresolved: 2
Instances with empty patches: 0
Instances with errors: 6
Unstopped containers: 0
Unremoved images: 8
Report written to commscm-vi-b-random.vi_b_lf_rescore_random.json
  [random] harness rc=0 free_gb=39.4
  [static_heuristic] evaluating 8/8 (free_gb=39.4)
C:\Users\BEST BUY COMPUTERS\AppData\Local\Programs\Python\Python314\Lib\site-packages\langchain_core\_api\deprecation.py:25: UserWarning: Core Pydantic V1 functionality isn't compatible with Python 3.14 or greater.
  from pydantic.v1.fields import FieldInfo as FieldInfoV1
C:\Users\BEST BUY COMPUTERS\AppData\Local\Programs\Python\Python314\Lib\site-packages\requests\__init__.py:113: RequestsDependencyWarning: urllib3 (2.6.2) or chardet (7.4.3)/charset_normalizer (3.4.4) doesn't match a supported version!
  warnings.warn(
C:\Users\BEST BUY COMPUTERS\AppData\Local\Programs\Python\Python314\Lib\site-packages\modal\_utils\async_utils.py:42: DeprecationWarning: 'asyncio.WindowsSelectorEventLoopPolicy' is deprecated and slated for removal in Python 3.16
  asyncio.set_event_loop_policy(asyncio.WindowsSelectorEventLoopPolicy())
C:\Users\BEST BUY COMPUTERS\AppData\Local\Programs\Python\Python314\Lib\site-packages\modal\_utils\async_utils.py:42: DeprecationWarning: 'asyncio.set_event_loop_policy' is deprecated and slated for removal in Python 3.16
  asyncio.set_event_loop_policy(asyncio.WindowsSelectorEventLoopPolicy())
<frozen runpy>:128: RuntimeWarning: 'swebench.harness.run_evaluation' found in sys.modules after import of package 'swebench.harness', but prior to execution of 'swebench.harness.run_evaluation'; this may result in unpredictable behaviour
2026-08-05 14:44:17,048 - httpx - INFO - HTTP Request: HEAD https://huggingface.co/datasets/princeton-nlp/SWE-bench_Verified/resolve/main/README.md "HTTP/1.1 307 Temporary Redirect"
2026-08-05 14:44:17,118 - httpx - INFO - HTTP Request: HEAD https://huggingface.co/api/resolve-cache/datasets/princeton-nlp/SWE-bench_Verified/c104f840cc67f8b6eec6f759ebc8b2693d585d4a/README.md "HTTP/1.1 200 OK"
2026-08-05 14:44:17,404 - httpx - INFO - HTTP Request: HEAD https://huggingface.co/datasets/princeton-nlp/SWE-bench_Verified/resolve/c104f840cc67f8b6eec6f759ebc8b2693d585d4a/SWE-bench_Verified.py "HTTP/1.1 404 Not Found"
2026-08-05 14:44:18,164 - httpx - INFO - HTTP Request: HEAD https://s3.amazonaws.com/datasets.huggingface.co/datasets/datasets/princeton-nlp/SWE-bench_Verified/princeton-nlp/SWE-bench_Verified.py "HTTP/1.1 404 Not Found"
2026-08-05 14:44:18,456 - httpx - INFO - HTTP Request: GET https://huggingface.co/api/datasets/princeton-nlp/SWE-bench_Verified/revision/c104f840cc67f8b6eec6f759ebc8b2693d585d4a "HTTP/1.1 200 OK"
2026-08-05 14:44:18,735 - httpx - INFO - HTTP Request: HEAD https://huggingface.co/datasets/princeton-nlp/SWE-bench_Verified/resolve/c104f840cc67f8b6eec6f759ebc8b2693d585d4a/.huggingface.yaml "HTTP/1.1 404 Not Found"
2026-08-05 14:44:19,150 - httpx - INFO - HTTP Request: GET https://datasets-server.huggingface.co/info?dataset=princeton-nlp/SWE-bench_Verified "HTTP/1.1 200 OK"
2026-08-05 14:44:19,443 - httpx - INFO - HTTP Request: GET https://huggingface.co/api/datasets/princeton-nlp/SWE-bench_Verified/tree/c104f840cc67f8b6eec6f759ebc8b2693d585d4a/data?recursive=true&expand=false "HTTP/1.1 200 OK"
2026-08-05 14:44:19,737 - httpx - INFO - HTTP Request: GET https://huggingface.co/api/datasets/princeton-nlp/SWE-bench_Verified/tree/c104f840cc67f8b6eec6f759ebc8b2693d585d4a?recursive=false&expand=false "HTTP/1.1 200 OK"
2026-08-05 14:44:20,028 - httpx - INFO - HTTP Request: HEAD https://huggingface.co/datasets/princeton-nlp/SWE-bench_Verified/resolve/c104f840cc67f8b6eec6f759ebc8b2693d585d4a/dataset_infos.json "HTTP/1.1 404 Not Found"
2026-08-05 14:44:20,669 - httpx - INFO - HTTP Request: HEAD https://huggingface.co/datasets/princeton-nlp/SWE-bench_Verified/resolve/main/README.md "HTTP/1.1 307 Temporary Redirect"
2026-08-05 14:44:20,743 - httpx - INFO - HTTP Request: HEAD https://huggingface.co/api/resolve-cache/datasets/princeton-nlp/SWE-bench_Verified/c104f840cc67f8b6eec6f759ebc8b2693d585d4a/README.md "HTTP/1.1 200 OK"
2026-08-05 14:44:21,031 - httpx - INFO - HTTP Request: HEAD https://huggingface.co/datasets/princeton-nlp/SWE-bench_Verified/resolve/c104f840cc67f8b6eec6f759ebc8b2693d585d4a/SWE-bench_Verified.py "HTTP/1.1 404 Not Found"
2026-08-05 14:44:21,254 - httpx - INFO - HTTP Request: HEAD https://s3.amazonaws.com/datasets.huggingface.co/datasets/datasets/princeton-nlp/SWE-bench_Verified/princeton-nlp/SWE-bench_Verified.py "HTTP/1.1 404 Not Found"
2026-08-05 14:44:21,541 - httpx - INFO - HTTP Request: HEAD https://huggingface.co/datasets/princeton-nlp/SWE-bench_Verified/resolve/c104f840cc67f8b6eec6f759ebc8b2693d585d4a/.huggingface.yaml "HTTP/1.1 404 Not Found"
2026-08-05 14:44:21,819 - httpx - INFO - HTTP Request: GET https://datasets-server.huggingface.co/info?dataset=princeton-nlp/SWE-bench_Verified "HTTP/1.1 200 OK"
2026-08-05 14:44:22,120 - httpx - INFO - HTTP Request: HEAD https://huggingface.co/datasets/princeton-nlp/SWE-bench_Verified/resolve/c104f840cc67f8b6eec6f759ebc8b2693d585d4a/dataset_infos.json "HTTP/1.1 404 Not Found"
Found 8 existing instance images. Will reuse them.
Running 8 instances...

Evaluation:   0%|          | 0/8 [00:00<?, ?it/s, error=0, \u2713=0, \u2716=0]
Evaluation:   0%|          | 0/8 [00:17<?, ?it/s, \u2713=0, \u2716=0, error=1]
Evaluation:  12%|#2        | 1/8 [00:17<02:01, 17.39s/it, \u2713=0, \u2716=0, error=1]
Evaluation:  12%|#2        | 1/8 [00:34<02:01, 17.39s/it, \u2713=0, \u2716=0, error=2]
Evaluation:  25%|##5       | 2/8 [00:34<01:43, 17.30s/it, \u2713=0, \u2716=0, error=2]
Evaluation:  25%|##5       | 2/8 [00:38<01:43, 17.30s/it, \u2713=0, \u2716=1, error=2]
Evaluation:  38%|###7      | 3/8 [00:38<00:54, 11.00s/it, \u2713=0, \u2716=1, error=2]
Evaluation:  38%|###7      | 3/8 [00:51<00:54, 11.00s/it, \u2713=0, \u2716=1, error=3]
Evaluation:  50%|#####     | 4/8 [00:51<00:48, 12.05s/it, \u2713=0, \u2716=1, error=3]
Evaluation:  50%|#####     | 4/8 [00:56<00:48, 12.05s/it, \u2713=0, \u2716=1, error=4]
Evaluation:  62%|######2   | 5/8 [00:56<00:27,  9.28s/it, \u2713=0, \u2716=1, error=4]
Evaluation:  62%|######2   | 5/8 [01:13<00:27,  9.28s/it, \u2713=0, \u2716=1, error=5]
Evaluation:  75%|#######5  | 6/8 [01:13<00:24, 12.11s/it, \u2713=0, \u2716=1, error=5]
Evaluation:  75%|#######5  | 6/8 [01:28<00:24, 12.11s/it, \u2713=0, \u2716=2, error=5]
Evaluation:  88%|########7 | 7/8 [01:28<00:12, 12.81s/it, \u2713=0, \u2716=2, error=5]
Evaluation:  88%|########7 | 7/8 [01:30<00:12, 12.81s/it, \u2713=0, \u2716=2, error=6]
Evaluation: 100%|##########| 8/8 [01:30<00:00,  9.60s/it, \u2713=0, \u2716=2, error=6]
Evaluation: 100%|##########| 8/8 [01:30<00:00, 11.34s/it, \u2713=0, \u2716=2, error=6]
django__django-11477: >>>>> Patch Apply Failed:
patch: **** malformed patch at line 11: +        # Test cases should be added to verify the behavior of URL generation with optional named groups.

patching file django/urls/resolvers.py

Check (logs\run_evaluation\vi_b_lf_rescore_static_heuristic\commscm-vi-b-static_heuristic\django__django-11477\run_instance.log) for more information.
django__django-13089: >>>>> Patch Apply Failed:
patching file django/core/cache/backends/db.py
patch: **** malformed patch at line 14:  


Check (logs\run_evaluation\vi_b_lf_rescore_static_heuristic\commscm-vi-b-static_heuristic\django__django-13089\run_instance.log) for more information.
django__django-14792: >>>>> Patch Apply Failed:
can't find file to patch at input line 3
Perhaps you used the wrong -p or --strip option?
The text leading up to this was:
--------------------------
|--- a/django/db/models/functions.py
|+++ b/django/db/models/functions.py
--------------------------
No file to patch.  Skipping patch.
patch: **** malformed patch at line 10: @@@ SYNTAX_ERROR: def solve(  # missing closing paren and body


Check (logs\run_evaluation\vi_b_lf_rescore_static_heuristic\commscm-vi-b-static_heuristic\django__django-14792\run_instance.log) for more information.
django__django-15037: >>>>> Patch Apply Failed:
patching file django/db/models/options.py
Hunk #1 FAILED at 1234.
1 out of 1 hunk FAILED -- saving rejects to file django/db/models/options.py.rej

Check (logs\run_evaluation\vi_b_lf_rescore_static_heuristic\commscm-vi-b-static_heuristic\django__django-15037\run_instance.log) for more information.
pydata__xarray-3993: >>>>> Patch Apply Failed:
patching file xarray/core/dataarray.py
patch: **** malformed patch at line 11:  


Check (logs\run_evaluation\vi_b_lf_rescore_static_heuristic\commscm-vi-b-static_heuristic\pydata__xarray-3993\run_instance.log) for more information.
sympy__sympy-13852: >>>>> Patch Apply Failed:
can't find file to patch at input line 3
Perhaps you used the wrong -p or --strip option?
The text leading up to this was:
--------------------------
|--- a/sympy/functions/elementary/analytic.py
|+++ b/sympy/functions/elementary/analytic.py
--------------------------
No file to patch.  Skipping patch.
patch: **** malformed patch at line 15: @@ -1240,6 +1246


Check (logs\run_evaluation\vi_b_lf_rescore_static_heuristic\commscm-vi-b-static_heuristic\sympy__sympy-13852\run_instance.log) for more information.
All instances run.
Cleaning cached images...
Removed 0 images.
Total instances: 8
Instances submitted: 8
Instances completed: 2
Instances incomplete: 0
Instances resolved: 0
Instances unresolved: 2
Instances with empty patches: 0
Instances with errors: 6
Unstopped containers: 0
Unremoved images: 8
Report written to commscm-vi-b-static_heuristic.vi_b_lf_rescore_static_heuristic.json
  [static_heuristic] harness rc=0 free_gb=39.4
[disk] before prune free_gb=39.4
[disk] removed 8 sweb.eval images; free_gb=39.4
BATCH 7 done; gold_partial={'resolve_at_1_mean': 0.8928571428571429, 'counts': {'resolved': 50, 'unresolved': 1, 'error': 5, 'missing': 44, 'scored': 56}}

=== BATCH 8/13 ids=psf__requests-6028..django__django-14559 (8) ===
[prepull] pulling swebench/sweb.eval.x86_64.psf_1776_requests-6028:latest (free_gb=39.4)...
[prepull] ok swebench/sweb.eval.x86_64.psf_1776_requests-6028:latest in 555.5s
[prepull] pulling swebench/sweb.eval.x86_64.django_1776_django-13820:latest (free_gb=39.5)...
[prepull] ok swebench/sweb.eval.x86_64.django_1776_django-13820:latest in 268.9s
[prepull] pulling swebench/sweb.eval.x86_64.django_1776_django-13568:latest (free_gb=39.5)...
[prepull] ok swebench/sweb.eval.x86_64.django_1776_django-13568:latest in 58.2s
[prepull] pulling swebench/sweb.eval.x86_64.scikit-learn_1776_scikit-learn-13135:latest (free_gb=39.5)...
[prepull] ok swebench/sweb.eval.x86_64.scikit-learn_1776_scikit-learn-13135:latest in 1024.5s
[prepull] pulling swebench/sweb.eval.x86_64.django_1776_django-15128:latest (free_gb=39.4)...
[prepull] ok swebench/sweb.eval.x86_64.django_1776_django-15128:latest in 601.4s
[prepull] pulling swebench/sweb.eval.x86_64.scikit-learn_1776_scikit-learn-14894:latest (free_gb=39.4)...
[prepull] ok swebench/sweb.eval.x86_64.scikit-learn_1776_scikit-learn-14894:latest in 1080.8s
[prepull] pulling swebench/sweb.eval.x86_64.django_1776_django-11163:latest (free_gb=38.9)...
[prepull] ok swebench/sweb.eval.x86_64.django_1776_django-11163:latest in 538.5s
[prepull] pulling swebench/sweb.eval.x86_64.django_1776_django-14559:latest (free_gb=39.3)...
[prepull] ok swebench/sweb.eval.x86_64.django_1776_django-14559:latest in 534.0s
  [oracle_gold] evaluating 8/8 (free_gb=39.3)
C:\Users\BEST BUY COMPUTERS\AppData\Local\Programs\Python\Python314\Lib\site-packages\langchain_core\_api\deprecation.py:25: UserWarning: Core Pydantic V1 functionality isn't compatible with Python 3.14 or greater.
  from pydantic.v1.fields import FieldInfo as FieldInfoV1
C:\Users\BEST BUY COMPUTERS\AppData\Local\Programs\Python\Python314\Lib\site-packages\requests\__init__.py:113: RequestsDependencyWarning: urllib3 (2.6.2) or chardet (7.4.3)/charset_normalizer (3.4.4) doesn't match a supported version!
  warnings.warn(
C:\Users\BEST BUY COMPUTERS\AppData\Local\Programs\Python\Python314\Lib\site-packages\modal\_utils\async_utils.py:42: DeprecationWarning: 'asyncio.WindowsSelectorEventLoopPolicy' is deprecated and slated for removal in Python 3.16
  asyncio.set_event_loop_policy(asyncio.WindowsSelectorEventLoopPolicy())
C:\Users\BEST BUY COMPUTERS\AppData\Local\Programs\Python\Python314\Lib\site-packages\modal\_utils\async_utils.py:42: DeprecationWarning: 'asyncio.set_event_loop_policy' is deprecated and slated for removal in Python 3.16
  asyncio.set_event_loop_policy(asyncio.WindowsSelectorEventLoopPolicy())
<frozen runpy>:128: RuntimeWarning: 'swebench.harness.run_evaluation' found in sys.modules after import of package 'swebench.harness', but prior to execution of 'swebench.harness.run_evaluation'; this may result in unpredictable behaviour
2026-08-05 16:04:15,017 - httpx - INFO - HTTP Request: HEAD https://huggingface.co/datasets/princeton-nlp/SWE-bench_Verified/resolve/main/README.md "HTTP/1.1 307 Temporary Redirect"
2026-08-05 16:04:15,070 - httpx - INFO - HTTP Request: HEAD https://huggingface.co/api/resolve-cache/datasets/princeton-nlp/SWE-bench_Verified/c104f840cc67f8b6eec6f759ebc8b2693d585d4a/README.md "HTTP/1.1 200 OK"
2026-08-05 16:04:15,344 - httpx - INFO - HTTP Request: HEAD https://huggingface.co/datasets/princeton-nlp/SWE-bench_Verified/resolve/c104f840cc67f8b6eec6f759ebc8b2693d585d4a/SWE-bench_Verified.py "HTTP/1.1 404 Not Found"
2026-08-05 16:04:16,085 - httpx - INFO - HTTP Request: HEAD https://s3.amazonaws.com/datasets.huggingface.co/datasets/datasets/princeton-nlp/SWE-bench_Verified/princeton-nlp/SWE-bench_Verified.py "HTTP/1.1 404 Not Found"
2026-08-05 16:04:16,352 - httpx - INFO - HTTP Request: GET https://huggingface.co/api/datasets/princeton-nlp/SWE-bench_Verified/revision/c104f840cc67f8b6eec6f759ebc8b2693d585d4a "HTTP/1.1 200 OK"
2026-08-05 16:04:16,625 - httpx - INFO - HTTP Request: HEAD https://huggingface.co/datasets/princeton-nlp/SWE-bench_Verified/resolve/c104f840cc67f8b6eec6f759ebc8b2693d585d4a/.huggingface.yaml "HTTP/1.1 404 Not Found"
2026-08-05 16:04:17,093 - httpx - INFO - HTTP Request: GET https://datasets-server.huggingface.co/info?dataset=princeton-nlp/SWE-bench_Verified "HTTP/1.1 200 OK"
2026-08-05 16:04:17,362 - httpx - INFO - HTTP Request: GET https://huggingface.co/api/datasets/princeton-nlp/SWE-bench_Verified/tree/c104f840cc67f8b6eec6f759ebc8b2693d585d4a/data?recursive=true&expand=false "HTTP/1.1 200 OK"
2026-08-05 16:04:17,627 - httpx - INFO - HTTP Request: GET https://huggingface.co/api/datasets/princeton-nlp/SWE-bench_Verified/tree/c104f840cc67f8b6eec6f759ebc8b2693d585d4a?recursive=false&expand=false "HTTP/1.1 200 OK"
2026-08-05 16:04:17,894 - httpx - INFO - HTTP Request: HEAD https://huggingface.co/datasets/princeton-nlp/SWE-bench_Verified/resolve/c104f840cc67f8b6eec6f759ebc8b2693d585d4a/dataset_infos.json "HTTP/1.1 404 Not Found"
2026-08-05 16:04:18,847 - httpx - INFO - HTTP Request: HEAD https://huggingface.co/datasets/princeton-nlp/SWE-bench_Verified/resolve/main/README.md "HTTP/1.1 307 Temporary Redirect"
2026-08-05 16:04:19,175 - httpx - INFO - HTTP Request: HEAD https://huggingface.co/api/resolve-cache/datasets/princeton-nlp/SWE-bench_Verified/c104f840cc67f8b6eec6f759ebc8b2693d585d4a/README.md "HTTP/1.1 200 OK"
2026-08-05 16:04:19,450 - httpx - INFO - HTTP Request: HEAD https://huggingface.co/datasets/princeton-nlp/SWE-bench_Verified/resolve/c104f840cc67f8b6eec6f759ebc8b2693d585d4a/SWE-bench_Verified.py "HTTP/1.1 404 Not Found"
2026-08-05 16:04:19,678 - httpx - INFO - HTTP Request: HEAD https://s3.amazonaws.com/datasets.huggingface.co/datasets/datasets/princeton-nlp/SWE-bench_Verified/princeton-nlp/SWE-bench_Verified.py "HTTP/1.1 404 Not Found"
2026-08-05 16:04:19,991 - httpx - INFO - HTTP Request: HEAD https://huggingface.co/datasets/princeton-nlp/SWE-bench_Verified/resolve/c104f840cc67f8b6eec6f759ebc8b2693d585d4a/.huggingface.yaml "HTTP/1.1 404 Not Found"
2026-08-05 16:04:20,278 - httpx - INFO - HTTP Request: GET https://datasets-server.huggingface.co/info?dataset=princeton-nlp/SWE-bench_Verified "HTTP/1.1 200 OK"
2026-08-05 16:04:20,676 - httpx - INFO - HTTP Request: HEAD https://huggingface.co/datasets/princeton-nlp/SWE-bench_Verified/resolve/c104f840cc67f8b6eec6f759ebc8b2693d585d4a/dataset_infos.json "HTTP/1.1 404 Not Found"
Found 8 existing instance images. Will reuse them.
Running 8 instances...

Evaluation:   0%|          | 0/8 [00:00<?, ?it/s, error=0, \u2713=0, \u2716=0]
Evaluation:   0%|          | 0/8 [00:37<?, ?it/s, \u2713=1, \u2716=0, error=0]
Evaluation:  12%|#2        | 1/8 [00:37<04:22, 37.49s/it, \u2713=1, \u2716=0, error=0]
Evaluation:  12%|#2        | 1/8 [00:37<04:22, 37.49s/it, \u2713=2, \u2716=0, error=0]
Evaluation:  25%|##5       | 2/8 [00:37<01:33, 15.61s/it, \u2713=2, \u2716=0, error=0]
Evaluation:  25%|##5       | 2/8 [01:17<01:33, 15.61s/it, \u2713=3, \u2716=0, error=0]
Evaluation:  38%|###7      | 3/8 [01:17<02:13, 26.68s/it, \u2713=3, \u2716=0, error=0]
Evaluation:  38%|###7      | 3/8 [01:19<02:13, 26.68s/it, \u2713=4, \u2716=0, error=0]
Evaluation:  50%|#####     | 4/8 [01:19<01:07, 16.80s/it, \u2713=4, \u2716=0, error=0]
Evaluation:  50%|#####     | 4/8 [01:45<01:07, 16.80s/it, \u2713=5, \u2716=0, error=0]
Evaluation:  62%|######2   | 5/8 [01:45<01:00, 20.27s/it, \u2713=5, \u2716=0, error=0]
Evaluation:  62%|######2   | 5/8 [02:01<01:00, 20.27s/it, \u2713=6, \u2716=0, error=0]
Evaluation:  75%|#######5  | 6/8 [02:01<00:37, 18.71s/it, \u2713=6, \u2716=0, error=0]
Evaluation:  75%|#######5  | 6/8 [02:14<00:37, 18.71s/it, \u2713=7, \u2716=0, error=0]
Evaluation:  88%|########7 | 7/8 [02:14<00:16, 16.94s/it, \u2713=7, \u2716=0, error=0]
Evaluation:  88%|########7 | 7/8 [02:39<00:16, 16.94s/it, \u2713=8, \u2716=0, error=0]
Evaluation: 100%|##########| 8/8 [02:39<00:00, 19.31s/it, \u2713=8, \u2716=0, error=0]
Evaluation: 100%|##########| 8/8 [02:39<00:00, 19.88s/it, \u2713=8, \u2716=0, error=0]
All instances run.
Cleaning cached images...
Removed 0 images.
Total instances: 8
Instances submitted: 8
Instances completed: 8
Instances incomplete: 0
Instances resolved: 8
Instances unresolved: 0
Instances with empty patches: 0
Instances with errors: 0
Unstopped containers: 0
Unremoved images: 8
Report written to commscm-oracle-gold.oracle_gold_full_n100_lf.json
  [oracle_gold] harness rc=0 free_gb=39.3
  [cr_guided] evaluating 8/8 (free_gb=39.3)
C:\Users\BEST BUY COMPUTERS\AppData\Local\Programs\Python\Python314\Lib\site-packages\langchain_core\_api\deprecation.py:25: UserWarning: Core Pydantic V1 functionality isn't compatible with Python 3.14 or greater.
  from pydantic.v1.fields import FieldInfo as FieldInfoV1
C:\Users\BEST BUY COMPUTERS\AppData\Local\Programs\Python\Python314\Lib\site-packages\requests\__init__.py:113: RequestsDependencyWarning: urllib3 (2.6.2) or chardet (7.4.3)/charset_normalizer (3.4.4) doesn't match a supported version!
  warnings.warn(
C:\Users\BEST BUY COMPUTERS\AppData\Local\Programs\Python\Python314\Lib\site-packages\modal\_utils\async_utils.py:42: DeprecationWarning: 'asyncio.WindowsSelectorEventLoopPolicy' is deprecated and slated for removal in Python 3.16
  asyncio.set_event_loop_policy(asyncio.WindowsSelectorEventLoopPolicy())
C:\Users\BEST BUY COMPUTERS\AppData\Local\Programs\Python\Python314\Lib\site-packages\modal\_utils\async_utils.py:42: DeprecationWarning: 'asyncio.set_event_loop_policy' is deprecated and slated for removal in Python 3.16
  asyncio.set_event_loop_policy(asyncio.WindowsSelectorEventLoopPolicy())
<frozen runpy>:128: RuntimeWarning: 'swebench.harness.run_evaluation' found in sys.modules after import of package 'swebench.harness', but prior to execution of 'swebench.harness.run_evaluation'; this may result in unpredictable behaviour
2026-08-05 16:07:14,675 - httpx - INFO - HTTP Request: HEAD https://huggingface.co/datasets/princeton-nlp/SWE-bench_Verified/resolve/main/README.md "HTTP/1.1 307 Temporary Redirect"
2026-08-05 16:07:14,725 - httpx - INFO - HTTP Request: HEAD https://huggingface.co/api/resolve-cache/datasets/princeton-nlp/SWE-bench_Verified/c104f840cc67f8b6eec6f759ebc8b2693d585d4a/README.md "HTTP/1.1 200 OK"
2026-08-05 16:07:15,002 - httpx - INFO - HTTP Request: HEAD https://huggingface.co/datasets/princeton-nlp/SWE-bench_Verified/resolve/c104f840cc67f8b6eec6f759ebc8b2693d585d4a/SWE-bench_Verified.py "HTTP/1.1 404 Not Found"
2026-08-05 16:07:15,734 - httpx - INFO - HTTP Request: HEAD https://s3.amazonaws.com/datasets.huggingface.co/datasets/datasets/princeton-nlp/SWE-bench_Verified/princeton-nlp/SWE-bench_Verified.py "HTTP/1.1 404 Not Found"
2026-08-05 16:07:16,106 - httpx - INFO - HTTP Request: GET https://huggingface.co/api/datasets/princeton-nlp/SWE-bench_Verified/revision/c104f840cc67f8b6eec6f759ebc8b2693d585d4a "HTTP/1.1 200 OK"
2026-08-05 16:07:16,388 - httpx - INFO - HTTP Request: HEAD https://huggingface.co/datasets/princeton-nlp/SWE-bench_Verified/resolve/c104f840cc67f8b6eec6f759ebc8b2693d585d4a/.huggingface.yaml "HTTP/1.1 404 Not Found"
2026-08-05 16:07:16,827 - httpx - INFO - HTTP Request: GET https://datasets-server.huggingface.co/info?dataset=princeton-nlp/SWE-bench_Verified "HTTP/1.1 200 OK"
2026-08-05 16:07:17,198 - httpx - INFO - HTTP Request: GET https://huggingface.co/api/datasets/princeton-nlp/SWE-bench_Verified/tree/c104f840cc67f8b6eec6f759ebc8b2693d585d4a/data?recursive=true&expand=false "HTTP/1.1 200 OK"
2026-08-05 16:07:17,706 - httpx - INFO - HTTP Request: GET https://huggingface.co/api/datasets/princeton-nlp/SWE-bench_Verified/tree/c104f840cc67f8b6eec6f759ebc8b2693d585d4a?recursive=false&expand=false "HTTP/1.1 200 OK"
2026-08-05 16:07:18,004 - httpx - INFO - HTTP Request: HEAD https://huggingface.co/datasets/princeton-nlp/SWE-bench_Verified/resolve/c104f840cc67f8b6eec6f759ebc8b2693d585d4a/dataset_infos.json "HTTP/1.1 404 Not Found"
2026-08-05 16:07:18,616 - httpx - INFO - HTTP Request: HEAD https://huggingface.co/datasets/princeton-nlp/SWE-bench_Verified/resolve/main/README.md "HTTP/1.1 307 Temporary Redirect"
2026-08-05 16:07:18,673 - httpx - INFO - HTTP Request: HEAD https://huggingface.co/api/resolve-cache/datasets/princeton-nlp/SWE-bench_Verified/c104f840cc67f8b6eec6f759ebc8b2693d585d4a/README.md "HTTP/1.1 200 OK"
2026-08-05 16:07:18,945 - httpx - INFO - HTTP Request: HEAD https://huggingface.co/datasets/princeton-nlp/SWE-bench_Verified/resolve/c104f840cc67f8b6eec6f759ebc8b2693d585d4a/SWE-bench_Verified.py "HTTP/1.1 404 Not Found"
2026-08-05 16:07:19,203 - httpx - INFO - HTTP Request: HEAD https://s3.amazonaws.com/datasets.huggingface.co/datasets/datasets/princeton-nlp/SWE-bench_Verified/princeton-nlp/SWE-bench_Verified.py "HTTP/1.1 404 Not Found"
2026-08-05 16:07:19,564 - httpx - INFO - HTTP Request: HEAD https://huggingface.co/datasets/princeton-nlp/SWE-bench_Verified/resolve/c104f840cc67f8b6eec6f759ebc8b2693d585d4a/.huggingface.yaml "HTTP/1.1 404 Not Found"
2026-08-05 16:07:19,843 - httpx - INFO - HTTP Request: GET https://datasets-server.huggingface.co/info?dataset=princeton-nlp/SWE-bench_Verified "HTTP/1.1 200 OK"
2026-08-05 16:07:20,401 - httpx - INFO - HTTP Request: HEAD https://huggingface.co/datasets/princeton-nlp/SWE-bench_Verified/resolve/c104f840cc67f8b6eec6f759ebc8b2693d585d4a/dataset_infos.json "HTTP/1.1 404 Not Found"
Found 8 existing instance images. Will reuse them.
Running 8 instances...

Evaluation:   0%|          | 0/8 [00:00<?, ?it/s, error=0, \u2713=0, \u2716=0]
Evaluation:   0%|          | 0/8 [00:17<?, ?it/s, \u2713=0, \u2716=0, error=1]
Evaluation:  12%|#2        | 1/8 [00:17<02:02, 17.49s/it, \u2713=0, \u2716=0, error=1]
Evaluation:  12%|#2        | 1/8 [00:17<02:02, 17.49s/it, \u2713=0, \u2716=0, error=2]
Evaluation:  25%|##5       | 2/8 [00:17<00:43,  7.30s/it, \u2713=0, \u2716=0, error=2]
Evaluation:  25%|##5       | 2/8 [00:34<00:43,  7.30s/it, \u2713=0, \u2716=0, error=3]
Evaluation:  38%|###7      | 3/8 [00:34<00:58, 11.70s/it, \u2713=0, \u2716=0, error=3]
Evaluation:  38%|###7      | 3/8 [00:34<00:58, 11.70s/it, \u2713=0, \u2716=0, error=4]
Evaluation:  50%|#####     | 4/8 [00:34<00:28,  7.23s/it, \u2713=0, \u2716=0, error=4]
Evaluation:  50%|#####     | 4/8 [00:52<00:28,  7.23s/it, \u2713=0, \u2716=0, error=5]
Evaluation:  62%|######2   | 5/8 [00:52<00:32, 10.83s/it, \u2713=0, \u2716=0, error=5]
Evaluation:  62%|######2   | 5/8 [01:09<00:32, 10.83s/it, \u2713=0, \u2716=0, error=6]
Evaluation:  75%|#######5  | 6/8 [01:09<00:25, 12.90s/it, \u2713=0, \u2716=0, error=6]
Evaluation:  75%|#######5  | 6/8 [01:11<00:25, 12.90s/it, \u2713=0, \u2716=1, error=6]
Evaluation:  88%|########7 | 7/8 [01:11<00:09,  9.55s/it, \u2713=0, \u2716=1, error=6]
Evaluation:  88%|########7 | 7/8 [01:44<00:09,  9.55s/it, \u2713=0, \u2716=2, error=6]
Evaluation: 100%|##########| 8/8 [01:44<00:00, 16.98s/it, \u2713=0, \u2716=2, error=6]
Evaluation: 100%|##########| 8/8 [01:44<00:00, 13.08s/it, \u2713=0, \u2716=2, error=6]
django__django-11163: >>>>> Patch Apply Failed:
patch: **** Only garbage was found in the patch input.

Check (logs\run_evaluation\vi_b_lf_rescore_cr_guided\commscm-vi-b-cr_guided\django__django-11163\run_instance.log) for more information.
django__django-13568: >>>>> Patch Apply Failed:
patching file django/contrib/auth/checks.py
patch: **** malformed patch at line 14: +            )


Check (logs\run_evaluation\vi_b_lf_rescore_cr_guided\commscm-vi-b-cr_guided\django__django-13568\run_instance.log) for more information.
django__django-13820: >>>>> Patch Apply Failed:
patch: **** malformed patch at line 10:  

patching file django/db/migrations/loader.py

Check (logs\run_evaluation\vi_b_lf_rescore_cr_guided\commscm-vi-b-cr_guided\django__django-13820\run_instance.log) for more information.
django__django-14559: >>>>> Patch Apply Failed:
patch: **** malformed patch at line 9:      return 'ok'

can't find file to patch at input line 3
Perhaps you used the wrong -p or --strip option?
The text leading up to this was:
--------------------------
|--- a/fix.py
|+++ b/fix.py
--------------------------
No file to patch.  Skipping patch.

Check (logs\run_evaluation\vi_b_lf_rescore_cr_guided\commscm-vi-b-cr_guided\django__django-14559\run_instance.log) for more information.
psf__requests-6028: >>>>> Patch Apply Failed:
patching file requests/sessions.py
Hunk #1 FAILED at 1000.
1 out of 1 hunk FAILED -- saving rejects to file requests/sessions.py.rej

Check (logs\run_evaluation\vi_b_lf_rescore_cr_guided\commscm-vi-b-cr_guided\psf__requests-6028\run_instance.log) for more information.
scikit-learn__scikit-learn-13135: >>>>> Patch Apply Failed:
patch: **** Only garbage was found in the patch input.

Check (logs\run_evaluation\vi_b_lf_rescore_cr_guided\commscm-vi-b-cr_guided\scikit-learn__scikit-learn-13135\run_instance.log) for more information.
All instances run.
Cleaning cached images...
Removed 0 images.
Total instances: 8
Instances submitted: 8
Instances completed: 2
Instances incomplete: 0
Instances resolved: 0
Instances unresolved: 2
Instances with empty patches: 0
Instances with errors: 6
Unstopped containers: 0
Unremoved images: 8
Report written to commscm-vi-b-cr_guided.vi_b_lf_rescore_cr_guided.json
  [cr_guided] harness rc=0 free_gb=39.3
  [reward_only] evaluating 8/8 (free_gb=39.3)
C:\Users\BEST BUY COMPUTERS\AppData\Local\Programs\Python\Python314\Lib\site-packages\langchain_core\_api\deprecation.py:25: UserWarning: Core Pydantic V1 functionality isn't compatible with Python 3.14 or greater.
  from pydantic.v1.fields import FieldInfo as FieldInfoV1
C:\Users\BEST BUY COMPUTERS\AppData\Local\Programs\Python\Python314\Lib\site-packages\requests\__init__.py:113: RequestsDependencyWarning: urllib3 (2.6.2) or chardet (7.4.3)/charset_normalizer (3.4.4) doesn't match a supported version!
  warnings.warn(
C:\Users\BEST BUY COMPUTERS\AppData\Local\Programs\Python\Python314\Lib\site-packages\modal\_utils\async_utils.py:42: DeprecationWarning: 'asyncio.WindowsSelectorEventLoopPolicy' is deprecated and slated for removal in Python 3.16
  asyncio.set_event_loop_policy(asyncio.WindowsSelectorEventLoopPolicy())
C:\Users\BEST BUY COMPUTERS\AppData\Local\Programs\Python\Python314\Lib\site-packages\modal\_utils\async_utils.py:42: DeprecationWarning: 'asyncio.set_event_loop_policy' is deprecated and slated for removal in Python 3.16
  asyncio.set_event_loop_policy(asyncio.WindowsSelectorEventLoopPolicy())
<frozen runpy>:128: RuntimeWarning: 'swebench.harness.run_evaluation' found in sys.modules after import of package 'swebench.harness', but prior to execution of 'swebench.harness.run_evaluation'; this may result in unpredictable behaviour
2026-08-05 16:09:18,600 - httpx - INFO - HTTP Request: HEAD https://huggingface.co/datasets/princeton-nlp/SWE-bench_Verified/resolve/main/README.md "HTTP/1.1 307 Temporary Redirect"
2026-08-05 16:09:18,651 - httpx - INFO - HTTP Request: HEAD https://huggingface.co/api/resolve-cache/datasets/princeton-nlp/SWE-bench_Verified/c104f840cc67f8b6eec6f759ebc8b2693d585d4a/README.md "HTTP/1.1 200 OK"
2026-08-05 16:09:19,009 - httpx - INFO - HTTP Request: HEAD https://huggingface.co/datasets/princeton-nlp/SWE-bench_Verified/resolve/c104f840cc67f8b6eec6f759ebc8b2693d585d4a/SWE-bench_Verified.py "HTTP/1.1 404 Not Found"
2026-08-05 16:09:19,747 - httpx - INFO - HTTP Request: HEAD https://s3.amazonaws.com/datasets.huggingface.co/datasets/datasets/princeton-nlp/SWE-bench_Verified/princeton-nlp/SWE-bench_Verified.py "HTTP/1.1 404 Not Found"
2026-08-05 16:09:20,022 - httpx - INFO - HTTP Request: GET https://huggingface.co/api/datasets/princeton-nlp/SWE-bench_Verified/revision/c104f840cc67f8b6eec6f759ebc8b2693d585d4a "HTTP/1.1 200 OK"
2026-08-05 16:09:20,297 - httpx - INFO - HTTP Request: HEAD https://huggingface.co/datasets/princeton-nlp/SWE-bench_Verified/resolve/c104f840cc67f8b6eec6f759ebc8b2693d585d4a/.huggingface.yaml "HTTP/1.1 404 Not Found"
2026-08-05 16:09:20,737 - httpx - INFO - HTTP Request: GET https://datasets-server.huggingface.co/info?dataset=princeton-nlp/SWE-bench_Verified "HTTP/1.1 200 OK"
2026-08-05 16:09:21,014 - httpx - INFO - HTTP Request: GET https://huggingface.co/api/datasets/princeton-nlp/SWE-bench_Verified/tree/c104f840cc67f8b6eec6f759ebc8b2693d585d4a/data?recursive=true&expand=false "HTTP/1.1 200 OK"
2026-08-05 16:09:21,290 - httpx - INFO - HTTP Request: GET https://huggingface.co/api/datasets/princeton-nlp/SWE-bench_Verified/tree/c104f840cc67f8b6eec6f759ebc8b2693d585d4a?recursive=false&expand=false "HTTP/1.1 200 OK"
2026-08-05 16:09:21,570 - httpx - INFO - HTTP Request: HEAD https://huggingface.co/datasets/princeton-nlp/SWE-bench_Verified/resolve/c104f840cc67f8b6eec6f759ebc8b2693d585d4a/dataset_infos.json "HTTP/1.1 404 Not Found"
2026-08-05 16:09:22,203 - httpx - INFO - HTTP Request: HEAD https://huggingface.co/datasets/princeton-nlp/SWE-bench_Verified/resolve/main/README.md "HTTP/1.1 307 Temporary Redirect"
2026-08-05 16:09:22,257 - httpx - INFO - HTTP Request: HEAD https://huggingface.co/api/resolve-cache/datasets/princeton-nlp/SWE-bench_Verified/c104f840cc67f8b6eec6f759ebc8b2693d585d4a/README.md "HTTP/1.1 200 OK"
2026-08-05 16:09:22,532 - httpx - INFO - HTTP Request: HEAD https://huggingface.co/datasets/princeton-nlp/SWE-bench_Verified/resolve/c104f840cc67f8b6eec6f759ebc8b2693d585d4a/SWE-bench_Verified.py "HTTP/1.1 404 Not Found"
2026-08-05 16:09:22,762 - httpx - INFO - HTTP Request: HEAD https://s3.amazonaws.com/datasets.huggingface.co/datasets/datasets/princeton-nlp/SWE-bench_Verified/princeton-nlp/SWE-bench_Verified.py "HTTP/1.1 404 Not Found"
2026-08-05 16:09:23,049 - httpx - INFO - HTTP Request: HEAD https://huggingface.co/datasets/princeton-nlp/SWE-bench_Verified/resolve/c104f840cc67f8b6eec6f759ebc8b2693d585d4a/.huggingface.yaml "HTTP/1.1 404 Not Found"
2026-08-05 16:09:23,338 - httpx - INFO - HTTP Request: GET https://datasets-server.huggingface.co/info?dataset=princeton-nlp/SWE-bench_Verified "HTTP/1.1 200 OK"
2026-08-05 16:09:23,615 - httpx - INFO - HTTP Request: HEAD https://huggingface.co/datasets/princeton-nlp/SWE-bench_Verified/resolve/c104f840cc67f8b6eec6f759ebc8b2693d585d4a/dataset_infos.json "HTTP/1.1 404 Not Found"
Found 8 existing instance images. Will reuse them.
Running 8 instances...

Evaluation:   0%|          | 0/8 [00:00<?, ?it/s, error=0, \u2713=0, \u2716=0]
Evaluation:   0%|          | 0/8 [00:17<?, ?it/s, \u2713=0, \u2716=0, error=1]
Evaluation:  12%|#2        | 1/8 [00:17<02:01, 17.37s/it, \u2713=0, \u2716=0, error=1]
Evaluation:  12%|#2        | 1/8 [00:17<02:01, 17.37s/it, \u2713=0, \u2716=0, error=2]
Evaluation:  25%|##5       | 2/8 [00:17<00:43,  7.25s/it, \u2713=0, \u2716=0, error=2]
Evaluation:  25%|##5       | 2/8 [00:34<00:43,  7.25s/it, \u2713=0, \u2716=0, error=3]
Evaluation:  38%|###7      | 3/8 [00:34<00:58, 11.75s/it, \u2713=0, \u2716=0, error=3]
Evaluation:  38%|###7      | 3/8 [00:35<00:58, 11.75s/it, \u2713=0, \u2716=0, error=4]
Evaluation:  50%|#####     | 4/8 [00:35<00:29,  7.31s/it, \u2713=0, \u2716=0, error=4]
Evaluation:  50%|#####     | 4/8 [00:52<00:29,  7.31s/it, \u2713=0, \u2716=0, error=5]
Evaluation:  62%|######2   | 5/8 [00:52<00:32, 10.94s/it, \u2713=0, \u2716=0, error=5]
Evaluation:  62%|######2   | 5/8 [01:13<00:32, 10.94s/it, \u2713=0, \u2716=1, error=5]
Evaluation:  75%|#######5  | 6/8 [01:13<00:28, 14.30s/it, \u2713=0, \u2716=1, error=5]
Evaluation:  75%|#######5  | 6/8 [01:21<00:28, 14.30s/it, \u2713=0, \u2716=2, error=5]
Evaluation:  88%|########7 | 7/8 [01:21<00:12, 12.27s/it, \u2713=0, \u2716=2, error=5]
Evaluation:  88%|########7 | 7/8 [01:49<00:12, 12.27s/it, \u2713=0, \u2716=3, error=5]
Evaluation: 100%|##########| 8/8 [01:49<00:00, 17.17s/it, \u2713=0, \u2716=3, error=5]
Evaluation: 100%|##########| 8/8 [01:49<00:00, 13.64s/it, \u2713=0, \u2716=3, error=5]
django__django-13568: >>>>> Patch Apply Failed:
patch: **** malformed patch at line 13:              checks.Error(

patching file django/contrib/auth/checks.py

Check (logs\run_evaluation\vi_b_lf_rescore_reward_only\commscm-vi-b-reward_only\django__django-13568\run_instance.log) for more information.
django__django-11163: >>>>> Patch Apply Failed:
patch: **** malformed patch at line 14:          if exclude and f.name in exclude:

patching file django/db/models/fields/__init__.py

Check (logs\run_evaluation\vi_b_lf_rescore_reward_only\commscm-vi-b-reward_only\django__django-11163\run_instance.log) for more information.
django__django-13820: >>>>> Patch Apply Failed:
patch: **** malformed patch at line 10:  

patching file django/db/migrations/loader.py

Check (logs\run_evaluation\vi_b_lf_rescore_reward_only\commscm-vi-b-reward_only\django__django-13820\run_instance.log) for more information.
django__django-14559: >>>>> Patch Apply Failed:
patching file django/db/models/query.py
Hunk #1 FAILED at 565.
1 out of 1 hunk FAILED -- saving rejects to file django/db/models/query.py.rej

Check (logs\run_evaluation\vi_b_lf_rescore_reward_only\commscm-vi-b-reward_only\django__django-14559\run_instance.log) for more information.
psf__requests-6028: >>>>> Patch Apply Failed:
patching file requests/adapters.py
Hunk #1 FAILED at 100.
1 out of 1 hunk FAILED -- saving rejects to file requests/adapters.py.rej

Check (logs\run_evaluation\vi_b_lf_rescore_reward_only\commscm-vi-b-reward_only\psf__requests-6028\run_instance.log) for more information.
All instances run.
Cleaning cached images...
Removed 0 images.
Total instances: 8
Instances submitted: 8
Instances completed: 3
Instances incomplete: 0
Instances resolved: 0
Instances unresolved: 3
Instances with empty patches: 0
Instances with errors: 5
Unstopped containers: 0
Unremoved images: 8
Report written to commscm-vi-b-reward_only.vi_b_lf_rescore_reward_only.json
  [reward_only] harness rc=0 free_gb=39.3
  [random] evaluating 8/8 (free_gb=39.3)
C:\Users\BEST BUY COMPUTERS\AppData\Local\Programs\Python\Python314\Lib\site-packages\langchain_core\_api\deprecation.py:25: UserWarning: Core Pydantic V1 functionality isn't compatible with Python 3.14 or greater.
  from pydantic.v1.fields import FieldInfo as FieldInfoV1
C:\Users\BEST BUY COMPUTERS\AppData\Local\Programs\Python\Python314\Lib\site-packages\requests\__init__.py:113: RequestsDependencyWarning: urllib3 (2.6.2) or chardet (7.4.3)/charset_normalizer (3.4.4) doesn't match a supported version!
  warnings.warn(
C:\Users\BEST BUY COMPUTERS\AppData\Local\Programs\Python\Python314\Lib\site-packages\modal\_utils\async_utils.py:42: DeprecationWarning: 'asyncio.WindowsSelectorEventLoopPolicy' is deprecated and slated for removal in Python 3.16
  asyncio.set_event_loop_policy(asyncio.WindowsSelectorEventLoopPolicy())
C:\Users\BEST BUY COMPUTERS\AppData\Local\Programs\Python\Python314\Lib\site-packages\modal\_utils\async_utils.py:42: DeprecationWarning: 'asyncio.set_event_loop_policy' is deprecated and slated for removal in Python 3.16
  asyncio.set_event_loop_policy(asyncio.WindowsSelectorEventLoopPolicy())
<frozen runpy>:128: RuntimeWarning: 'swebench.harness.run_evaluation' found in sys.modules after import of package 'swebench.harness', but prior to execution of 'swebench.harness.run_evaluation'; this may result in unpredictable behaviour
2026-08-05 16:11:26,392 - httpx - INFO - HTTP Request: HEAD https://huggingface.co/datasets/princeton-nlp/SWE-bench_Verified/resolve/main/README.md "HTTP/1.1 307 Temporary Redirect"
2026-08-05 16:11:26,433 - httpx - INFO - HTTP Request: HEAD https://huggingface.co/api/resolve-cache/datasets/princeton-nlp/SWE-bench_Verified/c104f840cc67f8b6eec6f759ebc8b2693d585d4a/README.md "HTTP/1.1 200 OK"
2026-08-05 16:11:26,694 - httpx - INFO - HTTP Request: HEAD https://huggingface.co/datasets/princeton-nlp/SWE-bench_Verified/resolve/c104f840cc67f8b6eec6f759ebc8b2693d585d4a/SWE-bench_Verified.py "HTTP/1.1 404 Not Found"
2026-08-05 16:11:27,407 - httpx - INFO - HTTP Request: HEAD https://s3.amazonaws.com/datasets.huggingface.co/datasets/datasets/princeton-nlp/SWE-bench_Verified/princeton-nlp/SWE-bench_Verified.py "HTTP/1.1 404 Not Found"
2026-08-05 16:11:27,770 - httpx - INFO - HTTP Request: GET https://huggingface.co/api/datasets/princeton-nlp/SWE-bench_Verified/revision/c104f840cc67f8b6eec6f759ebc8b2693d585d4a "HTTP/1.1 200 OK"
2026-08-05 16:11:28,030 - httpx - INFO - HTTP Request: HEAD https://huggingface.co/datasets/princeton-nlp/SWE-bench_Verified/resolve/c104f840cc67f8b6eec6f759ebc8b2693d585d4a/.huggingface.yaml "HTTP/1.1 404 Not Found"
2026-08-05 16:11:28,797 - httpx - INFO - HTTP Request: GET https://datasets-server.huggingface.co/info?dataset=princeton-nlp/SWE-bench_Verified "HTTP/1.1 200 OK"
2026-08-05 16:11:29,152 - httpx - INFO - HTTP Request: GET https://huggingface.co/api/datasets/princeton-nlp/SWE-bench_Verified/tree/c104f840cc67f8b6eec6f759ebc8b2693d585d4a/data?recursive=true&expand=false "HTTP/1.1 200 OK"
2026-08-05 16:11:29,425 - httpx - INFO - HTTP Request: GET https://huggingface.co/api/datasets/princeton-nlp/SWE-bench_Verified/tree/c104f840cc67f8b6eec6f759ebc8b2693d585d4a?recursive=false&expand=false "HTTP/1.1 200 OK"
2026-08-05 16:11:29,693 - httpx - INFO - HTTP Request: HEAD https://huggingface.co/datasets/princeton-nlp/SWE-bench_Verified/resolve/c104f840cc67f8b6eec6f759ebc8b2693d585d4a/dataset_infos.json "HTTP/1.1 404 Not Found"
2026-08-05 16:11:30,299 - httpx - INFO - HTTP Request: HEAD https://huggingface.co/datasets/princeton-nlp/SWE-bench_Verified/resolve/main/README.md "HTTP/1.1 307 Temporary Redirect"
2026-08-05 16:11:30,344 - httpx - INFO - HTTP Request: HEAD https://huggingface.co/api/resolve-cache/datasets/princeton-nlp/SWE-bench_Verified/c104f840cc67f8b6eec6f759ebc8b2693d585d4a/README.md "HTTP/1.1 200 OK"
2026-08-05 16:11:30,609 - httpx - INFO - HTTP Request: HEAD https://huggingface.co/datasets/princeton-nlp/SWE-bench_Verified/resolve/c104f840cc67f8b6eec6f759ebc8b2693d585d4a/SWE-bench_Verified.py "HTTP/1.1 404 Not Found"
2026-08-05 16:11:30,833 - httpx - INFO - HTTP Request: HEAD https://s3.amazonaws.com/datasets.huggingface.co/datasets/datasets/princeton-nlp/SWE-bench_Verified/princeton-nlp/SWE-bench_Verified.py "HTTP/1.1 404 Not Found"
2026-08-05 16:11:31,106 - httpx - INFO - HTTP Request: HEAD https://huggingface.co/datasets/princeton-nlp/SWE-bench_Verified/resolve/c104f840cc67f8b6eec6f759ebc8b2693d585d4a/.huggingface.yaml "HTTP/1.1 404 Not Found"
2026-08-05 16:11:31,381 - httpx - INFO - HTTP Request: GET https://datasets-server.huggingface.co/info?dataset=princeton-nlp/SWE-bench_Verified "HTTP/1.1 200 OK"
2026-08-05 16:11:31,657 - httpx - INFO - HTTP Request: HEAD https://huggingface.co/datasets/princeton-nlp/SWE-bench_Verified/resolve/c104f840cc67f8b6eec6f759ebc8b2693d585d4a/dataset_infos.json "HTTP/1.1 404 Not Found"
Found 8 existing instance images. Will reuse them.
Running 8 instances...

Evaluation:   0%|          | 0/8 [00:00<?, ?it/s, error=0, \u2713=0, \u2716=0]
Evaluation:   0%|          | 0/8 [00:17<?, ?it/s, \u2713=0, \u2716=0, error=1]
Evaluation:  12%|#2        | 1/8 [00:17<02:03, 17.68s/it, \u2713=0, \u2716=0, error=1]
Evaluation:  12%|#2        | 1/8 [00:17<02:03, 17.68s/it, \u2713=0, \u2716=0, error=2]
Evaluation:  25%|##5       | 2/8 [00:17<00:44,  7.38s/it, \u2713=0, \u2716=0, error=2]
Evaluation:  25%|##5       | 2/8 [00:35<00:44,  7.38s/it, \u2713=0, \u2716=0, error=3]
Evaluation:  38%|###7      | 3/8 [00:35<00:59, 11.85s/it, \u2713=0, \u2716=0, error=3]
Evaluation:  38%|###7      | 3/8 [00:35<00:59, 11.85s/it, \u2713=0, \u2716=0, error=4]
Evaluation:  50%|#####     | 4/8 [00:35<00:29,  7.26s/it, \u2713=0, \u2716=0, error=4]
Evaluation:  50%|#####     | 4/8 [00:52<00:29,  7.26s/it, \u2713=0, \u2716=0, error=5]
Evaluation:  62%|######2   | 5/8 [00:52<00:32, 10.88s/it, \u2713=0, \u2716=0, error=5]
Evaluation:  62%|######2   | 5/8 [01:09<00:32, 10.88s/it, \u2713=0, \u2716=0, error=6]
Evaluation:  75%|#######5  | 6/8 [01:09<00:25, 12.95s/it, \u2713=0, \u2716=0, error=6]
Evaluation:  75%|#######5  | 6/8 [01:10<00:25, 12.95s/it, \u2713=0, \u2716=1, error=6]
Evaluation:  88%|########7 | 7/8 [01:10<00:08,  8.93s/it, \u2713=0, \u2716=1, error=6]
Evaluation:  88%|########7 | 7/8 [01:44<00:08,  8.93s/it, \u2713=0, \u2716=2, error=6]
Evaluation: 100%|##########| 8/8 [01:44<00:00, 17.00s/it, \u2713=0, \u2716=2, error=6]
Evaluation: 100%|##########| 8/8 [01:44<00:00, 13.06s/it, \u2713=0, \u2716=2, error=6]
django__django-11163: >>>>> Patch Apply Failed:
can't find file to patch at input line 3
Perhaps you used the wrong -p or --strip option?
The text leading up to this was:
--------------------------
|--- a/fix.py
|+++ b/fix.py
--------------------------
No file to patch.  Skipping patch.
1 out of 1 hunk ignored

Check (logs\run_evaluation\vi_b_lf_rescore_random\commscm-vi-b-random\django__django-11163\run_instance.log) for more information.
django__django-13568: >>>>> Patch Apply Failed:
patching file django/contrib/auth/checks.py
patch: **** malformed patch at line 11: +    for model in user_model._meta.constraints:


Check (logs\run_evaluation\vi_b_lf_rescore_random\commscm-vi-b-random\django__django-13568\run_instance.log) for more information.
django__django-13820: >>>>> Patch Apply Failed:
patching file django/db/migrations/loader.py
Hunk #1 FAILED at 123.
1 out of 1 hunk FAILED -- saving rejects to file django/db/migrations/loader.py.rej

Check (logs\run_evaluation\vi_b_lf_rescore_random\commscm-vi-b-random\django__django-13820\run_instance.log) for more information.
django__django-14559: >>>>> Patch Apply Failed:
patching file django/db/models/query.py
patch: **** malformed patch at line 13: +        pass


Check (logs\run_evaluation\vi_b_lf_rescore_random\commscm-vi-b-random\django__django-14559\run_instance.log) for more information.
psf__requests-6028: >>>>> Patch Apply Failed:
patch: **** Only garbage was found in the patch input.

Check (logs\run_evaluation\vi_b_lf_rescore_random\commscm-vi-b-random\psf__requests-6028\run_instance.log) for more information.
scikit-learn__scikit-learn-13135: >>>>> Patch Apply Failed:
patch: **** Only garbage was found in the patch input.

Check (logs\run_evaluation\vi_b_lf_rescore_random\commscm-vi-b-random\scikit-learn__scikit-learn-13135\run_instance.log) for more information.
All instances run.
Cleaning cached images...
Removed 0 images.
Total instances: 8
Instances submitted: 8
Instances completed: 2
Instances incomplete: 0
Instances resolved: 0
Instances unresolved: 2
Instances with empty patches: 0
Instances with errors: 6
Unstopped containers: 0
Unremoved images: 8
Report written to commscm-vi-b-random.vi_b_lf_rescore_random.json
  [random] harness rc=0 free_gb=39.3
  [static_heuristic] evaluating 8/8 (free_gb=39.3)
C:\Users\BEST BUY COMPUTERS\AppData\Local\Programs\Python\Python314\Lib\site-packages\langchain_core\_api\deprecation.py:25: UserWarning: Core Pydantic V1 functionality isn't compatible with Python 3.14 or greater.
  from pydantic.v1.fields import FieldInfo as FieldInfoV1
C:\Users\BEST BUY COMPUTERS\AppData\Local\Programs\Python\Python314\Lib\site-packages\requests\__init__.py:113: RequestsDependencyWarning: urllib3 (2.6.2) or chardet (7.4.3)/charset_normalizer (3.4.4) doesn't match a supported version!
  warnings.warn(
C:\Users\BEST BUY COMPUTERS\AppData\Local\Programs\Python\Python314\Lib\site-packages\modal\_utils\async_utils.py:42: DeprecationWarning: 'asyncio.WindowsSelectorEventLoopPolicy' is deprecated and slated for removal in Python 3.16
  asyncio.set_event_loop_policy(asyncio.WindowsSelectorEventLoopPolicy())
C:\Users\BEST BUY COMPUTERS\AppData\Local\Programs\Python\Python314\Lib\site-packages\modal\_utils\async_utils.py:42: DeprecationWarning: 'asyncio.set_event_loop_policy' is deprecated and slated for removal in Python 3.16
  asyncio.set_event_loop_policy(asyncio.WindowsSelectorEventLoopPolicy())
<frozen runpy>:128: RuntimeWarning: 'swebench.harness.run_evaluation' found in sys.modules after import of package 'swebench.harness', but prior to execution of 'swebench.harness.run_evaluation'; this may result in unpredictable behaviour
2026-08-05 16:13:31,660 - httpx - INFO - HTTP Request: HEAD https://huggingface.co/datasets/princeton-nlp/SWE-bench_Verified/resolve/main/README.md "HTTP/1.1 307 Temporary Redirect"
2026-08-05 16:13:31,709 - httpx - INFO - HTTP Request: HEAD https://huggingface.co/api/resolve-cache/datasets/princeton-nlp/SWE-bench_Verified/c104f840cc67f8b6eec6f759ebc8b2693d585d4a/README.md "HTTP/1.1 200 OK"
2026-08-05 16:13:32,041 - httpx - INFO - HTTP Request: HEAD https://huggingface.co/datasets/princeton-nlp/SWE-bench_Verified/resolve/c104f840cc67f8b6eec6f759ebc8b2693d585d4a/SWE-bench_Verified.py "HTTP/1.1 404 Not Found"
2026-08-05 16:13:32,771 - httpx - INFO - HTTP Request: HEAD https://s3.amazonaws.com/datasets.huggingface.co/datasets/datasets/princeton-nlp/SWE-bench_Verified/princeton-nlp/SWE-bench_Verified.py "HTTP/1.1 404 Not Found"
2026-08-05 16:13:33,063 - httpx - INFO - HTTP Request: GET https://huggingface.co/api/datasets/princeton-nlp/SWE-bench_Verified/revision/c104f840cc67f8b6eec6f759ebc8b2693d585d4a "HTTP/1.1 200 OK"
2026-08-05 16:13:33,364 - httpx - INFO - HTTP Request: HEAD https://huggingface.co/datasets/princeton-nlp/SWE-bench_Verified/resolve/c104f840cc67f8b6eec6f759ebc8b2693d585d4a/.huggingface.yaml "HTTP/1.1 404 Not Found"
2026-08-05 16:13:33,825 - httpx - INFO - HTTP Request: GET https://datasets-server.huggingface.co/info?dataset=princeton-nlp/SWE-bench_Verified "HTTP/1.1 200 OK"
2026-08-05 16:13:34,129 - httpx - INFO - HTTP Request: GET https://huggingface.co/api/datasets/princeton-nlp/SWE-bench_Verified/tree/c104f840cc67f8b6eec6f759ebc8b2693d585d4a/data?recursive=true&expand=false "HTTP/1.1 200 OK"
2026-08-05 16:13:34,415 - httpx - INFO - HTTP Request: GET https://huggingface.co/api/datasets/princeton-nlp/SWE-bench_Verified/tree/c104f840cc67f8b6eec6f759ebc8b2693d585d4a?recursive=false&expand=false "HTTP/1.1 200 OK"
2026-08-05 16:13:34,700 - httpx - INFO - HTTP Request: HEAD https://huggingface.co/datasets/princeton-nlp/SWE-bench_Verified/resolve/c104f840cc67f8b6eec6f759ebc8b2693d585d4a/dataset_infos.json "HTTP/1.1 404 Not Found"
2026-08-05 16:13:35,288 - httpx - INFO - HTTP Request: HEAD https://huggingface.co/datasets/princeton-nlp/SWE-bench_Verified/resolve/main/README.md "HTTP/1.1 307 Temporary Redirect"
2026-08-05 16:13:35,342 - httpx - INFO - HTTP Request: HEAD https://huggingface.co/api/resolve-cache/datasets/princeton-nlp/SWE-bench_Verified/c104f840cc67f8b6eec6f759ebc8b2693d585d4a/README.md "HTTP/1.1 200 OK"
2026-08-05 16:13:35,626 - httpx - INFO - HTTP Request: HEAD https://huggingface.co/datasets/princeton-nlp/SWE-bench_Verified/resolve/c104f840cc67f8b6eec6f759ebc8b2693d585d4a/SWE-bench_Verified.py "HTTP/1.1 404 Not Found"
2026-08-05 16:13:35,868 - httpx - INFO - HTTP Request: HEAD https://s3.amazonaws.com/datasets.huggingface.co/datasets/datasets/princeton-nlp/SWE-bench_Verified/princeton-nlp/SWE-bench_Verified.py "HTTP/1.1 404 Not Found"
2026-08-05 16:13:36,157 - httpx - INFO - HTTP Request: HEAD https://huggingface.co/datasets/princeton-nlp/SWE-bench_Verified/resolve/c104f840cc67f8b6eec6f759ebc8b2693d585d4a/.huggingface.yaml "HTTP/1.1 404 Not Found"
2026-08-05 16:13:36,435 - httpx - INFO - HTTP Request: GET https://datasets-server.huggingface.co/info?dataset=princeton-nlp/SWE-bench_Verified "HTTP/1.1 200 OK"
2026-08-05 16:13:36,723 - httpx - INFO - HTTP Request: HEAD https://huggingface.co/datasets/princeton-nlp/SWE-bench_Verified/resolve/c104f840cc67f8b6eec6f759ebc8b2693d585d4a/dataset_infos.json "HTTP/1.1 404 Not Found"
Found 8 existing instance images. Will reuse them.
Running 8 instances...

Evaluation:   0%|          | 0/8 [00:00<?, ?it/s, error=0, \u2713=0, \u2716=0]
Evaluation:   0%|          | 0/8 [00:17<?, ?it/s, \u2713=0, \u2716=0, error=1]
Evaluation:  12%|#2        | 1/8 [00:17<02:01, 17.39s/it, \u2713=0, \u2716=0, error=1]
Evaluation:  12%|#2        | 1/8 [00:17<02:01, 17.39s/it, \u2713=0, \u2716=0, error=2]
Evaluation:  25%|##5       | 2/8 [00:17<00:43,  7.25s/it, \u2713=0, \u2716=0, error=2]
Evaluation:  25%|##5       | 2/8 [00:34<00:43,  7.25s/it, \u2713=0, \u2716=0, error=3]
Evaluation:  38%|###7      | 3/8 [00:34<00:59, 11.81s/it, \u2713=0, \u2716=0, error=3]
Evaluation:  38%|###7      | 3/8 [00:34<00:59, 11.81s/it, \u2713=0, \u2716=0, error=4]
Evaluation:  50%|#####     | 4/8 [00:34<00:28,  7.21s/it, \u2713=0, \u2716=0, error=4]
Evaluation:  50%|#####     | 4/8 [00:52<00:28,  7.21s/it, \u2713=0, \u2716=0, error=5]
Evaluation:  62%|######2   | 5/8 [00:52<00:32, 10.83s/it, \u2713=0, \u2716=0, error=5]
Evaluation:  62%|######2   | 5/8 [01:13<00:32, 10.83s/it, \u2713=0, \u2716=1, error=5]
Evaluation:  75%|#######5  | 6/8 [01:13<00:29, 14.52s/it, \u2713=0, \u2716=1, error=5]
Evaluation:  75%|#######5  | 6/8 [01:23<00:29, 14.52s/it, \u2713=0, \u2716=2, error=5]
Evaluation:  88%|########7 | 7/8 [01:23<00:13, 13.02s/it, \u2713=0, \u2716=2, error=5]
Evaluation:  88%|########7 | 7/8 [01:30<00:13, 13.02s/it, \u2713=0, \u2716=2, error=6]
Evaluation: 100%|##########| 8/8 [01:30<00:00, 11.04s/it, \u2713=0, \u2716=2, error=6]
Evaluation: 100%|##########| 8/8 [01:30<00:00, 11.33s/it, \u2713=0, \u2716=2, error=6]
django__django-13568: >>>>> Patch Apply Failed:
patching file django/contrib/auth/checks.py
patch: **** malformed patch at line 14:          if isinstance(constraint, UniqueConstraint) and constraint.fields == [username_field]:


Check (logs\run_evaluation\vi_b_lf_rescore_static_heuristic\commscm-vi-b-static_heuristic\django__django-13568\run_instance.log) for more information.
django__django-11163: >>>>> Patch Apply Failed:
can't find file to patch at input line 3
Perhaps you used the wrong -p or --strip option?
The text leading up to this was:
--------------------------
|--- a/django/models/fields/__init__.py
|+++ b/django/models/fields/__init__.py
--------------------------
No file to patch.  Skipping patch.
1 out of 1 hunk ignored

Check (logs\run_evaluation\vi_b_lf_rescore_static_heuristic\commscm-vi-b-static_heuristic\django__django-11163\run_instance.log) for more information.
django__django-13820: >>>>> Patch Apply Failed:
patching file django/db/migrations/loader.py
Hunk #1 FAILED at 123.
1 out of 1 hunk FAILED -- saving rejects to file django/db/migrations/loader.py.rej

Check (logs\run_evaluation\vi_b_lf_rescore_static_heuristic\commscm-vi-b-static_heuristic\django__django-13820\run_instance.log) for more information.
django__django-14559: >>>>> Patch Apply Failed:
patching file django/db/models/query.py
patch: **** malformed patch at line 12: 


Check (logs\run_evaluation\vi_b_lf_rescore_static_heuristic\commscm-vi-b-static_heuristic\django__django-14559\run_instance.log) for more information.
psf__requests-6028: >>>>> Patch Apply Failed:
patching file requests/sessions.py
Hunk #1 FAILED at 1000.
1 out of 1 hunk FAILED -- saving rejects to file requests/sessions.py.rej

Check (logs\run_evaluation\vi_b_lf_rescore_static_heuristic\commscm-vi-b-static_heuristic\psf__requests-6028\run_instance.log) for more information.
scikit-learn__scikit-learn-14894: >>>>> Patch Apply Failed:
can't find file to patch at input line 3
Perhaps you used the wrong -p or --strip option?
The text leading up to this was:
--------------------------
|--- a//usr/local/lib/python3.5/dist-packages/sklearn/svm/base.py
|+++ b//usr/local/lib/python3.5/dist-packages/sklearn/svm/base.py
--------------------------
No file to patch.  Skipping patch.
1 out of 1 hunk ignored

Check (logs\run_evaluation\vi_b_lf_rescore_static_heuristic\commscm-vi-b-static_heuristic\scikit-learn__scikit-learn-14894\run_instance.log) for more information.
All instances run.
Cleaning cached images...
Removed 0 images.
Total instances: 8
Instances submitted: 8
Instances completed: 2
Instances incomplete: 0
Instances resolved: 0
Instances unresolved: 2
Instances with empty patches: 0
Instances with errors: 6
Unstopped containers: 0
Unremoved images: 8
Report written to commscm-vi-b-static_heuristic.vi_b_lf_rescore_static_heuristic.json
  [static_heuristic] harness rc=0 free_gb=39.3
[disk] before prune free_gb=39.3
[disk] removed 8 sweb.eval images; free_gb=39.3
BATCH 8 done; gold_partial={'resolve_at_1_mean': 0.90625, 'counts': {'resolved': 58, 'unresolved': 1, 'error': 5, 'missing': 36, 'scored': 64}}

=== BATCH 9/13 ids=astropy__astropy-13453..sympy__sympy-19040 (8) ===
[prepull] pulling swebench/sweb.eval.x86_64.astropy_1776_astropy-13453:latest (free_gb=39.3)...
[prepull] ok swebench/sweb.eval.x86_64.astropy_1776_astropy-13453:latest in 1362.4s
[prepull] pulling swebench/sweb.eval.x86_64.django_1776_django-13023:latest (free_gb=39.0)...
[prepull] ok swebench/sweb.eval.x86_64.django_1776_django-13023:latest in 565.2s
[prepull] pulling swebench/sweb.eval.x86_64.pydata_1776_xarray-4075:latest (free_gb=38.9)...
[prepull] ok swebench/sweb.eval.x86_64.pydata_1776_xarray-4075:latest in 1699.6s
[prepull] pulling swebench/sweb.eval.x86_64.django_1776_django-15368:latest (free_gb=38.7)...
[prepull] ok swebench/sweb.eval.x86_64.django_1776_django-15368:latest in 581.5s
[prepull] pulling swebench/sweb.eval.x86_64.scikit-learn_1776_scikit-learn-25232:latest (free_gb=38.7)...
[prepull] ok swebench/sweb.eval.x86_64.scikit-learn_1776_scikit-learn-25232:latest in 1424.3s
[prepull] pulling swebench/sweb.eval.x86_64.sympy_1776_sympy-15976:latest (free_gb=38.8)...
[prepull] ok swebench/sweb.eval.x86_64.sympy_1776_sympy-15976:latest in 427.4s
[prepull] pulling swebench/sweb.eval.x86_64.django_1776_django-13028:latest (free_gb=38.8)...
[prepull] ok swebench/sweb.eval.x86_64.django_1776_django-13028:latest in 108.6s
[prepull] pulling swebench/sweb.eval.x86_64.sympy_1776_sympy-19040:latest (free_gb=38.8)...
[prepull] ok swebench/sweb.eval.x86_64.sympy_1776_sympy-19040:latest in 88.2s
  [oracle_gold] evaluating 8/8 (free_gb=38.9)
C:\Users\BEST BUY COMPUTERS\AppData\Local\Programs\Python\Python314\Lib\site-packages\langchain_core\_api\deprecation.py:25: UserWarning: Core Pydantic V1 functionality isn't compatible with Python 3.14 or greater.
  from pydantic.v1.fields import FieldInfo as FieldInfoV1
C:\Users\BEST BUY COMPUTERS\AppData\Local\Programs\Python\Python314\Lib\site-packages\requests\__init__.py:113: RequestsDependencyWarning: urllib3 (2.6.2) or chardet (7.4.3)/charset_normalizer (3.4.4) doesn't match a supported version!
  warnings.warn(
C:\Users\BEST BUY COMPUTERS\AppData\Local\Programs\Python\Python314\Lib\site-packages\modal\_utils\async_utils.py:42: DeprecationWarning: 'asyncio.WindowsSelectorEventLoopPolicy' is deprecated and slated for removal in Python 3.16
  asyncio.set_event_loop_policy(asyncio.WindowsSelectorEventLoopPolicy())
C:\Users\BEST BUY COMPUTERS\AppData\Local\Programs\Python\Python314\Lib\site-packages\modal\_utils\async_utils.py:42: DeprecationWarning: 'asyncio.set_event_loop_policy' is deprecated and slated for removal in Python 3.16
  asyncio.set_event_loop_policy(asyncio.WindowsSelectorEventLoopPolicy())
<frozen runpy>:128: RuntimeWarning: 'swebench.harness.run_evaluation' found in sys.modules after import of package 'swebench.harness', but prior to execution of 'swebench.harness.run_evaluation'; this may result in unpredictable behaviour
2026-08-05 18:00:08,360 - httpx - INFO - HTTP Request: HEAD https://huggingface.co/datasets/princeton-nlp/SWE-bench_Verified/resolve/main/README.md "HTTP/1.1 307 Temporary Redirect"
2026-08-05 18:00:08,435 - httpx - INFO - HTTP Request: HEAD https://huggingface.co/api/resolve-cache/datasets/princeton-nlp/SWE-bench_Verified/c104f840cc67f8b6eec6f759ebc8b2693d585d4a/README.md "HTTP/1.1 200 OK"
2026-08-05 18:00:08,811 - httpx - INFO - HTTP Request: HEAD https://huggingface.co/datasets/princeton-nlp/SWE-bench_Verified/resolve/c104f840cc67f8b6eec6f759ebc8b2693d585d4a/SWE-bench_Verified.py "HTTP/1.1 404 Not Found"
2026-08-05 18:00:09,621 - httpx - INFO - HTTP Request: HEAD https://s3.amazonaws.com/datasets.huggingface.co/datasets/datasets/princeton-nlp/SWE-bench_Verified/princeton-nlp/SWE-bench_Verified.py "HTTP/1.1 404 Not Found"
2026-08-05 18:00:10,040 - httpx - INFO - HTTP Request: GET https://huggingface.co/api/datasets/princeton-nlp/SWE-bench_Verified/revision/c104f840cc67f8b6eec6f759ebc8b2693d585d4a "HTTP/1.1 200 OK"
2026-08-05 18:00:10,448 - httpx - INFO - HTTP Request: HEAD https://huggingface.co/datasets/princeton-nlp/SWE-bench_Verified/resolve/c104f840cc67f8b6eec6f759ebc8b2693d585d4a/.huggingface.yaml "HTTP/1.1 404 Not Found"
2026-08-05 18:00:10,960 - httpx - INFO - HTTP Request: GET https://datasets-server.huggingface.co/info?dataset=princeton-nlp/SWE-bench_Verified "HTTP/1.1 200 OK"
2026-08-05 18:00:11,370 - httpx - INFO - HTTP Request: GET https://huggingface.co/api/datasets/princeton-nlp/SWE-bench_Verified/tree/c104f840cc67f8b6eec6f759ebc8b2693d585d4a/data?recursive=true&expand=false "HTTP/1.1 200 OK"
2026-08-05 18:00:11,780 - httpx - INFO - HTTP Request: GET https://huggingface.co/api/datasets/princeton-nlp/SWE-bench_Verified/tree/c104f840cc67f8b6eec6f759ebc8b2693d585d4a?recursive=false&expand=false "HTTP/1.1 200 OK"
2026-08-05 18:00:12,117 - httpx - INFO - HTTP Request: HEAD https://huggingface.co/datasets/princeton-nlp/SWE-bench_Verified/resolve/c104f840cc67f8b6eec6f759ebc8b2693d585d4a/dataset_infos.json "HTTP/1.1 404 Not Found"
2026-08-05 18:00:13,727 - httpx - INFO - HTTP Request: HEAD https://huggingface.co/datasets/princeton-nlp/SWE-bench_Verified/resolve/main/README.md "HTTP/1.1 307 Temporary Redirect"
2026-08-05 18:00:13,798 - httpx - INFO - HTTP Request: HEAD https://huggingface.co/api/resolve-cache/datasets/princeton-nlp/SWE-bench_Verified/c104f840cc67f8b6eec6f759ebc8b2693d585d4a/README.md "HTTP/1.1 200 OK"
2026-08-05 18:00:14,108 - httpx - INFO - HTTP Request: HEAD https://huggingface.co/datasets/princeton-nlp/SWE-bench_Verified/resolve/c104f840cc67f8b6eec6f759ebc8b2693d585d4a/SWE-bench_Verified.py "HTTP/1.1 404 Not Found"
2026-08-05 18:00:14,337 - httpx - INFO - HTTP Request: HEAD https://s3.amazonaws.com/datasets.huggingface.co/datasets/datasets/princeton-nlp/SWE-bench_Verified/princeton-nlp/SWE-bench_Verified.py "HTTP/1.1 404 Not Found"
2026-08-05 18:00:14,650 - httpx - INFO - HTTP Request: HEAD https://huggingface.co/datasets/princeton-nlp/SWE-bench_Verified/resolve/c104f840cc67f8b6eec6f759ebc8b2693d585d4a/.huggingface.yaml "HTTP/1.1 404 Not Found"
2026-08-05 18:00:14,940 - httpx - INFO - HTTP Request: GET https://datasets-server.huggingface.co/info?dataset=princeton-nlp/SWE-bench_Verified "HTTP/1.1 200 OK"
2026-08-05 18:00:15,365 - httpx - INFO - HTTP Request: HEAD https://huggingface.co/datasets/princeton-nlp/SWE-bench_Verified/resolve/c104f840cc67f8b6eec6f759ebc8b2693d585d4a/dataset_infos.json "HTTP/1.1 404 Not Found"
Found 8 existing instance images. Will reuse them.
Running 8 instances...

Evaluation:   0%|          | 0/8 [00:00<?, ?it/s, error=0, \u2713=0, \u2716=0]
Evaluation:   0%|          | 0/8 [00:44<?, ?it/s, \u2713=0, \u2716=0, error=1]
Evaluation:  12%|#2        | 1/8 [00:44<05:14, 44.97s/it, \u2713=0, \u2716=0, error=1]
Evaluation:  12%|#2        | 1/8 [01:28<05:14, 44.97s/it, \u2713=1, \u2716=0, error=1]
Evaluation:  25%|##5       | 2/8 [01:28<04:24, 44.08s/it, \u2713=1, \u2716=0, error=1]
Evaluation:  25%|##5       | 2/8 [02:19<04:24, 44.08s/it, \u2713=2, \u2716=0, error=1]
Evaluation:  38%|###7      | 3/8 [02:19<03:56, 47.22s/it, \u2713=2, \u2716=0, error=1]
Evaluation:  38%|###7      | 3/8 [03:22<03:56, 47.22s/it, \u2713=3, \u2716=0, error=1]
Evaluation:  50%|#####     | 4/8 [03:22<03:34, 53.62s/it, \u2713=3, \u2716=0, error=1]
Evaluation:  50%|#####     | 4/8 [04:17<03:34, 53.62s/it, \u2713=4, \u2716=0, error=1]
Evaluation:  62%|######2   | 5/8 [04:17<02:42, 54.02s/it, \u2713=4, \u2716=0, error=1]
Evaluation:  62%|######2   | 5/8 [04:57<02:42, 54.02s/it, \u2713=5, \u2716=0, error=1]
Evaluation:  75%|#######5  | 6/8 [04:57<01:38, 49.18s/it, \u2713=5, \u2716=0, error=1]
Evaluation:  75%|#######5  | 6/8 [06:44<01:38, 49.18s/it, \u2713=6, \u2716=0, error=1]
Evaluation:  88%|########7 | 7/8 [06:44<01:08, 68.26s/it, \u2713=6, \u2716=0, error=1]
Evaluation:  88%|########7 | 7/8 [07:35<01:08, 68.26s/it, \u2713=7, \u2716=0, error=1]
Evaluation: 100%|##########| 8/8 [07:35<00:00, 62.74s/it, \u2713=7, \u2716=0, error=1]
Evaluation: 100%|##########| 8/8 [07:35<00:00, 56.97s/it, \u2713=7, \u2716=0, error=1]
All instances run.
Cleaning cached images...
Removed 0 images.
Total instances: 8
Instances submitted: 8
Instances completed: 7
Instances incomplete: 0
Instances resolved: 7
Instances unresolved: 0
Instances with empty patches: 0
Instances with errors: 1
Unstopped containers: 0
Unremoved images: 8
Report written to commscm-oracle-gold.oracle_gold_full_n100_lf.json
  [oracle_gold] harness rc=0 free_gb=38.9
  [cr_guided] evaluating 8/8 (free_gb=38.9)
C:\Users\BEST BUY COMPUTERS\AppData\Local\Programs\Python\Python314\Lib\site-packages\langchain_core\_api\deprecation.py:25: UserWarning: Core Pydantic V1 functionality isn't compatible with Python 3.14 or greater.
  from pydantic.v1.fields import FieldInfo as FieldInfoV1
C:\Users\BEST BUY COMPUTERS\AppData\Local\Programs\Python\Python314\Lib\site-packages\requests\__init__.py:113: RequestsDependencyWarning: urllib3 (2.6.2) or chardet (7.4.3)/charset_normalizer (3.4.4) doesn't match a supported version!
  warnings.warn(
C:\Users\BEST BUY COMPUTERS\AppData\Local\Programs\Python\Python314\Lib\site-packages\modal\_utils\async_utils.py:42: DeprecationWarning: 'asyncio.WindowsSelectorEventLoopPolicy' is deprecated and slated for removal in Python 3.16
  asyncio.set_event_loop_policy(asyncio.WindowsSelectorEventLoopPolicy())
C:\Users\BEST BUY COMPUTERS\AppData\Local\Programs\Python\Python314\Lib\site-packages\modal\_utils\async_utils.py:42: DeprecationWarning: 'asyncio.set_event_loop_policy' is deprecated and slated for removal in Python 3.16
  asyncio.set_event_loop_policy(asyncio.WindowsSelectorEventLoopPolicy())
<frozen runpy>:128: RuntimeWarning: 'swebench.harness.run_evaluation' found in sys.modules after import of package 'swebench.harness', but prior to execution of 'swebench.harness.run_evaluation'; this may result in unpredictable behaviour
2026-08-05 18:08:16,239 - httpx - INFO - HTTP Request: HEAD https://huggingface.co/datasets/princeton-nlp/SWE-bench_Verified/resolve/main/README.md "HTTP/1.1 307 Temporary Redirect"
2026-08-05 18:08:16,311 - httpx - INFO - HTTP Request: HEAD https://huggingface.co/api/resolve-cache/datasets/princeton-nlp/SWE-bench_Verified/c104f840cc67f8b6eec6f759ebc8b2693d585d4a/README.md "HTTP/1.1 200 OK"
2026-08-05 18:08:16,623 - httpx - INFO - HTTP Request: HEAD https://huggingface.co/datasets/princeton-nlp/SWE-bench_Verified/resolve/c104f840cc67f8b6eec6f759ebc8b2693d585d4a/SWE-bench_Verified.py "HTTP/1.1 404 Not Found"
2026-08-05 18:08:17,369 - httpx - INFO - HTTP Request: HEAD https://s3.amazonaws.com/datasets.huggingface.co/datasets/datasets/princeton-nlp/SWE-bench_Verified/princeton-nlp/SWE-bench_Verified.py "HTTP/1.1 404 Not Found"
2026-08-05 18:08:17,696 - httpx - INFO - HTTP Request: GET https://huggingface.co/api/datasets/princeton-nlp/SWE-bench_Verified/revision/c104f840cc67f8b6eec6f759ebc8b2693d585d4a "HTTP/1.1 200 OK"
2026-08-05 18:08:17,991 - httpx - INFO - HTTP Request: HEAD https://huggingface.co/datasets/princeton-nlp/SWE-bench_Verified/resolve/c104f840cc67f8b6eec6f759ebc8b2693d585d4a/.huggingface.yaml "HTTP/1.1 404 Not Found"
2026-08-05 18:08:18,592 - httpx - INFO - HTTP Request: GET https://datasets-server.huggingface.co/info?dataset=princeton-nlp/SWE-bench_Verified "HTTP/1.1 200 OK"
2026-08-05 18:08:19,001 - httpx - INFO - HTTP Request: GET https://huggingface.co/api/datasets/princeton-nlp/SWE-bench_Verified/tree/c104f840cc67f8b6eec6f759ebc8b2693d585d4a/data?recursive=true&expand=false "HTTP/1.1 200 OK"
2026-08-05 18:08:19,297 - httpx - INFO - HTTP Request: GET https://huggingface.co/api/datasets/princeton-nlp/SWE-bench_Verified/tree/c104f840cc67f8b6eec6f759ebc8b2693d585d4a?recursive=false&expand=false "HTTP/1.1 200 OK"
2026-08-05 18:08:19,657 - httpx - INFO - HTTP Request: HEAD https://huggingface.co/datasets/princeton-nlp/SWE-bench_Verified/resolve/c104f840cc67f8b6eec6f759ebc8b2693d585d4a/dataset_infos.json "HTTP/1.1 404 Not Found"
2026-08-05 18:08:21,250 - httpx - INFO - HTTP Request: HEAD https://huggingface.co/datasets/princeton-nlp/SWE-bench_Verified/resolve/main/README.md "HTTP/1.1 307 Temporary Redirect"
2026-08-05 18:08:21,317 - httpx - INFO - HTTP Request: HEAD https://huggingface.co/api/resolve-cache/datasets/princeton-nlp/SWE-bench_Verified/c104f840cc67f8b6eec6f759ebc8b2693d585d4a/README.md "HTTP/1.1 200 OK"
2026-08-05 18:08:21,666 - httpx - INFO - HTTP Request: HEAD https://huggingface.co/datasets/princeton-nlp/SWE-bench_Verified/resolve/c104f840cc67f8b6eec6f759ebc8b2693d585d4a/SWE-bench_Verified.py "HTTP/1.1 404 Not Found"
2026-08-05 18:08:21,897 - httpx - INFO - HTTP Request: HEAD https://s3.amazonaws.com/datasets.huggingface.co/datasets/datasets/princeton-nlp/SWE-bench_Verified/princeton-nlp/SWE-bench_Verified.py "HTTP/1.1 404 Not Found"
2026-08-05 18:08:22,207 - httpx - INFO - HTTP Request: HEAD https://huggingface.co/datasets/princeton-nlp/SWE-bench_Verified/resolve/c104f840cc67f8b6eec6f759ebc8b2693d585d4a/.huggingface.yaml "HTTP/1.1 404 Not Found"
2026-08-05 18:08:22,585 - httpx - INFO - HTTP Request: GET https://datasets-server.huggingface.co/info?dataset=princeton-nlp/SWE-bench_Verified "HTTP/1.1 200 OK"
2026-08-05 18:08:23,098 - httpx - INFO - HTTP Request: HEAD https://huggingface.co/datasets/princeton-nlp/SWE-bench_Verified/resolve/c104f840cc67f8b6eec6f759ebc8b2693d585d4a/dataset_infos.json "HTTP/1.1 404 Not Found"
Found 8 existing instance images. Will reuse them.
Running 8 instances...

Evaluation:   0%|          | 0/8 [00:00<?, ?it/s, error=0, \u2713=0, \u2716=0]
Evaluation:   0%|          | 0/8 [00:18<?, ?it/s, \u2713=0, \u2716=0, error=1]
Evaluation:  12%|#2        | 1/8 [00:18<02:08, 18.41s/it, \u2713=0, \u2716=0, error=1]
Evaluation:  12%|#2        | 1/8 [00:18<02:08, 18.41s/it, \u2713=0, \u2716=0, error=2]
Evaluation:  25%|##5       | 2/8 [00:18<00:45,  7.67s/it, \u2713=0, \u2716=0, error=2]
Evaluation:  25%|##5       | 2/8 [00:37<00:45,  7.67s/it, \u2713=0, \u2716=0, error=3]
Evaluation:  38%|###7      | 3/8 [00:37<01:03, 12.76s/it, \u2713=0, \u2716=0, error=3]
Evaluation:  38%|###7      | 3/8 [00:37<01:03, 12.76s/it, \u2713=0, \u2716=0, error=4]
Evaluation:  50%|#####     | 4/8 [00:37<00:31,  7.77s/it, \u2713=0, \u2716=0, error=4]
Evaluation:  50%|#####     | 4/8 [00:55<00:31,  7.77s/it, \u2713=0, \u2716=0, error=5]
Evaluation:  62%|######2   | 5/8 [00:55<00:34, 11.59s/it, \u2713=0, \u2716=0, error=5]
Evaluation:  62%|######2   | 5/8 [00:55<00:34, 11.59s/it, \u2713=0, \u2716=0, error=6]
Evaluation:  75%|#######5  | 6/8 [00:55<00:15,  7.69s/it, \u2713=0, \u2716=0, error=6]
Evaluation:  75%|#######5  | 6/8 [01:14<00:15,  7.69s/it, \u2713=0, \u2716=0, error=7]
Evaluation:  88%|########7 | 7/8 [01:14<00:11, 11.11s/it, \u2713=0, \u2716=0, error=7]
Evaluation:  88%|########7 | 7/8 [01:14<00:11, 11.11s/it, \u2713=0, \u2716=0, error=8]
Evaluation: 100%|##########| 8/8 [01:14<00:00,  7.62s/it, \u2713=0, \u2716=0, error=8]
Evaluation: 100%|##########| 8/8 [01:14<00:00,  9.29s/it, \u2713=0, \u2716=0, error=8]
django__django-13023: >>>>> Patch Apply Failed:
patch: **** Only garbage was found in the patch input.

Check (logs\run_evaluation\vi_b_lf_rescore_cr_guided\commscm-vi-b-cr_guided\django__django-13023\run_instance.log) for more information.
astropy__astropy-13453: >>>>> Patch Apply Failed:
patching file astropy/io/ascii/html.py
patch: **** malformed patch at line 11:  


Check (logs\run_evaluation\vi_b_lf_rescore_cr_guided\commscm-vi-b-cr_guided\astropy__astropy-13453\run_instance.log) for more information.
django__django-13028: >>>>> Patch Apply Failed:
patching file django/db/models/sql/query.py
patch: **** malformed patch at line 10:                  'clause.'


Check (logs\run_evaluation\vi_b_lf_rescore_cr_guided\commscm-vi-b-cr_guided\django__django-13028\run_instance.log) for more information.
django__django-15368: >>>>> Patch Apply Failed:
patching file django/db/models/query.py
Hunk #1 FAILED at 670.
1 out of 1 hunk FAILED -- saving rejects to file django/db/models/query.py.rej

Check (logs\run_evaluation\vi_b_lf_rescore_cr_guided\commscm-vi-b-cr_guided\django__django-15368\run_instance.log) for more information.
scikit-learn__scikit-learn-25232: >>>>> Patch Apply Failed:
patch: **** Only garbage was found in the patch input.

Check (logs\run_evaluation\vi_b_lf_rescore_cr_guided\commscm-vi-b-cr_guided\scikit-learn__scikit-learn-25232\run_instance.log) for more information.
pydata__xarray-4075: >>>>> Patch Apply Failed:
patching file xarray/core/weighted.py
Hunk #1 FAILED at 123.
1 out of 1 hunk FAILED -- saving rejects to file xarray/core/weighted.py.rej

Check (logs\run_evaluation\vi_b_lf_rescore_cr_guided\commscm-vi-b-cr_guided\pydata__xarray-4075\run_instance.log) for more information.
sympy__sympy-15976: >>>>> Patch Apply Failed:
patch: **** Only garbage was found in the patch input.

Check (logs\run_evaluation\vi_b_lf_rescore_cr_guided\commscm-vi-b-cr_guided\sympy__sympy-15976\run_instance.log) for more information.
sympy__sympy-19040: >>>>> Patch Apply Failed:
patching file sympy/polys/factortools.py
Hunk #1 FAILED at 1147.
1 out of 1 hunk FAILED -- saving rejects to file sympy/polys/factortools.py.rej

Check (logs\run_evaluation\vi_b_lf_rescore_cr_guided\commscm-vi-b-cr_guided\sympy__sympy-19040\run_instance.log) for more information.
All instances run.
Cleaning cached images...
Removed 0 images.
Total instances: 8
Instances submitted: 8
Instances completed: 0
Instances incomplete: 0
Instances resolved: 0
Instances unresolved: 0
Instances with empty patches: 0
Instances with errors: 8
Unstopped containers: 0
Unremoved images: 8
Report written to commscm-vi-b-cr_guided.vi_b_lf_rescore_cr_guided.json
  [cr_guided] harness rc=0 free_gb=38.9
  [reward_only] evaluating 8/8 (free_gb=38.9)
C:\Users\BEST BUY COMPUTERS\AppData\Local\Programs\Python\Python314\Lib\site-packages\langchain_core\_api\deprecation.py:25: UserWarning: Core Pydantic V1 functionality isn't compatible with Python 3.14 or greater.
  from pydantic.v1.fields import FieldInfo as FieldInfoV1
C:\Users\BEST BUY COMPUTERS\AppData\Local\Programs\Python\Python314\Lib\site-packages\requests\__init__.py:113: RequestsDependencyWarning: urllib3 (2.6.2) or chardet (7.4.3)/charset_normalizer (3.4.4) doesn't match a supported version!
  warnings.warn(
C:\Users\BEST BUY COMPUTERS\AppData\Local\Programs\Python\Python314\Lib\site-packages\modal\_utils\async_utils.py:42: DeprecationWarning: 'asyncio.WindowsSelectorEventLoopPolicy' is deprecated and slated for removal in Python 3.16
  asyncio.set_event_loop_policy(asyncio.WindowsSelectorEventLoopPolicy())
C:\Users\BEST BUY COMPUTERS\AppData\Local\Programs\Python\Python314\Lib\site-packages\modal\_utils\async_utils.py:42: DeprecationWarning: 'asyncio.set_event_loop_policy' is deprecated and slated for removal in Python 3.16
  asyncio.set_event_loop_policy(asyncio.WindowsSelectorEventLoopPolicy())
<frozen runpy>:128: RuntimeWarning: 'swebench.harness.run_evaluation' found in sys.modules after import of package 'swebench.harness', but prior to execution of 'swebench.harness.run_evaluation'; this may result in unpredictable behaviour
2026-08-05 18:10:01,301 - httpx - INFO - HTTP Request: HEAD https://huggingface.co/datasets/princeton-nlp/SWE-bench_Verified/resolve/main/README.md "HTTP/1.1 307 Temporary Redirect"
2026-08-05 18:10:01,796 - httpx - INFO - HTTP Request: HEAD https://huggingface.co/api/resolve-cache/datasets/princeton-nlp/SWE-bench_Verified/c104f840cc67f8b6eec6f759ebc8b2693d585d4a/README.md "HTTP/1.1 200 OK"
2026-08-05 18:10:02,222 - httpx - INFO - HTTP Request: HEAD https://huggingface.co/datasets/princeton-nlp/SWE-bench_Verified/resolve/c104f840cc67f8b6eec6f759ebc8b2693d585d4a/SWE-bench_Verified.py "HTTP/1.1 404 Not Found"
2026-08-05 18:10:02,917 - httpx - INFO - HTTP Request: HEAD https://s3.amazonaws.com/datasets.huggingface.co/datasets/datasets/princeton-nlp/SWE-bench_Verified/princeton-nlp/SWE-bench_Verified.py "HTTP/1.1 404 Not Found"
2026-08-05 18:10:03,371 - httpx - INFO - HTTP Request: GET https://huggingface.co/api/datasets/princeton-nlp/SWE-bench_Verified/revision/c104f840cc67f8b6eec6f759ebc8b2693d585d4a "HTTP/1.1 200 OK"
2026-08-05 18:10:03,864 - httpx - INFO - HTTP Request: HEAD https://huggingface.co/datasets/princeton-nlp/SWE-bench_Verified/resolve/c104f840cc67f8b6eec6f759ebc8b2693d585d4a/.huggingface.yaml "HTTP/1.1 404 Not Found"
2026-08-05 18:10:04,596 - httpx - INFO - HTTP Request: GET https://datasets-server.huggingface.co/info?dataset=princeton-nlp/SWE-bench_Verified "HTTP/1.1 200 OK"
2026-08-05 18:10:05,369 - httpx - INFO - HTTP Request: GET https://huggingface.co/api/datasets/princeton-nlp/SWE-bench_Verified/tree/c104f840cc67f8b6eec6f759ebc8b2693d585d4a/data?recursive=true&expand=false "HTTP/1.1 200 OK"
2026-08-05 18:10:05,691 - httpx - INFO - HTTP Request: GET https://huggingface.co/api/datasets/princeton-nlp/SWE-bench_Verified/tree/c104f840cc67f8b6eec6f759ebc8b2693d585d4a?recursive=false&expand=false "HTTP/1.1 200 OK"
2026-08-05 18:10:06,116 - httpx - INFO - HTTP Request: HEAD https://huggingface.co/datasets/princeton-nlp/SWE-bench_Verified/resolve/c104f840cc67f8b6eec6f759ebc8b2693d585d4a/dataset_infos.json "HTTP/1.1 404 Not Found"
2026-08-05 18:10:07,619 - httpx - INFO - HTTP Request: HEAD https://huggingface.co/datasets/princeton-nlp/SWE-bench_Verified/resolve/main/README.md "HTTP/1.1 307 Temporary Redirect"
2026-08-05 18:10:07,958 - httpx - INFO - HTTP Request: HEAD https://huggingface.co/api/resolve-cache/datasets/princeton-nlp/SWE-bench_Verified/c104f840cc67f8b6eec6f759ebc8b2693d585d4a/README.md "HTTP/1.1 200 OK"
2026-08-05 18:10:08,525 - httpx - INFO - HTTP Request: HEAD https://huggingface.co/datasets/princeton-nlp/SWE-bench_Verified/resolve/c104f840cc67f8b6eec6f759ebc8b2693d585d4a/SWE-bench_Verified.py "HTTP/1.1 404 Not Found"
2026-08-05 18:10:09,351 - httpx - INFO - HTTP Request: HEAD https://s3.amazonaws.com/datasets.huggingface.co/datasets/datasets/princeton-nlp/SWE-bench_Verified/princeton-nlp/SWE-bench_Verified.py "HTTP/1.1 404 Not Found"
2026-08-05 18:10:09,823 - httpx - INFO - HTTP Request: HEAD https://huggingface.co/datasets/princeton-nlp/SWE-bench_Verified/resolve/c104f840cc67f8b6eec6f759ebc8b2693d585d4a/.huggingface.yaml "HTTP/1.1 404 Not Found"
2026-08-05 18:10:10,696 - httpx - INFO - HTTP Request: GET https://datasets-server.huggingface.co/info?dataset=princeton-nlp/SWE-bench_Verified "HTTP/1.1 200 OK"
2026-08-05 18:10:11,964 - httpx - INFO - HTTP Request: HEAD https://huggingface.co/datasets/princeton-nlp/SWE-bench_Verified/resolve/c104f840cc67f8b6eec6f759ebc8b2693d585d4a/dataset_infos.json "HTTP/1.1 404 Not Found"
Found 8 existing instance images. Will reuse them.
Running 8 instances...

Evaluation:   0%|          | 0/8 [00:00<?, ?it/s, error=0, \u2713=0, \u2716=0]
Evaluation:   0%|          | 0/8 [00:17<?, ?it/s, \u2713=0, \u2716=0, error=1]
Evaluation:  12%|#2        | 1/8 [00:17<02:04, 17.73s/it, \u2713=0, \u2716=0, error=1]
Evaluation:  12%|#2        | 1/8 [00:42<02:04, 17.73s/it, \u2713=0, \u2716=0, error=2]
Evaluation:  25%|##5       | 2/8 [00:42<02:10, 21.79s/it, \u2713=0, \u2716=0, error=2]
Evaluation:  25%|##5       | 2/8 [01:01<02:10, 21.79s/it, \u2713=0, \u2716=0, error=3]
Evaluation:  38%|###7      | 3/8 [01:01<01:41, 20.39s/it, \u2713=0, \u2716=0, error=3]
Evaluation:  38%|###7      | 3/8 [01:09<01:41, 20.39s/it, \u2713=1, \u2716=0, error=3]
Evaluation:  50%|#####     | 4/8 [01:09<01:03, 15.76s/it, \u2713=1, \u2716=0, error=3]
Evaluation:  50%|#####     | 4/8 [01:19<01:03, 15.76s/it, \u2713=1, \u2716=0, error=4]
Evaluation:  62%|######2   | 5/8 [01:19<00:40, 13.43s/it, \u2713=1, \u2716=0, error=4]
Evaluation:  62%|######2   | 5/8 [01:28<00:40, 13.43s/it, \u2713=1, \u2716=0, error=5]
Evaluation:  75%|#######5  | 6/8 [01:28<00:23, 11.98s/it, \u2713=1, \u2716=0, error=5]
Evaluation:  75%|#######5  | 6/8 [01:37<00:23, 11.98s/it, \u2713=1, \u2716=0, error=6]
Evaluation:  88%|########7 | 7/8 [01:37<00:11, 11.23s/it, \u2713=1, \u2716=0, error=6]
Evaluation:  88%|########7 | 7/8 [01:46<00:11, 11.23s/it, \u2713=1, \u2716=0, error=7]
Evaluation: 100%|##########| 8/8 [01:46<00:00, 10.45s/it, \u2713=1, \u2716=0, error=7]
Evaluation: 100%|##########| 8/8 [01:46<00:00, 13.33s/it, \u2713=1, \u2716=0, error=7]
astropy__astropy-13453: >>>>> Patch Apply Failed:
patching file astropy/io/ascii/html.py
Hunk #1 succeeded at 339 with fuzz 3.
patch: **** malformed patch at line 11: @@ -346,7 +347


Check (logs\run_evaluation\vi_b_lf_rescore_reward_only\commscm-vi-b-reward_only\astropy__astropy-13453\run_instance.log) for more information.
django__django-15368: >>>>> Patch Apply Failed:
patching file django/db/models/query.py
Hunk #1 FAILED at 670.
1 out of 1 hunk FAILED -- saving rejects to file django/db/models/query.py.rej

Check (logs\run_evaluation\vi_b_lf_rescore_reward_only\commscm-vi-b-reward_only\django__django-15368\run_instance.log) for more information.
pydata__xarray-4075: >>>>> Patch Apply Failed:
patching file xarray/core/weighted.py
Hunk #1 FAILED at 123.
1 out of 1 hunk FAILED -- saving rejects to file xarray/core/weighted.py.rej

Check (logs\run_evaluation\vi_b_lf_rescore_reward_only\commscm-vi-b-reward_only\pydata__xarray-4075\run_instance.log) for more information.
scikit-learn__scikit-learn-25232: >>>>> Patch Apply Failed:
patching file sklearn/impute/_iterative.py
Hunk #1 succeeded at 123 with fuzz 3.
Hunk #2 succeeded at 131 with fuzz 3.
patch: **** malformed patch at line 29: @@@ SYNTAX_ERROR: def solve(  # missing closing paren and body


Check (logs\run_evaluation\vi_b_lf_rescore_reward_only\commscm-vi-b-reward_only\scikit-learn__scikit-learn-25232\run_instance.log) for more information.
sympy__sympy-15976: >>>>> Patch Apply Failed:
patching file sympy/printing/mathml.py
Hunk #1 FAILED at 123.
1 out of 1 hunk FAILED -- saving rejects to file sympy/printing/mathml.py.rej

Check (logs\run_evaluation\vi_b_lf_rescore_reward_only\commscm-vi-b-reward_only\sympy__sympy-15976\run_instance.log) for more information.
sympy__sympy-19040: >>>>> Patch Apply Failed:
patching file sympy/polys/factortools.py
Hunk #1 FAILED at 1147.
1 out of 1 hunk FAILED -- saving rejects to file sympy/polys/factortools.py.rej

Check (logs\run_evaluation\vi_b_lf_rescore_reward_only\commscm-vi-b-reward_only\sympy__sympy-19040\run_instance.log) for more information.
All instances run.
Cleaning cached images...
Removed 0 images.
Total instances: 8
Instances submitted: 8
Instances completed: 1
Instances incomplete: 0
Instances resolved: 1
Instances unresolved: 0
Instances with empty patches: 0
Instances with errors: 7
Unstopped containers: 0
Unremoved images: 8
Report written to commscm-vi-b-reward_only.vi_b_lf_rescore_reward_only.json
  [reward_only] harness rc=0 free_gb=38.9
  [random] evaluating 8/8 (free_gb=38.9)
C:\Users\BEST BUY COMPUTERS\AppData\Local\Programs\Python\Python314\Lib\site-packages\langchain_core\_api\deprecation.py:25: UserWarning: Core Pydantic V1 functionality isn't compatible with Python 3.14 or greater.
  from pydantic.v1.fields import FieldInfo as FieldInfoV1
C:\Users\BEST BUY COMPUTERS\AppData\Local\Programs\Python\Python314\Lib\site-packages\requests\__init__.py:113: RequestsDependencyWarning: urllib3 (2.6.2) or chardet (7.4.3)/charset_normalizer (3.4.4) doesn't match a supported version!
  warnings.warn(
C:\Users\BEST BUY COMPUTERS\AppData\Local\Programs\Python\Python314\Lib\site-packages\modal\_utils\async_utils.py:42: DeprecationWarning: 'asyncio.WindowsSelectorEventLoopPolicy' is deprecated and slated for removal in Python 3.16
  asyncio.set_event_loop_policy(asyncio.WindowsSelectorEventLoopPolicy())
C:\Users\BEST BUY COMPUTERS\AppData\Local\Programs\Python\Python314\Lib\site-packages\modal\_utils\async_utils.py:42: DeprecationWarning: 'asyncio.set_event_loop_policy' is deprecated and slated for removal in Python 3.16
  asyncio.set_event_loop_policy(asyncio.WindowsSelectorEventLoopPolicy())
<frozen runpy>:128: RuntimeWarning: 'swebench.harness.run_evaluation' found in sys.modules after import of package 'swebench.harness', but prior to execution of 'swebench.harness.run_evaluation'; this may result in unpredictable behaviour
2026-08-05 18:12:31,796 - httpx - INFO - HTTP Request: HEAD https://huggingface.co/datasets/princeton-nlp/SWE-bench_Verified/resolve/main/README.md "HTTP/1.1 307 Temporary Redirect"
2026-08-05 18:12:31,870 - httpx - INFO - HTTP Request: HEAD https://huggingface.co/api/resolve-cache/datasets/princeton-nlp/SWE-bench_Verified/c104f840cc67f8b6eec6f759ebc8b2693d585d4a/README.md "HTTP/1.1 200 OK"
2026-08-05 18:12:32,174 - httpx - INFO - HTTP Request: HEAD https://huggingface.co/datasets/princeton-nlp/SWE-bench_Verified/resolve/c104f840cc67f8b6eec6f759ebc8b2693d585d4a/SWE-bench_Verified.py "HTTP/1.1 404 Not Found"
2026-08-05 18:12:32,907 - httpx - INFO - HTTP Request: HEAD https://s3.amazonaws.com/datasets.huggingface.co/datasets/datasets/princeton-nlp/SWE-bench_Verified/princeton-nlp/SWE-bench_Verified.py "HTTP/1.1 404 Not Found"
2026-08-05 18:12:33,290 - httpx - INFO - HTTP Request: GET https://huggingface.co/api/datasets/princeton-nlp/SWE-bench_Verified/revision/c104f840cc67f8b6eec6f759ebc8b2693d585d4a "HTTP/1.1 200 OK"
2026-08-05 18:12:33,613 - httpx - INFO - HTTP Request: HEAD https://huggingface.co/datasets/princeton-nlp/SWE-bench_Verified/resolve/c104f840cc67f8b6eec6f759ebc8b2693d585d4a/.huggingface.yaml "HTTP/1.1 404 Not Found"
2026-08-05 18:12:34,354 - httpx - INFO - HTTP Request: GET https://datasets-server.huggingface.co/info?dataset=princeton-nlp/SWE-bench_Verified "HTTP/1.1 200 OK"
2026-08-05 18:12:34,674 - httpx - INFO - HTTP Request: GET https://huggingface.co/api/datasets/princeton-nlp/SWE-bench_Verified/tree/c104f840cc67f8b6eec6f759ebc8b2693d585d4a/data?recursive=true&expand=false "HTTP/1.1 200 OK"
2026-08-05 18:12:34,963 - httpx - INFO - HTTP Request: GET https://huggingface.co/api/datasets/princeton-nlp/SWE-bench_Verified/tree/c104f840cc67f8b6eec6f759ebc8b2693d585d4a?recursive=false&expand=false "HTTP/1.1 200 OK"
2026-08-05 18:12:35,414 - httpx - INFO - HTTP Request: HEAD https://huggingface.co/datasets/princeton-nlp/SWE-bench_Verified/resolve/c104f840cc67f8b6eec6f759ebc8b2693d585d4a/dataset_infos.json "HTTP/1.1 404 Not Found"
2026-08-05 18:12:37,870 - httpx - INFO - HTTP Request: HEAD https://huggingface.co/datasets/princeton-nlp/SWE-bench_Verified/resolve/main/README.md "HTTP/1.1 307 Temporary Redirect"
2026-08-05 18:12:37,938 - httpx - INFO - HTTP Request: HEAD https://huggingface.co/api/resolve-cache/datasets/princeton-nlp/SWE-bench_Verified/c104f840cc67f8b6eec6f759ebc8b2693d585d4a/README.md "HTTP/1.1 200 OK"
2026-08-05 18:12:38,246 - httpx - INFO - HTTP Request: HEAD https://huggingface.co/datasets/princeton-nlp/SWE-bench_Verified/resolve/c104f840cc67f8b6eec6f759ebc8b2693d585d4a/SWE-bench_Verified.py "HTTP/1.1 404 Not Found"
2026-08-05 18:12:39,006 - httpx - INFO - HTTP Request: HEAD https://s3.amazonaws.com/datasets.huggingface.co/datasets/datasets/princeton-nlp/SWE-bench_Verified/princeton-nlp/SWE-bench_Verified.py "HTTP/1.1 404 Not Found"
2026-08-05 18:12:39,336 - httpx - INFO - HTTP Request: HEAD https://huggingface.co/datasets/princeton-nlp/SWE-bench_Verified/resolve/c104f840cc67f8b6eec6f759ebc8b2693d585d4a/.huggingface.yaml "HTTP/1.1 404 Not Found"
2026-08-05 18:12:39,603 - httpx - INFO - HTTP Request: GET https://datasets-server.huggingface.co/info?dataset=princeton-nlp/SWE-bench_Verified "HTTP/1.1 200 OK"
2026-08-05 18:12:40,022 - httpx - INFO - HTTP Request: HEAD https://huggingface.co/datasets/princeton-nlp/SWE-bench_Verified/resolve/c104f840cc67f8b6eec6f759ebc8b2693d585d4a/dataset_infos.json "HTTP/1.1 404 Not Found"
Found 8 existing instance images. Will reuse them.
Running 8 instances...

Evaluation:   0%|          | 0/8 [00:00<?, ?it/s, error=0, \u2713=0, \u2716=0]
Evaluation:   0%|          | 0/8 [00:54<?, ?it/s, \u2713=0, \u2716=0, error=1]
Evaluation:  12%|#2        | 1/8 [00:54<06:23, 54.84s/it, \u2713=0, \u2716=0, error=1]
Evaluation:  12%|#2        | 1/8 [01:46<06:23, 54.84s/it, \u2713=1, \u2716=0, error=1]
Evaluation:  25%|##5       | 2/8 [01:46<05:16, 52.76s/it, \u2713=1, \u2716=0, error=1]
Evaluation:  25%|##5       | 2/8 [02:04<05:16, 52.76s/it, \u2713=1, \u2716=0, error=2]
Evaluation:  38%|###7      | 3/8 [02:04<03:04, 36.92s/it, \u2713=1, \u2716=0, error=2]
Evaluation:  38%|###7      | 3/8 [02:22<03:04, 36.92s/it, \u2713=1, \u2716=0, error=3]
Evaluation:  50%|#####     | 4/8 [02:22<01:58, 29.52s/it, \u2713=1, \u2716=0, error=3]
Evaluation:  50%|#####     | 4/8 [02:39<01:58, 29.52s/it, \u2713=1, \u2716=0, error=4]
Evaluation:  62%|######2   | 5/8 [02:39<01:15, 25.15s/it, \u2713=1, \u2716=0, error=4]
Evaluation:  62%|######2   | 5/8 [02:57<01:15, 25.15s/it, \u2713=1, \u2716=0, error=5]
Evaluation:  75%|#######5  | 6/8 [02:57<00:45, 22.55s/it, \u2713=1, \u2716=0, error=5]
Evaluation:  75%|#######5  | 6/8 [03:15<00:45, 22.55s/it, \u2713=1, \u2716=0, error=6]
Evaluation:  88%|########7 | 7/8 [03:15<00:20, 20.97s/it, \u2713=1, \u2716=0, error=6]
Evaluation:  88%|########7 | 7/8 [04:53<00:20, 20.97s/it, \u2713=1, \u2716=1, error=6]
Evaluation: 100%|##########| 8/8 [04:53<00:00, 45.50s/it, \u2713=1, \u2716=1, error=6]
Evaluation: 100%|##########| 8/8 [04:53<00:00, 36.63s/it, \u2713=1, \u2716=1, error=6]
django__django-15368: >>>>> Patch Apply Failed:
patching file django/db/models/query.py
Hunk #1 FAILED at 670.
1 out of 1 hunk FAILED -- saving rejects to file django/db/models/query.py.rej

Check (logs\run_evaluation\vi_b_lf_rescore_random\commscm-vi-b-random\django__django-15368\run_instance.log) for more information.
pydata__xarray-4075: >>>>> Patch Apply Failed:
patch: **** Only garbage was found in the patch input.

Check (logs\run_evaluation\vi_b_lf_rescore_random\commscm-vi-b-random\pydata__xarray-4075\run_instance.log) for more information.
scikit-learn__scikit-learn-25232: >>>>> Patch Apply Failed:
patching file sklearn/impute/_iterative.py
Hunk #1 succeeded at 123 with fuzz 3.
patch: **** malformed patch at line 26: @@@ SYNTAX_ERROR: def solve(  # missing closing paren and body

Hunk #2 succeeded at 131 with fuzz 3.

Check (logs\run_evaluation\vi_b_lf_rescore_random\commscm-vi-b-random\scikit-learn__scikit-learn-25232\run_instance.log) for more information.
sympy__sympy-15976: >>>>> Patch Apply Failed:
patch: **** Only garbage was found in the patch input.

Check (logs\run_evaluation\vi_b_lf_rescore_random\commscm-vi-b-random\sympy__sympy-15976\run_instance.log) for more information.
sympy__sympy-19040: >>>>> Patch Apply Failed:
patching file sympy/polys/factortools.py
Hunk #1 FAILED at 1147.
1 out of 1 hunk FAILED -- saving rejects to file sympy/polys/factortools.py.rej

Check (logs\run_evaluation\vi_b_lf_rescore_random\commscm-vi-b-random\sympy__sympy-19040\run_instance.log) for more information.
All instances run.
Cleaning cached images...
Removed 0 images.
Total instances: 8
Instances submitted: 8
Instances completed: 2
Instances incomplete: 0
Instances resolved: 1
Instances unresolved: 1
Instances with empty patches: 0
Instances with errors: 6
Unstopped containers: 0
Unremoved images: 8
Report written to commscm-vi-b-random.vi_b_lf_rescore_random.json
  [random] harness rc=0 free_gb=38.9
  [static_heuristic] evaluating 8/8 (free_gb=38.9)
C:\Users\BEST BUY COMPUTERS\AppData\Local\Programs\Python\Python314\Lib\site-packages\langchain_core\_api\deprecation.py:25: UserWarning: Core Pydantic V1 functionality isn't compatible with Python 3.14 or greater.
  from pydantic.v1.fields import FieldInfo as FieldInfoV1
C:\Users\BEST BUY COMPUTERS\AppData\Local\Programs\Python\Python314\Lib\site-packages\requests\__init__.py:113: RequestsDependencyWarning: urllib3 (2.6.2) or chardet (7.4.3)/charset_normalizer (3.4.4) doesn't match a supported version!
  warnings.warn(
C:\Users\BEST BUY COMPUTERS\AppData\Local\Programs\Python\Python314\Lib\site-packages\modal\_utils\async_utils.py:42: DeprecationWarning: 'asyncio.WindowsSelectorEventLoopPolicy' is deprecated and slated for removal in Python 3.16
  asyncio.set_event_loop_policy(asyncio.WindowsSelectorEventLoopPolicy())
C:\Users\BEST BUY COMPUTERS\AppData\Local\Programs\Python\Python314\Lib\site-packages\modal\_utils\async_utils.py:42: DeprecationWarning: 'asyncio.set_event_loop_policy' is deprecated and slated for removal in Python 3.16
  asyncio.set_event_loop_policy(asyncio.WindowsSelectorEventLoopPolicy())
<frozen runpy>:128: RuntimeWarning: 'swebench.harness.run_evaluation' found in sys.modules after import of package 'swebench.harness', but prior to execution of 'swebench.harness.run_evaluation'; this may result in unpredictable behaviour
2026-08-05 18:18:02,792 - httpx - INFO - HTTP Request: HEAD https://huggingface.co/datasets/princeton-nlp/SWE-bench_Verified/resolve/main/README.md "HTTP/1.1 307 Temporary Redirect"
2026-08-05 18:18:02,865 - httpx - INFO - HTTP Request: HEAD https://huggingface.co/api/resolve-cache/datasets/princeton-nlp/SWE-bench_Verified/c104f840cc67f8b6eec6f759ebc8b2693d585d4a/README.md "HTTP/1.1 200 OK"
2026-08-05 18:18:03,173 - httpx - INFO - HTTP Request: HEAD https://huggingface.co/datasets/princeton-nlp/SWE-bench_Verified/resolve/c104f840cc67f8b6eec6f759ebc8b2693d585d4a/SWE-bench_Verified.py "HTTP/1.1 404 Not Found"
2026-08-05 18:18:03,966 - httpx - INFO - HTTP Request: HEAD https://s3.amazonaws.com/datasets.huggingface.co/datasets/datasets/princeton-nlp/SWE-bench_Verified/princeton-nlp/SWE-bench_Verified.py "HTTP/1.1 404 Not Found"
2026-08-05 18:18:04,310 - httpx - INFO - HTTP Request: GET https://huggingface.co/api/datasets/princeton-nlp/SWE-bench_Verified/revision/c104f840cc67f8b6eec6f759ebc8b2693d585d4a "HTTP/1.1 200 OK"
2026-08-05 18:18:04,939 - httpx - INFO - HTTP Request: HEAD https://huggingface.co/datasets/princeton-nlp/SWE-bench_Verified/resolve/c104f840cc67f8b6eec6f759ebc8b2693d585d4a/.huggingface.yaml "HTTP/1.1 404 Not Found"
2026-08-05 18:18:05,653 - httpx - INFO - HTTP Request: GET https://datasets-server.huggingface.co/info?dataset=princeton-nlp/SWE-bench_Verified "HTTP/1.1 200 OK"
2026-08-05 18:18:05,985 - httpx - INFO - HTTP Request: GET https://huggingface.co/api/datasets/princeton-nlp/SWE-bench_Verified/tree/c104f840cc67f8b6eec6f759ebc8b2693d585d4a/data?recursive=true&expand=false "HTTP/1.1 200 OK"
2026-08-05 18:18:06,284 - httpx - INFO - HTTP Request: GET https://huggingface.co/api/datasets/princeton-nlp/SWE-bench_Verified/tree/c104f840cc67f8b6eec6f759ebc8b2693d585d4a?recursive=false&expand=false "HTTP/1.1 200 OK"
2026-08-05 18:18:06,640 - httpx - INFO - HTTP Request: HEAD https://huggingface.co/datasets/princeton-nlp/SWE-bench_Verified/resolve/c104f840cc67f8b6eec6f759ebc8b2693d585d4a/dataset_infos.json "HTTP/1.1 404 Not Found"
2026-08-05 18:18:08,050 - httpx - INFO - HTTP Request: HEAD https://huggingface.co/datasets/princeton-nlp/SWE-bench_Verified/resolve/main/README.md "HTTP/1.1 307 Temporary Redirect"
2026-08-05 18:18:08,381 - httpx - INFO - HTTP Request: HEAD https://huggingface.co/api/resolve-cache/datasets/princeton-nlp/SWE-bench_Verified/c104f840cc67f8b6eec6f759ebc8b2693d585d4a/README.md "HTTP/1.1 200 OK"
2026-08-05 18:18:08,830 - httpx - INFO - HTTP Request: HEAD https://huggingface.co/datasets/princeton-nlp/SWE-bench_Verified/resolve/c104f840cc67f8b6eec6f759ebc8b2693d585d4a/SWE-bench_Verified.py "HTTP/1.1 404 Not Found"
2026-08-05 18:18:09,077 - httpx - INFO - HTTP Request: HEAD https://s3.amazonaws.com/datasets.huggingface.co/datasets/datasets/princeton-nlp/SWE-bench_Verified/princeton-nlp/SWE-bench_Verified.py "HTTP/1.1 404 Not Found"
2026-08-05 18:18:09,617 - httpx - INFO - HTTP Request: HEAD https://huggingface.co/datasets/princeton-nlp/SWE-bench_Verified/resolve/c104f840cc67f8b6eec6f759ebc8b2693d585d4a/.huggingface.yaml "HTTP/1.1 404 Not Found"
2026-08-05 18:18:09,909 - httpx - INFO - HTTP Request: GET https://datasets-server.huggingface.co/info?dataset=princeton-nlp/SWE-bench_Verified "HTTP/1.1 200 OK"
2026-08-05 18:18:10,244 - httpx - INFO - HTTP Request: HEAD https://huggingface.co/datasets/princeton-nlp/SWE-bench_Verified/resolve/c104f840cc67f8b6eec6f759ebc8b2693d585d4a/dataset_infos.json "HTTP/1.1 404 Not Found"
Found 8 existing instance images. Will reuse them.
Running 8 instances...

Evaluation:   0%|          | 0/8 [00:00<?, ?it/s, error=0, \u2713=0, \u2716=0]
Evaluation:   0%|          | 0/8 [00:18<?, ?it/s, \u2713=0, \u2716=0, error=1]
Evaluation:  12%|#2        | 1/8 [00:18<02:06, 18.09s/it, \u2713=0, \u2716=0, error=1]
Evaluation:  12%|#2        | 1/8 [00:35<02:06, 18.09s/it, \u2713=0, \u2716=0, error=2]
Evaluation:  25%|##5       | 2/8 [00:35<01:47, 17.89s/it, \u2713=0, \u2716=0, error=2]
Evaluation:  25%|##5       | 2/8 [00:53<01:47, 17.89s/it, \u2713=0, \u2716=0, error=3]
Evaluation:  38%|###7      | 3/8 [00:53<01:29, 17.81s/it, \u2713=0, \u2716=0, error=3]
Evaluation:  38%|###7      | 3/8 [01:11<01:29, 17.81s/it, \u2713=0, \u2716=0, error=4]
Evaluation:  50%|#####     | 4/8 [01:11<01:11, 17.78s/it, \u2713=0, \u2716=0, error=4]
Evaluation:  50%|#####     | 4/8 [04:55<01:11, 17.78s/it, \u2713=0, \u2716=1, error=4]
Evaluation:  62%|######2   | 5/8 [04:55<04:36, 92.20s/it, \u2713=0, \u2716=1, error=4]
Evaluation:  62%|######2   | 5/8 [05:17<04:36, 92.20s/it, \u2713=0, \u2716=1, error=5]
Evaluation:  75%|#######5  | 6/8 [05:17<02:16, 68.46s/it, \u2713=0, \u2716=1, error=5]
Evaluation:  75%|#######5  | 6/8 [05:38<02:16, 68.46s/it, \u2713=0, \u2716=1, error=6]
Evaluation:  88%|########7 | 7/8 [05:38<00:52, 52.84s/it, \u2713=0, \u2716=1, error=6]
Evaluation:  88%|########7 | 7/8 [06:14<00:52, 52.84s/it, \u2713=0, \u2716=2, error=6]
Evaluation: 100%|##########| 8/8 [06:14<00:00, 47.45s/it, \u2713=0, \u2716=2, error=6]
Evaluation: 100%|##########| 8/8 [06:14<00:00, 46.80s/it, \u2713=0, \u2716=2, error=6]
django__django-13023: >>>>> Patch Apply Failed:
patch: **** malformed patch at line 13: 

patching file django/db/models/fields/__init__.py

Check (logs\run_evaluation\vi_b_lf_rescore_static_heuristic\commscm-vi-b-static_heuristic\django__django-13023\run_instance.log) for more information.
django__django-13028: >>>>> Patch Apply Failed:
patch: **** malformed patch at line 10:                  'clause.'

patching file django/db/models/sql/query.py

Check (logs\run_evaluation\vi_b_lf_rescore_static_heuristic\commscm-vi-b-static_heuristic\django__django-13028\run_instance.log) for more information.
django__django-15368: >>>>> Patch Apply Failed:
patching file django/db/models/query.py
Hunk #1 FAILED at 670.
1 out of 1 hunk FAILED -- saving rejects to file django/db/models/query.py.rej

Check (logs\run_evaluation\vi_b_lf_rescore_static_heuristic\commscm-vi-b-static_heuristic\django__django-15368\run_instance.log) for more information.
pydata__xarray-4075: >>>>> Patch Apply Failed:
patching file xarray/core/weighted.py
Hunk #1 FAILED at 123.
1 out of 1 hunk FAILED -- saving rejects to file xarray/core/weighted.py.rej

Check (logs\run_evaluation\vi_b_lf_rescore_static_heuristic\commscm-vi-b-static_heuristic\pydata__xarray-4075\run_instance.log) for more information.
sympy__sympy-15976: >>>>> Patch Apply Failed:
patching file sympy/printing/mathml.py
Hunk #1 FAILED at 123.
1 out of 1 hunk FAILED -- saving rejects to file sympy/printing/mathml.py.rej

Check (logs\run_evaluation\vi_b_lf_rescore_static_heuristic\commscm-vi-b-static_heuristic\sympy__sympy-15976\run_instance.log) for more information.
sympy__sympy-19040: >>>>> Patch Apply Failed:
patching file sympy/polys/factortools.py
Hunk #1 FAILED at 1150.
1 out of 1 hunk FAILED -- saving rejects to file sympy/polys/factortools.py.rej

Check (logs\run_evaluation\vi_b_lf_rescore_static_heuristic\commscm-vi-b-static_heuristic\sympy__sympy-19040\run_instance.log) for more information.
All instances run.
Cleaning cached images...
Removed 0 images.
Total instances: 8
Instances submitted: 8
Instances completed: 2
Instances incomplete: 0
Instances resolved: 0
Instances unresolved: 2
Instances with empty patches: 0
Instances with errors: 6
Unstopped containers: 0
Unremoved images: 8
Report written to commscm-vi-b-static_heuristic.vi_b_lf_rescore_static_heuristic.json
  [static_heuristic] harness rc=0 free_gb=38.8
[disk] before prune free_gb=38.8
[disk] removed 8 sweb.eval images; free_gb=38.8
BATCH 9 done; gold_partial={'resolve_at_1_mean': 0.9027777777777778, 'counts': {'resolved': 65, 'unresolved': 1, 'error': 6, 'missing': 28, 'scored': 72}}

=== BATCH 10/13 ids=psf__requests-1766..django__django-13794 (8) ===
[prepull] pulling swebench/sweb.eval.x86_64.psf_1776_requests-1766:latest (free_gb=38.8)...
[prepull] ok swebench/sweb.eval.x86_64.psf_1776_requests-1766:latest in 1108.6s
[prepull] pulling swebench/sweb.eval.x86_64.pytest-dev_1776_pytest-7205:latest (free_gb=42.5)...
[prepull] ok swebench/sweb.eval.x86_64.pytest-dev_1776_pytest-7205:latest in 365.5s
[prepull] pulling swebench/sweb.eval.x86_64.sphinx-doc_1776_sphinx-8593:latest (free_gb=42.5)...
[prepull] ok swebench/sweb.eval.x86_64.sphinx-doc_1776_sphinx-8593:latest in 452.1s
[prepull] pulling swebench/sweb.eval.x86_64.sphinx-doc_1776_sphinx-8595:latest (free_gb=42.5)...
[prepull] ok swebench/sweb.eval.x86_64.sphinx-doc_1776_sphinx-8595:latest in 43.9s
[prepull] pulling swebench/sweb.eval.x86_64.django_1776_django-15315:latest (free_gb=42.5)...
[prepull] ok swebench/sweb.eval.x86_64.django_1776_django-15315:latest in 719.7s
[prepull] pulling swebench/sweb.eval.x86_64.pytest-dev_1776_pytest-5631:latest (free_gb=38.8)...
[prepull] ok swebench/sweb.eval.x86_64.pytest-dev_1776_pytest-5631:latest in 502.9s
[prepull] pulling swebench/sweb.eval.x86_64.django_1776_django-15987:latest (free_gb=38.8)...
[prepull] ok swebench/sweb.eval.x86_64.django_1776_django-15987:latest in 160.1s
[prepull] pulling swebench/sweb.eval.x86_64.django_1776_django-13794:latest (free_gb=38.7)...
[prepull] ok swebench/sweb.eval.x86_64.django_1776_django-13794:latest in 681.5s
  [oracle_gold] evaluating 8/8 (free_gb=38.7)
C:\Users\BEST BUY COMPUTERS\AppData\Local\Programs\Python\Python314\Lib\site-packages\langchain_core\_api\deprecation.py:25: UserWarning: Core Pydantic V1 functionality isn't compatible with Python 3.14 or greater.
  from pydantic.v1.fields import FieldInfo as FieldInfoV1
C:\Users\BEST BUY COMPUTERS\AppData\Local\Programs\Python\Python314\Lib\site-packages\requests\__init__.py:113: RequestsDependencyWarning: urllib3 (2.6.2) or chardet (7.4.3)/charset_normalizer (3.4.4) doesn't match a supported version!
  warnings.warn(
C:\Users\BEST BUY COMPUTERS\AppData\Local\Programs\Python\Python314\Lib\site-packages\modal\_utils\async_utils.py:42: DeprecationWarning: 'asyncio.WindowsSelectorEventLoopPolicy' is deprecated and slated for removal in Python 3.16
  asyncio.set_event_loop_policy(asyncio.WindowsSelectorEventLoopPolicy())
C:\Users\BEST BUY COMPUTERS\AppData\Local\Programs\Python\Python314\Lib\site-packages\modal\_utils\async_utils.py:42: DeprecationWarning: 'asyncio.set_event_loop_policy' is deprecated and slated for removal in Python 3.16
  asyncio.set_event_loop_policy(asyncio.WindowsSelectorEventLoopPolicy())
<frozen runpy>:128: RuntimeWarning: 'swebench.harness.run_evaluation' found in sys.modules after import of package 'swebench.harness', but prior to execution of 'swebench.harness.run_evaluation'; this may result in unpredictable behaviour
2026-08-05 19:32:42,821 - httpx - INFO - HTTP Request: HEAD https://huggingface.co/datasets/princeton-nlp/SWE-bench_Verified/resolve/main/README.md "HTTP/1.1 307 Temporary Redirect"
2026-08-05 19:32:42,890 - httpx - INFO - HTTP Request: HEAD https://huggingface.co/api/resolve-cache/datasets/princeton-nlp/SWE-bench_Verified/c104f840cc67f8b6eec6f759ebc8b2693d585d4a/README.md "HTTP/1.1 200 OK"
2026-08-05 19:32:43,184 - httpx - INFO - HTTP Request: HEAD https://huggingface.co/datasets/princeton-nlp/SWE-bench_Verified/resolve/c104f840cc67f8b6eec6f759ebc8b2693d585d4a/SWE-bench_Verified.py "HTTP/1.1 404 Not Found"
2026-08-05 19:32:43,941 - httpx - INFO - HTTP Request: HEAD https://s3.amazonaws.com/datasets.huggingface.co/datasets/datasets/princeton-nlp/SWE-bench_Verified/princeton-nlp/SWE-bench_Verified.py "HTTP/1.1 404 Not Found"
2026-08-05 19:32:44,654 - httpx - INFO - HTTP Request: GET https://huggingface.co/api/datasets/princeton-nlp/SWE-bench_Verified/revision/c104f840cc67f8b6eec6f759ebc8b2693d585d4a "HTTP/1.1 200 OK"
2026-08-05 19:32:45,063 - httpx - INFO - HTTP Request: HEAD https://huggingface.co/datasets/princeton-nlp/SWE-bench_Verified/resolve/c104f840cc67f8b6eec6f759ebc8b2693d585d4a/.huggingface.yaml "HTTP/1.1 404 Not Found"
2026-08-05 19:32:45,609 - httpx - INFO - HTTP Request: GET https://datasets-server.huggingface.co/info?dataset=princeton-nlp/SWE-bench_Verified "HTTP/1.1 200 OK"
2026-08-05 19:32:45,912 - httpx - INFO - HTTP Request: GET https://huggingface.co/api/datasets/princeton-nlp/SWE-bench_Verified/tree/c104f840cc67f8b6eec6f759ebc8b2693d585d4a/data?recursive=true&expand=false "HTTP/1.1 200 OK"
2026-08-05 19:32:46,203 - httpx - INFO - HTTP Request: GET https://huggingface.co/api/datasets/princeton-nlp/SWE-bench_Verified/tree/c104f840cc67f8b6eec6f759ebc8b2693d585d4a?recursive=false&expand=false "HTTP/1.1 200 OK"
2026-08-05 19:32:46,529 - httpx - INFO - HTTP Request: HEAD https://huggingface.co/datasets/princeton-nlp/SWE-bench_Verified/resolve/c104f840cc67f8b6eec6f759ebc8b2693d585d4a/dataset_infos.json "HTTP/1.1 404 Not Found"
2026-08-05 19:32:47,899 - httpx - INFO - HTTP Request: HEAD https://huggingface.co/datasets/princeton-nlp/SWE-bench_Verified/resolve/main/README.md "HTTP/1.1 307 Temporary Redirect"
2026-08-05 19:32:47,960 - httpx - INFO - HTTP Request: HEAD https://huggingface.co/api/resolve-cache/datasets/princeton-nlp/SWE-bench_Verified/c104f840cc67f8b6eec6f759ebc8b2693d585d4a/README.md "HTTP/1.1 200 OK"
2026-08-05 19:32:48,247 - httpx - INFO - HTTP Request: HEAD https://huggingface.co/datasets/princeton-nlp/SWE-bench_Verified/resolve/c104f840cc67f8b6eec6f759ebc8b2693d585d4a/SWE-bench_Verified.py "HTTP/1.1 404 Not Found"
2026-08-05 19:32:48,479 - httpx - INFO - HTTP Request: HEAD https://s3.amazonaws.com/datasets.huggingface.co/datasets/datasets/princeton-nlp/SWE-bench_Verified/princeton-nlp/SWE-bench_Verified.py "HTTP/1.1 404 Not Found"
2026-08-05 19:32:48,791 - httpx - INFO - HTTP Request: HEAD https://huggingface.co/datasets/princeton-nlp/SWE-bench_Verified/resolve/c104f840cc67f8b6eec6f759ebc8b2693d585d4a/.huggingface.yaml "HTTP/1.1 404 Not Found"
2026-08-05 19:32:49,071 - httpx - INFO - HTTP Request: GET https://datasets-server.huggingface.co/info?dataset=princeton-nlp/SWE-bench_Verified "HTTP/1.1 200 OK"
2026-08-05 19:32:49,378 - httpx - INFO - HTTP Request: HEAD https://huggingface.co/datasets/princeton-nlp/SWE-bench_Verified/resolve/c104f840cc67f8b6eec6f759ebc8b2693d585d4a/dataset_infos.json "HTTP/1.1 404 Not Found"
Found 8 existing instance images. Will reuse them.
Running 8 instances...

Evaluation:   0%|          | 0/8 [00:00<?, ?it/s, error=0, \u2713=0, \u2716=0]
Evaluation:   0%|          | 0/8 [00:41<?, ?it/s, \u2713=1, \u2716=0, error=0]
Evaluation:  12%|#2        | 1/8 [00:41<04:52, 41.84s/it, \u2713=1, \u2716=0, error=0]
Evaluation:  12%|#2        | 1/8 [00:50<04:52, 41.84s/it, \u2713=2, \u2716=0, error=0]
Evaluation:  25%|##5       | 2/8 [00:50<02:15, 22.57s/it, \u2713=2, \u2716=0, error=0]
Evaluation:  25%|##5       | 2/8 [01:27<02:15, 22.57s/it, \u2713=3, \u2716=0, error=0]
Evaluation:  38%|###7      | 3/8 [01:27<02:25, 29.12s/it, \u2713=3, \u2716=0, error=0]
Evaluation:  38%|###7      | 3/8 [01:46<02:25, 29.12s/it, \u2713=3, \u2716=1, error=0]
Evaluation:  50%|#####     | 4/8 [01:46<01:39, 24.86s/it, \u2713=3, \u2716=1, error=0]
Evaluation:  50%|#####     | 4/8 [02:12<01:39, 24.86s/it, \u2713=4, \u2716=1, error=0]
Evaluation:  62%|######2   | 5/8 [02:12<01:15, 25.27s/it, \u2713=4, \u2716=1, error=0]
Evaluation:  62%|######2   | 5/8 [02:31<01:15, 25.27s/it, \u2713=5, \u2716=1, error=0]
Evaluation:  75%|#######5  | 6/8 [02:31<00:46, 23.21s/it, \u2713=5, \u2716=1, error=0]
Evaluation:  75%|#######5  | 6/8 [02:46<00:46, 23.21s/it, \u2713=6, \u2716=1, error=0]
Evaluation:  88%|########7 | 7/8 [02:46<00:20, 20.60s/it, \u2713=6, \u2716=1, error=0]
Evaluation:  88%|########7 | 7/8 [03:03<00:20, 20.60s/it, \u2713=7, \u2716=1, error=0]
Evaluation: 100%|##########| 8/8 [03:03<00:00, 19.42s/it, \u2713=7, \u2716=1, error=0]
Evaluation: 100%|##########| 8/8 [03:03<00:00, 22.94s/it, \u2713=7, \u2716=1, error=0]
All instances run.
Cleaning cached images...
Removed 0 images.
Total instances: 8
Instances submitted: 8
Instances completed: 8
Instances incomplete: 0
Instances resolved: 7
Instances unresolved: 1
Instances with empty patches: 0
Instances with errors: 0
Unstopped containers: 0
Unremoved images: 8
Report written to commscm-oracle-gold.oracle_gold_full_n100_lf.json
  [oracle_gold] harness rc=0 free_gb=38.7
  [cr_guided] evaluating 8/8 (free_gb=38.7)
C:\Users\BEST BUY COMPUTERS\AppData\Local\Programs\Python\Python314\Lib\site-packages\langchain_core\_api\deprecation.py:25: UserWarning: Core Pydantic V1 functionality isn't compatible with Python 3.14 or greater.
  from pydantic.v1.fields import FieldInfo as FieldInfoV1
C:\Users\BEST BUY COMPUTERS\AppData\Local\Programs\Python\Python314\Lib\site-packages\requests\__init__.py:113: RequestsDependencyWarning: urllib3 (2.6.2) or chardet (7.4.3)/charset_normalizer (3.4.4) doesn't match a supported version!
  warnings.warn(
C:\Users\BEST BUY COMPUTERS\AppData\Local\Programs\Python\Python314\Lib\site-packages\modal\_utils\async_utils.py:42: DeprecationWarning: 'asyncio.WindowsSelectorEventLoopPolicy' is deprecated and slated for removal in Python 3.16
  asyncio.set_event_loop_policy(asyncio.WindowsSelectorEventLoopPolicy())
C:\Users\BEST BUY COMPUTERS\AppData\Local\Programs\Python\Python314\Lib\site-packages\modal\_utils\async_utils.py:42: DeprecationWarning: 'asyncio.set_event_loop_policy' is deprecated and slated for removal in Python 3.16
  asyncio.set_event_loop_policy(asyncio.WindowsSelectorEventLoopPolicy())
<frozen runpy>:128: RuntimeWarning: 'swebench.harness.run_evaluation' found in sys.modules after import of package 'swebench.harness', but prior to execution of 'swebench.harness.run_evaluation'; this may result in unpredictable behaviour
2026-08-05 19:36:19,724 - httpx - INFO - HTTP Request: HEAD https://huggingface.co/datasets/princeton-nlp/SWE-bench_Verified/resolve/main/README.md "HTTP/1.1 307 Temporary Redirect"
2026-08-05 19:36:19,776 - httpx - INFO - HTTP Request: HEAD https://huggingface.co/api/resolve-cache/datasets/princeton-nlp/SWE-bench_Verified/c104f840cc67f8b6eec6f759ebc8b2693d585d4a/README.md "HTTP/1.1 200 OK"
2026-08-05 19:36:20,069 - httpx - INFO - HTTP Request: HEAD https://huggingface.co/datasets/princeton-nlp/SWE-bench_Verified/resolve/c104f840cc67f8b6eec6f759ebc8b2693d585d4a/SWE-bench_Verified.py "HTTP/1.1 404 Not Found"
2026-08-05 19:36:20,822 - httpx - INFO - HTTP Request: HEAD https://s3.amazonaws.com/datasets.huggingface.co/datasets/datasets/princeton-nlp/SWE-bench_Verified/princeton-nlp/SWE-bench_Verified.py "HTTP/1.1 404 Not Found"
2026-08-05 19:36:21,140 - httpx - INFO - HTTP Request: GET https://huggingface.co/api/datasets/princeton-nlp/SWE-bench_Verified/revision/c104f840cc67f8b6eec6f759ebc8b2693d585d4a "HTTP/1.1 200 OK"
2026-08-05 19:36:21,418 - httpx - INFO - HTTP Request: HEAD https://huggingface.co/datasets/princeton-nlp/SWE-bench_Verified/resolve/c104f840cc67f8b6eec6f759ebc8b2693d585d4a/.huggingface.yaml "HTTP/1.1 404 Not Found"
2026-08-05 19:36:21,990 - httpx - INFO - HTTP Request: GET https://datasets-server.huggingface.co/info?dataset=princeton-nlp/SWE-bench_Verified "HTTP/1.1 200 OK"
2026-08-05 19:36:22,275 - httpx - INFO - HTTP Request: GET https://huggingface.co/api/datasets/princeton-nlp/SWE-bench_Verified/tree/c104f840cc67f8b6eec6f759ebc8b2693d585d4a/data?recursive=true&expand=false "HTTP/1.1 200 OK"
2026-08-05 19:36:22,666 - httpx - INFO - HTTP Request: GET https://huggingface.co/api/datasets/princeton-nlp/SWE-bench_Verified/tree/c104f840cc67f8b6eec6f759ebc8b2693d585d4a?recursive=false&expand=false "HTTP/1.1 200 OK"
2026-08-05 19:36:22,973 - httpx - INFO - HTTP Request: HEAD https://huggingface.co/datasets/princeton-nlp/SWE-bench_Verified/resolve/c104f840cc67f8b6eec6f759ebc8b2693d585d4a/dataset_infos.json "HTTP/1.1 404 Not Found"
2026-08-05 19:36:24,715 - httpx - INFO - HTTP Request: HEAD https://huggingface.co/datasets/princeton-nlp/SWE-bench_Verified/resolve/main/README.md "HTTP/1.1 307 Temporary Redirect"
2026-08-05 19:36:24,773 - httpx - INFO - HTTP Request: HEAD https://huggingface.co/api/resolve-cache/datasets/princeton-nlp/SWE-bench_Verified/c104f840cc67f8b6eec6f759ebc8b2693d585d4a/README.md "HTTP/1.1 200 OK"
2026-08-05 19:36:25,123 - httpx - INFO - HTTP Request: HEAD https://huggingface.co/datasets/princeton-nlp/SWE-bench_Verified/resolve/c104f840cc67f8b6eec6f759ebc8b2693d585d4a/SWE-bench_Verified.py "HTTP/1.1 404 Not Found"
2026-08-05 19:36:25,425 - httpx - INFO - HTTP Request: HEAD https://s3.amazonaws.com/datasets.huggingface.co/datasets/datasets/princeton-nlp/SWE-bench_Verified/princeton-nlp/SWE-bench_Verified.py "HTTP/1.1 404 Not Found"
2026-08-05 19:36:25,737 - httpx - INFO - HTTP Request: HEAD https://huggingface.co/datasets/princeton-nlp/SWE-bench_Verified/resolve/c104f840cc67f8b6eec6f759ebc8b2693d585d4a/.huggingface.yaml "HTTP/1.1 404 Not Found"
2026-08-05 19:36:26,017 - httpx - INFO - HTTP Request: GET https://datasets-server.huggingface.co/info?dataset=princeton-nlp/SWE-bench_Verified "HTTP/1.1 200 OK"
2026-08-05 19:36:26,331 - httpx - INFO - HTTP Request: HEAD https://huggingface.co/datasets/princeton-nlp/SWE-bench_Verified/resolve/c104f840cc67f8b6eec6f759ebc8b2693d585d4a/dataset_infos.json "HTTP/1.1 404 Not Found"
Found 8 existing instance images. Will reuse them.
Running 8 instances...

Evaluation:   0%|          | 0/8 [00:00<?, ?it/s, error=0, \u2713=0, \u2716=0]
Evaluation:   0%|          | 0/8 [00:17<?, ?it/s, \u2713=0, \u2716=0, error=1]
Evaluation:  12%|#2        | 1/8 [00:17<02:03, 17.67s/it, \u2713=0, \u2716=0, error=1]
Evaluation:  12%|#2        | 1/8 [00:18<02:03, 17.67s/it, \u2713=0, \u2716=0, error=2]
Evaluation:  25%|##5       | 2/8 [00:18<00:47,  7.84s/it, \u2713=0, \u2716=0, error=2]
Evaluation:  25%|##5       | 2/8 [00:36<00:47,  7.84s/it, \u2713=0, \u2716=0, error=3]
Evaluation:  38%|###7      | 3/8 [00:36<01:01, 12.37s/it, \u2713=0, \u2716=0, error=3]
Evaluation:  38%|###7      | 3/8 [00:36<01:01, 12.37s/it, \u2713=0, \u2716=0, error=4]
Evaluation:  50%|#####     | 4/8 [00:36<00:30,  7.71s/it, \u2713=0, \u2716=0, error=4]
Evaluation:  50%|#####     | 4/8 [00:54<00:30,  7.71s/it, \u2713=0, \u2716=0, error=5]
Evaluation:  62%|######2   | 5/8 [00:54<00:33, 11.26s/it, \u2713=0, \u2716=0, error=5]
Evaluation:  62%|######2   | 5/8 [00:55<00:33, 11.26s/it, \u2713=0, \u2716=0, error=6]
Evaluation:  75%|#######5  | 6/8 [00:55<00:15,  7.64s/it, \u2713=0, \u2716=0, error=6]
Evaluation:  75%|#######5  | 6/8 [01:12<00:15,  7.64s/it, \u2713=0, \u2716=0, error=7]
Evaluation:  88%|########7 | 7/8 [01:12<00:10, 10.93s/it, \u2713=0, \u2716=0, error=7]
Evaluation:  88%|########7 | 7/8 [01:13<00:10, 10.93s/it, \u2713=0, \u2716=0, error=8]
Evaluation: 100%|##########| 8/8 [01:13<00:00,  7.57s/it, \u2713=0, \u2716=0, error=8]
Evaluation: 100%|##########| 8/8 [01:13<00:00,  9.15s/it, \u2713=0, \u2716=0, error=8]
django__django-15315: >>>>> Patch Apply Failed:
patching file django/db/models/fields/__init__.py
Hunk #1 FAILED at 1234.
1 out of 1 hunk FAILED -- saving rejects to file django/db/models/fields/__init__.py.rej

Check (logs\run_evaluation\vi_b_lf_rescore_cr_guided\commscm-vi-b-cr_guided\django__django-15315\run_instance.log) for more information.
django__django-13794: >>>>> Patch Apply Failed:
patch: **** malformed patch at line 9:  

patching file django/template/defaulttags.py

Check (logs\run_evaluation\vi_b_lf_rescore_cr_guided\commscm-vi-b-cr_guided\django__django-13794\run_instance.log) for more information.
django__django-15987: >>>>> Patch Apply Failed:
patching file django/core/management/commands/loaddata.py
Hunk #1 FAILED at 123.
1 out of 1 hunk FAILED -- saving rejects to file django/core/management/commands/loaddata.py.rej

Check (logs\run_evaluation\vi_b_lf_rescore_cr_guided\commscm-vi-b-cr_guided\django__django-15987\run_instance.log) for more information.
psf__requests-1766: >>>>> Patch Apply Failed:
can't find file to patch at input line 3
Perhaps you used the wrong -p or --strip option?
The text leading up to this was:
--------------------------
|--- a/fix.py
|+++ b/fix.py
--------------------------
No file to patch.  Skipping patch.
1 out of 1 hunk ignored

Check (logs\run_evaluation\vi_b_lf_rescore_cr_guided\commscm-vi-b-cr_guided\psf__requests-1766\run_instance.log) for more information.
pytest-dev__pytest-5631: >>>>> Patch Apply Failed:
can't find file to patch at input line 3
Perhaps you used the wrong -p or --strip option?
The text leading up to this was:
--------------------------
|--- a/fix.py
|+++ b/fix.py
--------------------------
No file to patch.  Skipping patch.
1 out of 1 hunk ignored

Check (logs\run_evaluation\vi_b_lf_rescore_cr_guided\commscm-vi-b-cr_guided\pytest-dev__pytest-5631\run_instance.log) for more information.
pytest-dev__pytest-7205: >>>>> Patch Apply Failed:
can't find file to patch at input line 3
Perhaps you used the wrong -p or --strip option?
The text leading up to this was:
--------------------------
|--- a/fix.py
|+++ b/fix.py
--------------------------
No file to patch.  Skipping patch.
1 out of 1 hunk ignored

Check (logs\run_evaluation\vi_b_lf_rescore_cr_guided\commscm-vi-b-cr_guided\pytest-dev__pytest-7205\run_instance.log) for more information.
sphinx-doc__sphinx-8593: >>>>> Patch Apply Failed:
can't find file to patch at input line 3
Perhaps you used the wrong -p or --strip option?
The text leading up to this was:
--------------------------
|--- a/sphinx/ext/autodoc.py
|+++ b/sphinx/ext/autodoc.py
--------------------------
No file to patch.  Skipping patch.
1 out of 1 hunk ignored

Check (logs\run_evaluation\vi_b_lf_rescore_cr_guided\commscm-vi-b-cr_guided\sphinx-doc__sphinx-8593\run_instance.log) for more information.
sphinx-doc__sphinx-8595: >>>>> Patch Apply Failed:
can't find file to patch at input line 3
Perhaps you used the wrong -p or --strip option?
The text leading up to this was:
--------------------------
|--- a/sphinx/ext/autodoc.py
|+++ b/sphinx/ext/autodoc.py
--------------------------
No file to patch.  Skipping patch.
1 out of 1 hunk ignored

Check (logs\run_evaluation\vi_b_lf_rescore_cr_guided\commscm-vi-b-cr_guided\sphinx-doc__sphinx-8595\run_instance.log) for more information.
All instances run.
Cleaning cached images...
Removed 0 images.
Total instances: 8
Instances submitted: 8
Instances completed: 0
Instances incomplete: 0
Instances resolved: 0
Instances unresolved: 0
Instances with empty patches: 0
Instances with errors: 8
Unstopped containers: 0
Unremoved images: 8
Report written to commscm-vi-b-cr_guided.vi_b_lf_rescore_cr_guided.json
  [cr_guided] harness rc=0 free_gb=38.7
  [reward_only] evaluating 8/8 (free_gb=38.7)
C:\Users\BEST BUY COMPUTERS\AppData\Local\Programs\Python\Python314\Lib\site-packages\langchain_core\_api\deprecation.py:25: UserWarning: Core Pydantic V1 functionality isn't compatible with Python 3.14 or greater.
  from pydantic.v1.fields import FieldInfo as FieldInfoV1
C:\Users\BEST BUY COMPUTERS\AppData\Local\Programs\Python\Python314\Lib\site-packages\requests\__init__.py:113: RequestsDependencyWarning: urllib3 (2.6.2) or chardet (7.4.3)/charset_normalizer (3.4.4) doesn't match a supported version!
  warnings.warn(
C:\Users\BEST BUY COMPUTERS\AppData\Local\Programs\Python\Python314\Lib\site-packages\modal\_utils\async_utils.py:42: DeprecationWarning: 'asyncio.WindowsSelectorEventLoopPolicy' is deprecated and slated for removal in Python 3.16
  asyncio.set_event_loop_policy(asyncio.WindowsSelectorEventLoopPolicy())
C:\Users\BEST BUY COMPUTERS\AppData\Local\Programs\Python\Python314\Lib\site-packages\modal\_utils\async_utils.py:42: DeprecationWarning: 'asyncio.set_event_loop_policy' is deprecated and slated for removal in Python 3.16
  asyncio.set_event_loop_policy(asyncio.WindowsSelectorEventLoopPolicy())
<frozen runpy>:128: RuntimeWarning: 'swebench.harness.run_evaluation' found in sys.modules after import of package 'swebench.harness', but prior to execution of 'swebench.harness.run_evaluation'; this may result in unpredictable behaviour
2026-08-05 19:38:05,574 - httpx - INFO - HTTP Request: HEAD https://huggingface.co/datasets/princeton-nlp/SWE-bench_Verified/resolve/main/README.md "HTTP/1.1 307 Temporary Redirect"
2026-08-05 19:38:05,620 - httpx - INFO - HTTP Request: HEAD https://huggingface.co/api/resolve-cache/datasets/princeton-nlp/SWE-bench_Verified/c104f840cc67f8b6eec6f759ebc8b2693d585d4a/README.md "HTTP/1.1 200 OK"
2026-08-05 19:38:05,894 - httpx - INFO - HTTP Request: HEAD https://huggingface.co/datasets/princeton-nlp/SWE-bench_Verified/resolve/c104f840cc67f8b6eec6f759ebc8b2693d585d4a/SWE-bench_Verified.py "HTTP/1.1 404 Not Found"
2026-08-05 19:38:06,651 - httpx - INFO - HTTP Request: HEAD https://s3.amazonaws.com/datasets.huggingface.co/datasets/datasets/princeton-nlp/SWE-bench_Verified/princeton-nlp/SWE-bench_Verified.py "HTTP/1.1 404 Not Found"
2026-08-05 19:38:06,966 - httpx - INFO - HTTP Request: GET https://huggingface.co/api/datasets/princeton-nlp/SWE-bench_Verified/revision/c104f840cc67f8b6eec6f759ebc8b2693d585d4a "HTTP/1.1 200 OK"
2026-08-05 19:38:07,248 - httpx - INFO - HTTP Request: HEAD https://huggingface.co/datasets/princeton-nlp/SWE-bench_Verified/resolve/c104f840cc67f8b6eec6f759ebc8b2693d585d4a/.huggingface.yaml "HTTP/1.1 404 Not Found"
2026-08-05 19:38:08,138 - httpx - INFO - HTTP Request: GET https://datasets-server.huggingface.co/info?dataset=princeton-nlp/SWE-bench_Verified "HTTP/1.1 200 OK"
2026-08-05 19:38:08,542 - httpx - INFO - HTTP Request: GET https://huggingface.co/api/datasets/princeton-nlp/SWE-bench_Verified/tree/c104f840cc67f8b6eec6f759ebc8b2693d585d4a/data?recursive=true&expand=false "HTTP/1.1 200 OK"
2026-08-05 19:38:08,855 - httpx - INFO - HTTP Request: GET https://huggingface.co/api/datasets/princeton-nlp/SWE-bench_Verified/tree/c104f840cc67f8b6eec6f759ebc8b2693d585d4a?recursive=false&expand=false "HTTP/1.1 200 OK"
2026-08-05 19:38:09,264 - httpx - INFO - HTTP Request: HEAD https://huggingface.co/datasets/princeton-nlp/SWE-bench_Verified/resolve/c104f840cc67f8b6eec6f759ebc8b2693d585d4a/dataset_infos.json "HTTP/1.1 404 Not Found"
2026-08-05 19:38:10,961 - httpx - INFO - HTTP Request: HEAD https://huggingface.co/datasets/princeton-nlp/SWE-bench_Verified/resolve/main/README.md "HTTP/1.1 307 Temporary Redirect"
2026-08-05 19:38:11,019 - httpx - INFO - HTTP Request: HEAD https://huggingface.co/api/resolve-cache/datasets/princeton-nlp/SWE-bench_Verified/c104f840cc67f8b6eec6f759ebc8b2693d585d4a/README.md "HTTP/1.1 200 OK"
2026-08-05 19:38:11,313 - httpx - INFO - HTTP Request: HEAD https://huggingface.co/datasets/princeton-nlp/SWE-bench_Verified/resolve/c104f840cc67f8b6eec6f759ebc8b2693d585d4a/SWE-bench_Verified.py "HTTP/1.1 404 Not Found"
2026-08-05 19:38:11,546 - httpx - INFO - HTTP Request: HEAD https://s3.amazonaws.com/datasets.huggingface.co/datasets/datasets/princeton-nlp/SWE-bench_Verified/princeton-nlp/SWE-bench_Verified.py "HTTP/1.1 404 Not Found"
2026-08-05 19:38:11,927 - httpx - INFO - HTTP Request: HEAD https://huggingface.co/datasets/princeton-nlp/SWE-bench_Verified/resolve/c104f840cc67f8b6eec6f759ebc8b2693d585d4a/.huggingface.yaml "HTTP/1.1 404 Not Found"
2026-08-05 19:38:12,236 - httpx - INFO - HTTP Request: GET https://datasets-server.huggingface.co/info?dataset=princeton-nlp/SWE-bench_Verified "HTTP/1.1 200 OK"
2026-08-05 19:38:12,541 - httpx - INFO - HTTP Request: HEAD https://huggingface.co/datasets/princeton-nlp/SWE-bench_Verified/resolve/c104f840cc67f8b6eec6f759ebc8b2693d585d4a/dataset_infos.json "HTTP/1.1 404 Not Found"
Found 8 existing instance images. Will reuse them.
Running 8 instances...

Evaluation:   0%|          | 0/8 [00:00<?, ?it/s, error=0, \u2713=0, \u2716=0]
Evaluation:   0%|          | 0/8 [00:18<?, ?it/s, \u2713=0, \u2716=0, error=1]
Evaluation:  12%|#2        | 1/8 [00:18<02:10, 18.59s/it, \u2713=0, \u2716=0, error=1]
Evaluation:  12%|#2        | 1/8 [00:18<02:10, 18.59s/it, \u2713=0, \u2716=0, error=2]
Evaluation:  25%|##5       | 2/8 [00:18<00:46,  7.73s/it, \u2713=0, \u2716=0, error=2]
Evaluation:  25%|##5       | 2/8 [00:37<00:46,  7.73s/it, \u2713=0, \u2716=0, error=3]
Evaluation:  38%|###7      | 3/8 [00:37<01:03, 12.71s/it, \u2713=0, \u2716=0, error=3]
Evaluation:  38%|###7      | 3/8 [00:37<01:03, 12.71s/it, \u2713=0, \u2716=0, error=4]
Evaluation:  50%|#####     | 4/8 [00:37<00:30,  7.74s/it, \u2713=0, \u2716=0, error=4]
Evaluation:  50%|#####     | 4/8 [00:55<00:30,  7.74s/it, \u2713=0, \u2716=0, error=5]
Evaluation:  62%|######2   | 5/8 [00:55<00:34, 11.51s/it, \u2713=0, \u2716=0, error=5]
Evaluation:  62%|######2   | 5/8 [01:13<00:34, 11.51s/it, \u2713=0, \u2716=0, error=6]
Evaluation:  75%|#######5  | 6/8 [01:13<00:27, 13.75s/it, \u2713=0, \u2716=0, error=6]
Evaluation:  75%|#######5  | 6/8 [01:28<00:27, 13.75s/it, \u2713=0, \u2716=0, error=7]
Evaluation:  88%|########7 | 7/8 [01:28<00:13, 13.92s/it, \u2713=0, \u2716=0, error=7]
Evaluation:  88%|########7 | 7/8 [01:32<00:13, 13.92s/it, \u2713=0, \u2716=0, error=8]
Evaluation: 100%|##########| 8/8 [01:32<00:00, 10.84s/it, \u2713=0, \u2716=0, error=8]
Evaluation: 100%|##########| 8/8 [01:32<00:00, 11.54s/it, \u2713=0, \u2716=0, error=8]
django__django-13794: >>>>> Patch Apply Failed:
patching file django/template/defaulttags.py
Hunk #1 FAILED at 123.
1 out of 1 hunk FAILED -- saving rejects to file django/template/defaulttags.py.rej

Check (logs\run_evaluation\vi_b_lf_rescore_reward_only\commscm-vi-b-reward_only\django__django-13794\run_instance.log) for more information.
django__django-15315: >>>>> Patch Apply Failed:
patching file django/db/models/fields/__init__.py
Hunk #1 FAILED at 1234.
1 out of 1 hunk FAILED -- saving rejects to file django/db/models/fields/__init__.py.rej

Check (logs\run_evaluation\vi_b_lf_rescore_reward_only\commscm-vi-b-reward_only\django__django-15315\run_instance.log) for more information.
django__django-15987: >>>>> Patch Apply Failed:
patching file django/core/management/commands/loaddata.py
Hunk #1 FAILED at 123.
1 out of 1 hunk FAILED -- saving rejects to file django/core/management/commands/loaddata.py.rej

Check (logs\run_evaluation\vi_b_lf_rescore_reward_only\commscm-vi-b-reward_only\django__django-15987\run_instance.log) for more information.
psf__requests-1766: >>>>> Patch Apply Failed:
patching file requests/auth.py
Hunk #1 FAILED at 123.
1 out of 1 hunk FAILED -- saving rejects to file requests/auth.py.rej

Check (logs\run_evaluation\vi_b_lf_rescore_reward_only\commscm-vi-b-reward_only\psf__requests-1766\run_instance.log) for more information.
pytest-dev__pytest-5631: >>>>> Patch Apply Failed:
can't find file to patch at input line 3
Perhaps you used the wrong -p or --strip option?
The text leading up to this was:
--------------------------
|--- a/_pytest/compat.py
|+++ b/_pytest/compat.py
--------------------------
No file to patch.  Skipping patch.
patch: **** malformed patch at line 14: @@@ SYNTAX_ERROR: def solve(  # missing closing paren and body


Check (logs\run_evaluation\vi_b_lf_rescore_reward_only\commscm-vi-b-reward_only\pytest-dev__pytest-5631\run_instance.log) for more information.
sphinx-doc__sphinx-8593: >>>>> Patch Apply Failed:
can't find file to patch at input line 3
Perhaps you used the wrong -p or --strip option?
The text leading up to this was:
--------------------------
|--- a/sphinx/ext/autodoc.py
|+++ b/sphinx/ext/autodoc.py
--------------------------
No file to patch.  Skipping patch.
1 out of 1 hunk ignored

Check (logs\run_evaluation\vi_b_lf_rescore_reward_only\commscm-vi-b-reward_only\sphinx-doc__sphinx-8593\run_instance.log) for more information.
sphinx-doc__sphinx-8595: >>>>> Patch Apply Failed:
can't find file to patch at input line 3
Perhaps you used the wrong -p or --strip option?
The text leading up to this was:
--------------------------
|--- a/sphinx/ext/autodoc.py
|+++ b/sphinx/ext/autodoc.py
--------------------------
No file to patch.  Skipping patch.
1 out of 1 hunk ignored

Check (logs\run_evaluation\vi_b_lf_rescore_reward_only\commscm-vi-b-reward_only\sphinx-doc__sphinx-8595\run_instance.log) for more information.
All instances run.
Cleaning cached images...
Removed 0 images.
Total instances: 8
Instances submitted: 8
Instances completed: 0
Instances incomplete: 0
Instances resolved: 0
Instances unresolved: 0
Instances with empty patches: 0
Instances with errors: 8
Unstopped containers: 0
Unremoved images: 8
Report written to commscm-vi-b-reward_only.vi_b_lf_rescore_reward_only.json
  [reward_only] harness rc=0 free_gb=38.7
  [random] evaluating 8/8 (free_gb=38.7)
C:\Users\BEST BUY COMPUTERS\AppData\Local\Programs\Python\Python314\Lib\site-packages\langchain_core\_api\deprecation.py:25: UserWarning: Core Pydantic V1 functionality isn't compatible with Python 3.14 or greater.
  from pydantic.v1.fields import FieldInfo as FieldInfoV1
C:\Users\BEST BUY COMPUTERS\AppData\Local\Programs\Python\Python314\Lib\site-packages\requests\__init__.py:113: RequestsDependencyWarning: urllib3 (2.6.2) or chardet (7.4.3)/charset_normalizer (3.4.4) doesn't match a supported version!
  warnings.warn(
C:\Users\BEST BUY COMPUTERS\AppData\Local\Programs\Python\Python314\Lib\site-packages\modal\_utils\async_utils.py:42: DeprecationWarning: 'asyncio.WindowsSelectorEventLoopPolicy' is deprecated and slated for removal in Python 3.16
  asyncio.set_event_loop_policy(asyncio.WindowsSelectorEventLoopPolicy())
C:\Users\BEST BUY COMPUTERS\AppData\Local\Programs\Python\Python314\Lib\site-packages\modal\_utils\async_utils.py:42: DeprecationWarning: 'asyncio.set_event_loop_policy' is deprecated and slated for removal in Python 3.16
  asyncio.set_event_loop_policy(asyncio.WindowsSelectorEventLoopPolicy())
<frozen runpy>:128: RuntimeWarning: 'swebench.harness.run_evaluation' found in sys.modules after import of package 'swebench.harness', but prior to execution of 'swebench.harness.run_evaluation'; this may result in unpredictable behaviour
2026-08-05 20:19:59,167 - httpx - INFO - HTTP Request: HEAD https://huggingface.co/datasets/princeton-nlp/SWE-bench_Verified/resolve/main/README.md "HTTP/1.1 307 Temporary Redirect"
2026-08-05 20:19:59,234 - httpx - INFO - HTTP Request: HEAD https://huggingface.co/api/resolve-cache/datasets/princeton-nlp/SWE-bench_Verified/c104f840cc67f8b6eec6f759ebc8b2693d585d4a/README.md "HTTP/1.1 200 OK"
2026-08-05 20:19:59,527 - httpx - INFO - HTTP Request: HEAD https://huggingface.co/datasets/princeton-nlp/SWE-bench_Verified/resolve/c104f840cc67f8b6eec6f759ebc8b2693d585d4a/SWE-bench_Verified.py "HTTP/1.1 404 Not Found"
2026-08-05 20:20:00,467 - httpx - INFO - HTTP Request: HEAD https://s3.amazonaws.com/datasets.huggingface.co/datasets/datasets/princeton-nlp/SWE-bench_Verified/princeton-nlp/SWE-bench_Verified.py "HTTP/1.1 404 Not Found"
2026-08-05 20:20:00,799 - httpx - INFO - HTTP Request: GET https://huggingface.co/api/datasets/princeton-nlp/SWE-bench_Verified/revision/c104f840cc67f8b6eec6f759ebc8b2693d585d4a "HTTP/1.1 200 OK"
2026-08-05 20:20:01,096 - httpx - INFO - HTTP Request: HEAD https://huggingface.co/datasets/princeton-nlp/SWE-bench_Verified/resolve/c104f840cc67f8b6eec6f759ebc8b2693d585d4a/.huggingface.yaml "HTTP/1.1 404 Not Found"
2026-08-05 20:20:01,671 - httpx - INFO - HTTP Request: GET https://datasets-server.huggingface.co/info?dataset=princeton-nlp/SWE-bench_Verified "HTTP/1.1 200 OK"
2026-08-05 20:20:02,100 - httpx - INFO - HTTP Request: GET https://huggingface.co/api/datasets/princeton-nlp/SWE-bench_Verified/tree/c104f840cc67f8b6eec6f759ebc8b2693d585d4a/data?recursive=true&expand=false "HTTP/1.1 200 OK"
2026-08-05 20:20:02,396 - httpx - INFO - HTTP Request: GET https://huggingface.co/api/datasets/princeton-nlp/SWE-bench_Verified/tree/c104f840cc67f8b6eec6f759ebc8b2693d585d4a?recursive=false&expand=false "HTTP/1.1 200 OK"
2026-08-05 20:20:02,772 - httpx - INFO - HTTP Request: HEAD https://huggingface.co/datasets/princeton-nlp/SWE-bench_Verified/resolve/c104f840cc67f8b6eec6f759ebc8b2693d585d4a/dataset_infos.json "HTTP/1.1 404 Not Found"
2026-08-05 20:20:04,968 - httpx - INFO - HTTP Request: HEAD https://huggingface.co/datasets/princeton-nlp/SWE-bench_Verified/resolve/main/README.md "HTTP/1.1 307 Temporary Redirect"
2026-08-05 20:20:05,042 - httpx - INFO - HTTP Request: HEAD https://huggingface.co/api/resolve-cache/datasets/princeton-nlp/SWE-bench_Verified/c104f840cc67f8b6eec6f759ebc8b2693d585d4a/README.md "HTTP/1.1 200 OK"
2026-08-05 20:20:05,402 - httpx - INFO - HTTP Request: HEAD https://huggingface.co/datasets/princeton-nlp/SWE-bench_Verified/resolve/c104f840cc67f8b6eec6f759ebc8b2693d585d4a/SWE-bench_Verified.py "HTTP/1.1 404 Not Found"
2026-08-05 20:20:05,660 - httpx - INFO - HTTP Request: HEAD https://s3.amazonaws.com/datasets.huggingface.co/datasets/datasets/princeton-nlp/SWE-bench_Verified/princeton-nlp/SWE-bench_Verified.py "HTTP/1.1 404 Not Found"
2026-08-05 20:20:05,989 - httpx - INFO - HTTP Request: HEAD https://huggingface.co/datasets/princeton-nlp/SWE-bench_Verified/resolve/c104f840cc67f8b6eec6f759ebc8b2693d585d4a/.huggingface.yaml "HTTP/1.1 404 Not Found"
2026-08-05 20:20:06,306 - httpx - INFO - HTTP Request: GET https://datasets-server.huggingface.co/info?dataset=princeton-nlp/SWE-bench_Verified "HTTP/1.1 200 OK"
2026-08-05 20:20:06,646 - httpx - INFO - HTTP Request: HEAD https://huggingface.co/datasets/princeton-nlp/SWE-bench_Verified/resolve/c104f840cc67f8b6eec6f759ebc8b2693d585d4a/dataset_infos.json "HTTP/1.1 404 Not Found"
Found 8 existing instance images. Will reuse them.
Running 8 instances...

Evaluation:   0%|          | 0/8 [00:00<?, ?it/s, error=0, \u2713=0, \u2716=0]
Evaluation:   0%|          | 0/8 [00:19<?, ?it/s, \u2713=0, \u2716=0, error=1]
Evaluation:  12%|#2        | 1/8 [00:19<02:18, 19.75s/it, \u2713=0, \u2716=0, error=1]
Evaluation:  12%|#2        | 1/8 [00:20<02:18, 19.75s/it, \u2713=0, \u2716=0, error=2]
Evaluation:  25%|##5       | 2/8 [00:20<00:49,  8.33s/it, \u2713=0, \u2716=0, error=2]
Evaluation:  25%|##5       | 2/8 [00:38<00:49,  8.33s/it, \u2713=0, \u2716=0, error=3]
Evaluation:  38%|###7      | 3/8 [00:38<01:05, 13.05s/it, \u2713=0, \u2716=0, error=3]
Evaluation:  38%|###7      | 3/8 [00:39<01:05, 13.05s/it, \u2713=0, \u2716=0, error=4]
Evaluation:  50%|#####     | 4/8 [00:39<00:32,  8.09s/it, \u2713=0, \u2716=0, error=4]
Evaluation:  50%|#####     | 4/8 [00:57<00:32,  8.09s/it, \u2713=0, \u2716=0, error=5]
Evaluation:  62%|######2   | 5/8 [00:57<00:35, 11.72s/it, \u2713=0, \u2716=0, error=5]
Evaluation:  62%|######2   | 5/8 [01:15<00:35, 11.72s/it, \u2713=0, \u2716=0, error=6]
Evaluation:  75%|#######5  | 6/8 [01:15<00:27, 13.94s/it, \u2713=0, \u2716=0, error=6]
Evaluation:  75%|#######5  | 6/8 [01:29<00:27, 13.94s/it, \u2713=0, \u2716=1, error=6]
Evaluation:  88%|########7 | 7/8 [01:29<00:14, 14.08s/it, \u2713=0, \u2716=1, error=6]
Evaluation:  88%|########7 | 7/8 [01:33<00:14, 14.08s/it, \u2713=0, \u2716=1, error=7]
Evaluation: 100%|##########| 8/8 [01:33<00:00, 10.86s/it, \u2713=0, \u2716=1, error=7]
Evaluation: 100%|##########| 8/8 [01:33<00:00, 11.75s/it, \u2713=0, \u2716=1, error=7]
django__django-13794: >>>>> Patch Apply Failed:
patching file django/template/defaulttags.py
patch: **** malformed patch at line 15:          return ''


Check (logs\run_evaluation\vi_b_lf_rescore_random\commscm-vi-b-random\django__django-13794\run_instance.log) for more information.
django__django-15315: >>>>> Patch Apply Failed:
patching file django/db/models/fields/__init__.py
Hunk #1 FAILED at 1234.
1 out of 1 hunk FAILED -- saving rejects to file django/db/models/fields/__init__.py.rej

Check (logs\run_evaluation\vi_b_lf_rescore_random\commscm-vi-b-random\django__django-15315\run_instance.log) for more information.
django__django-15987: >>>>> Patch Apply Failed:
patch: **** Only garbage was found in the patch input.

Check (logs\run_evaluation\vi_b_lf_rescore_random\commscm-vi-b-random\django__django-15987\run_instance.log) for more information.
psf__requests-1766: >>>>> Patch Apply Failed:
patching file requests/auth.py
Hunk #1 FAILED at 123.
1 out of 1 hunk FAILED -- saving rejects to file requests/auth.py.rej

Check (logs\run_evaluation\vi_b_lf_rescore_random\commscm-vi-b-random\psf__requests-1766\run_instance.log) for more information.
pytest-dev__pytest-5631: >>>>> Patch Apply Failed:
can't find file to patch at input line 3
Perhaps you used the wrong -p or --strip option?
The text leading up to this was:
--------------------------
|--- a/compat.py
|+++ b/compat.py
--------------------------
No file to patch.  Skipping patch.
patch: **** malformed patch at line 7: @@@ SYNTAX_ERROR: def solve(  # missing closing paren and body


Check (logs\run_evaluation\vi_b_lf_rescore_random\commscm-vi-b-random\pytest-dev__pytest-5631\run_instance.log) for more information.
sphinx-doc__sphinx-8593: >>>>> Patch Apply Failed:
can't find file to patch at input line 3
Perhaps you used the wrong -p or --strip option?
The text leading up to this was:
--------------------------
|--- a/sphinx/ext/autodoc.py
|+++ b/sphinx/ext/autodoc.py
--------------------------
No file to patch.  Skipping patch.
1 out of 1 hunk ignored

Check (logs\run_evaluation\vi_b_lf_rescore_random\commscm-vi-b-random\sphinx-doc__sphinx-8593\run_instance.log) for more information.
sphinx-doc__sphinx-8595: >>>>> Patch Apply Failed:
patch: **** Only garbage was found in the patch input.

Check (logs\run_evaluation\vi_b_lf_rescore_random\commscm-vi-b-random\sphinx-doc__sphinx-8595\run_instance.log) for more information.
All instances run.
Cleaning cached images...
Removed 0 images.
Total instances: 8
Instances submitted: 8
Instances completed: 1
Instances incomplete: 0
Instances resolved: 0
Instances unresolved: 1
Instances with empty patches: 0
Instances with errors: 7
Unstopped containers: 0
Unremoved images: 8
Report written to commscm-vi-b-random.vi_b_lf_rescore_random.json
  [random] harness rc=0 free_gb=38.8
  [static_heuristic] evaluating 8/8 (free_gb=38.8)
C:\Users\BEST BUY COMPUTERS\AppData\Local\Programs\Python\Python314\Lib\site-packages\langchain_core\_api\deprecation.py:25: UserWarning: Core Pydantic V1 functionality isn't compatible with Python 3.14 or greater.
  from pydantic.v1.fields import FieldInfo as FieldInfoV1
C:\Users\BEST BUY COMPUTERS\AppData\Local\Programs\Python\Python314\Lib\site-packages\requests\__init__.py:113: RequestsDependencyWarning: urllib3 (2.6.2) or chardet (7.4.3)/charset_normalizer (3.4.4) doesn't match a supported version!
  warnings.warn(
C:\Users\BEST BUY COMPUTERS\AppData\Local\Programs\Python\Python314\Lib\site-packages\modal\_utils\async_utils.py:42: DeprecationWarning: 'asyncio.WindowsSelectorEventLoopPolicy' is deprecated and slated for removal in Python 3.16
  asyncio.set_event_loop_policy(asyncio.WindowsSelectorEventLoopPolicy())
C:\Users\BEST BUY COMPUTERS\AppData\Local\Programs\Python\Python314\Lib\site-packages\modal\_utils\async_utils.py:42: DeprecationWarning: 'asyncio.set_event_loop_policy' is deprecated and slated for removal in Python 3.16
  asyncio.set_event_loop_policy(asyncio.WindowsSelectorEventLoopPolicy())
<frozen runpy>:128: RuntimeWarning: 'swebench.harness.run_evaluation' found in sys.modules after import of package 'swebench.harness', but prior to execution of 'swebench.harness.run_evaluation'; this may result in unpredictable behaviour
2026-08-05 20:22:12,057 - httpx - INFO - HTTP Request: HEAD https://huggingface.co/datasets/princeton-nlp/SWE-bench_Verified/resolve/main/README.md "HTTP/1.1 307 Temporary Redirect"
2026-08-05 20:22:12,150 - httpx - INFO - HTTP Request: HEAD https://huggingface.co/api/resolve-cache/datasets/princeton-nlp/SWE-bench_Verified/c104f840cc67f8b6eec6f759ebc8b2693d585d4a/README.md "HTTP/1.1 200 OK"
2026-08-05 20:22:12,483 - httpx - INFO - HTTP Request: HEAD https://huggingface.co/datasets/princeton-nlp/SWE-bench_Verified/resolve/c104f840cc67f8b6eec6f759ebc8b2693d585d4a/SWE-bench_Verified.py "HTTP/1.1 404 Not Found"
2026-08-05 20:22:13,279 - httpx - INFO - HTTP Request: HEAD https://s3.amazonaws.com/datasets.huggingface.co/datasets/datasets/princeton-nlp/SWE-bench_Verified/princeton-nlp/SWE-bench_Verified.py "HTTP/1.1 404 Not Found"
2026-08-05 20:22:13,586 - httpx - INFO - HTTP Request: GET https://huggingface.co/api/datasets/princeton-nlp/SWE-bench_Verified/revision/c104f840cc67f8b6eec6f759ebc8b2693d585d4a "HTTP/1.1 200 OK"
2026-08-05 20:22:13,879 - httpx - INFO - HTTP Request: HEAD https://huggingface.co/datasets/princeton-nlp/SWE-bench_Verified/resolve/c104f840cc67f8b6eec6f759ebc8b2693d585d4a/.huggingface.yaml "HTTP/1.1 404 Not Found"
2026-08-05 20:22:14,817 - httpx - INFO - HTTP Request: GET https://datasets-server.huggingface.co/info?dataset=princeton-nlp/SWE-bench_Verified "HTTP/1.1 200 OK"
2026-08-05 20:22:15,226 - httpx - INFO - HTTP Request: GET https://huggingface.co/api/datasets/princeton-nlp/SWE-bench_Verified/tree/c104f840cc67f8b6eec6f759ebc8b2693d585d4a/data?recursive=true&expand=false "HTTP/1.1 200 OK"
2026-08-05 20:22:15,634 - httpx - INFO - HTTP Request: GET https://huggingface.co/api/datasets/princeton-nlp/SWE-bench_Verified/tree/c104f840cc67f8b6eec6f759ebc8b2693d585d4a?recursive=false&expand=false "HTTP/1.1 200 OK"
2026-08-05 20:22:16,149 - httpx - INFO - HTTP Request: HEAD https://huggingface.co/datasets/princeton-nlp/SWE-bench_Verified/resolve/c104f840cc67f8b6eec6f759ebc8b2693d585d4a/dataset_infos.json "HTTP/1.1 404 Not Found"
2026-08-05 20:22:17,991 - httpx - INFO - HTTP Request: HEAD https://huggingface.co/datasets/princeton-nlp/SWE-bench_Verified/resolve/main/README.md "HTTP/1.1 307 Temporary Redirect"
2026-08-05 20:22:18,062 - httpx - INFO - HTTP Request: HEAD https://huggingface.co/api/resolve-cache/datasets/princeton-nlp/SWE-bench_Verified/c104f840cc67f8b6eec6f759ebc8b2693d585d4a/README.md "HTTP/1.1 200 OK"
2026-08-05 20:22:18,405 - httpx - INFO - HTTP Request: HEAD https://huggingface.co/datasets/princeton-nlp/SWE-bench_Verified/resolve/c104f840cc67f8b6eec6f759ebc8b2693d585d4a/SWE-bench_Verified.py "HTTP/1.1 404 Not Found"
2026-08-05 20:22:19,220 - httpx - INFO - HTTP Request: HEAD https://s3.amazonaws.com/datasets.huggingface.co/datasets/datasets/princeton-nlp/SWE-bench_Verified/princeton-nlp/SWE-bench_Verified.py "HTTP/1.1 404 Not Found"
2026-08-05 20:22:19,549 - httpx - INFO - HTTP Request: HEAD https://huggingface.co/datasets/princeton-nlp/SWE-bench_Verified/resolve/c104f840cc67f8b6eec6f759ebc8b2693d585d4a/.huggingface.yaml "HTTP/1.1 404 Not Found"
2026-08-05 20:22:20,345 - httpx - INFO - HTTP Request: GET https://datasets-server.huggingface.co/info?dataset=princeton-nlp/SWE-bench_Verified "HTTP/1.1 200 OK"
2026-08-05 20:22:20,760 - httpx - INFO - HTTP Request: HEAD https://huggingface.co/datasets/princeton-nlp/SWE-bench_Verified/resolve/c104f840cc67f8b6eec6f759ebc8b2693d585d4a/dataset_infos.json "HTTP/1.1 404 Not Found"
Found 8 existing instance images. Will reuse them.
Running 8 instances...

Evaluation:   0%|          | 0/8 [00:00<?, ?it/s, error=0, \u2713=0, \u2716=0]
Evaluation:   0%|          | 0/8 [00:18<?, ?it/s, \u2713=0, \u2716=0, error=1]
Evaluation:  12%|#2        | 1/8 [00:18<02:11, 18.75s/it, \u2713=0, \u2716=0, error=1]
Evaluation:  12%|#2        | 1/8 [00:18<02:11, 18.75s/it, \u2713=0, \u2716=0, error=2]
Evaluation:  25%|##5       | 2/8 [00:18<00:47,  7.87s/it, \u2713=0, \u2716=0, error=2]
Evaluation:  25%|##5       | 2/8 [00:37<00:47,  7.87s/it, \u2713=0, \u2716=0, error=3]
Evaluation:  38%|###7      | 3/8 [00:37<01:03, 12.80s/it, \u2713=0, \u2716=0, error=3]
Evaluation:  38%|###7      | 3/8 [00:37<01:03, 12.80s/it, \u2713=0, \u2716=0, error=4]
Evaluation:  50%|#####     | 4/8 [00:37<00:31,  7.85s/it, \u2713=0, \u2716=0, error=4]
Evaluation:  50%|#####     | 4/8 [00:56<00:31,  7.85s/it, \u2713=0, \u2716=0, error=5]
Evaluation:  62%|######2   | 5/8 [00:56<00:34, 11.62s/it, \u2713=0, \u2716=0, error=5]
Evaluation:  62%|######2   | 5/8 [00:57<00:34, 11.62s/it, \u2713=0, \u2716=0, error=6]
Evaluation:  75%|#######5  | 6/8 [00:57<00:15,  7.96s/it, \u2713=0, \u2716=0, error=6]
Evaluation:  75%|#######5  | 6/8 [01:15<00:15,  7.96s/it, \u2713=0, \u2716=0, error=7]
Evaluation:  88%|########7 | 7/8 [01:15<00:11, 11.31s/it, \u2713=0, \u2716=0, error=7]
Evaluation:  88%|########7 | 7/8 [01:15<00:11, 11.31s/it, \u2713=0, \u2716=0, error=8]
Evaluation: 100%|##########| 8/8 [01:15<00:00,  7.83s/it, \u2713=0, \u2716=0, error=8]
Evaluation: 100%|##########| 8/8 [01:15<00:00,  9.46s/it, \u2713=0, \u2716=0, error=8]
django__django-13794: >>>>> Patch Apply Failed:
patching file django/template/defaulttags.py
Hunk #1 FAILED at 123.
1 out of 1 hunk FAILED -- saving rejects to file django/template/defaulttags.py.rej

Check (logs\run_evaluation\vi_b_lf_rescore_static_heuristic\commscm-vi-b-static_heuristic\django__django-13794\run_instance.log) for more information.
django__django-15315: >>>>> Patch Apply Failed:
patching file django/db/models/fields/__init__.py
Hunk #1 FAILED at 1234.
1 out of 1 hunk FAILED -- saving rejects to file django/db/models/fields/__init__.py.rej

Check (logs\run_evaluation\vi_b_lf_rescore_static_heuristic\commscm-vi-b-static_heuristic\django__django-15315\run_instance.log) for more information.
django__django-15987: >>>>> Patch Apply Failed:
patching file django/core/management/commands/loaddata.py
Hunk #1 FAILED at 123.
1 out of 1 hunk FAILED -- saving rejects to file django/core/management/commands/loaddata.py.rej

Check (logs\run_evaluation\vi_b_lf_rescore_static_heuristic\commscm-vi-b-static_heuristic\django__django-15987\run_instance.log) for more information.
psf__requests-1766: >>>>> Patch Apply Failed:
patch: **** malformed patch at line 11: @@@ SYNTAX_ERROR: def solve(  # missing closing paren and body

patching file requests/auth.py

Check (logs\run_evaluation\vi_b_lf_rescore_static_heuristic\commscm-vi-b-static_heuristic\psf__requests-1766\run_instance.log) for more information.
pytest-dev__pytest-5631: >>>>> Patch Apply Failed:
can't find file to patch at input line 3
Perhaps you used the wrong -p or --strip option?
The text leading up to this was:
--------------------------
|--- a/compat.py
|+++ b/compat.py
--------------------------
No file to patch.  Skipping patch.
patch: **** malformed patch at line 7: @@@ SYNTAX_ERROR: def solve(  # missing closing paren and body


Check (logs\run_evaluation\vi_b_lf_rescore_static_heuristic\commscm-vi-b-static_heuristic\pytest-dev__pytest-5631\run_instance.log) for more information.
pytest-dev__pytest-7205: >>>>> Patch Apply Failed:
patching file src/_pytest/setuponly.py
patch: **** malformed patch at line 8: @@@ SYNTAX_ERROR: def solve(  # missing closing paren and body


Check (logs\run_evaluation\vi_b_lf_rescore_static_heuristic\commscm-vi-b-static_heuristic\pytest-dev__pytest-7205\run_instance.log) for more information.
sphinx-doc__sphinx-8593: >>>>> Patch Apply Failed:
can't find file to patch at input line 3
Perhaps you used the wrong -p or --strip option?
The text leading up to this was:
--------------------------
|--- a/sphinx/ext/autodoc.py
|+++ b/sphinx/ext/autodoc.py
--------------------------
No file to patch.  Skipping patch.
1 out of 1 hunk ignored

Check (logs\run_evaluation\vi_b_lf_rescore_static_heuristic\commscm-vi-b-static_heuristic\sphinx-doc__sphinx-8593\run_instance.log) for more information.
sphinx-doc__sphinx-8595: >>>>> Patch Apply Failed:
can't find file to patch at input line 3
Perhaps you used the wrong -p or --strip option?
The text leading up to this was:
--------------------------
|--- a/sphinx/ext/autodoc.py
|+++ b/sphinx/ext/autodoc.py
--------------------------
No file to patch.  Skipping patch.
1 out of 1 hunk ignored

Check (logs\run_evaluation\vi_b_lf_rescore_static_heuristic\commscm-vi-b-static_heuristic\sphinx-doc__sphinx-8595\run_instance.log) for more information.
All instances run.
Cleaning cached images...
Removed 0 images.
Total instances: 8
Instances submitted: 8
Instances completed: 0
Instances incomplete: 0
Instances resolved: 0
Instances unresolved: 0
Instances with empty patches: 0
Instances with errors: 8
Unstopped containers: 0
Unremoved images: 8
Report written to commscm-vi-b-static_heuristic.vi_b_lf_rescore_static_heuristic.json
  [static_heuristic] harness rc=0 free_gb=38.8
[disk] before prune free_gb=38.8
[disk] removed 8 sweb.eval images; free_gb=38.8
BATCH 10 done; gold_partial={'resolve_at_1_mean': 0.9, 'counts': {'resolved': 72, 'unresolved': 2, 'error': 6, 'missing': 20, 'scored': 80}}

=== BATCH 11/13 ids=astropy__astropy-14369..django__django-12774 (8) ===
[prepull] pulling swebench/sweb.eval.x86_64.astropy_1776_astropy-14369:latest (free_gb=38.8)...
[prepull] ok swebench/sweb.eval.x86_64.astropy_1776_astropy-14369:latest in 1607.0s
[prepull] pulling swebench/sweb.eval.x86_64.astropy_1776_astropy-13977:latest (free_gb=42.7)...
[prepull] ok swebench/sweb.eval.x86_64.astropy_1776_astropy-13977:latest in 117.6s
[prepull] pulling swebench/sweb.eval.x86_64.sympy_1776_sympy-13974:latest (free_gb=42.6)...
[prepull] ok swebench/sweb.eval.x86_64.sympy_1776_sympy-13974:latest in 573.0s
[prepull] pulling swebench/sweb.eval.x86_64.django_1776_django-16938:latest (free_gb=38.9)...
[prepull] ok swebench/sweb.eval.x86_64.django_1776_django-16938:latest in 923.1s
[prepull] pulling swebench/sweb.eval.x86_64.sphinx-doc_1776_sphinx-7910:latest (free_gb=38.8)...
[prepull] ok swebench/sweb.eval.x86_64.sphinx-doc_1776_sphinx-7910:latest in 721.1s
[prepull] pulling swebench/sweb.eval.x86_64.sympy_1776_sympy-11618:latest (free_gb=38.8)...
[prepull] ok swebench/sweb.eval.x86_64.sympy_1776_sympy-11618:latest in 556.3s
[prepull] pulling swebench/sweb.eval.x86_64.pytest-dev_1776_pytest-7521:latest (free_gb=38.8)...
[prepull] ok swebench/sweb.eval.x86_64.pytest-dev_1776_pytest-7521:latest in 501.0s
[prepull] pulling swebench/sweb.eval.x86_64.django_1776_django-12774:latest (free_gb=38.9)...
[prepull] ok swebench/sweb.eval.x86_64.django_1776_django-12774:latest in 677.1s
  [oracle_gold] evaluating 8/8 (free_gb=38.8)
C:\Users\BEST BUY COMPUTERS\AppData\Local\Programs\Python\Python314\Lib\site-packages\langchain_core\_api\deprecation.py:25: UserWarning: Core Pydantic V1 functionality isn't compatible with Python 3.14 or greater.
  from pydantic.v1.fields import FieldInfo as FieldInfoV1
C:\Users\BEST BUY COMPUTERS\AppData\Local\Programs\Python\Python314\Lib\site-packages\requests\__init__.py:113: RequestsDependencyWarning: urllib3 (2.6.2) or chardet (7.4.3)/charset_normalizer (3.4.4) doesn't match a supported version!
  warnings.warn(
C:\Users\BEST BUY COMPUTERS\AppData\Local\Programs\Python\Python314\Lib\site-packages\modal\_utils\async_utils.py:42: DeprecationWarning: 'asyncio.WindowsSelectorEventLoopPolicy' is deprecated and slated for removal in Python 3.16
  asyncio.set_event_loop_policy(asyncio.WindowsSelectorEventLoopPolicy())
C:\Users\BEST BUY COMPUTERS\AppData\Local\Programs\Python\Python314\Lib\site-packages\modal\_utils\async_utils.py:42: DeprecationWarning: 'asyncio.set_event_loop_policy' is deprecated and slated for removal in Python 3.16
  asyncio.set_event_loop_policy(asyncio.WindowsSelectorEventLoopPolicy())
<frozen runpy>:128: RuntimeWarning: 'swebench.harness.run_evaluation' found in sys.modules after import of package 'swebench.harness', but prior to execution of 'swebench.harness.run_evaluation'; this may result in unpredictable behaviour
2026-08-05 21:59:06,948 - httpx - INFO - HTTP Request: HEAD https://huggingface.co/datasets/princeton-nlp/SWE-bench_Verified/resolve/main/README.md "HTTP/1.1 307 Temporary Redirect"
2026-08-05 21:59:07,016 - httpx - INFO - HTTP Request: HEAD https://huggingface.co/api/resolve-cache/datasets/princeton-nlp/SWE-bench_Verified/c104f840cc67f8b6eec6f759ebc8b2693d585d4a/README.md "HTTP/1.1 200 OK"
2026-08-05 21:59:07,320 - httpx - INFO - HTTP Request: HEAD https://huggingface.co/datasets/princeton-nlp/SWE-bench_Verified/resolve/c104f840cc67f8b6eec6f759ebc8b2693d585d4a/SWE-bench_Verified.py "HTTP/1.1 404 Not Found"
2026-08-05 21:59:08,092 - httpx - INFO - HTTP Request: HEAD https://s3.amazonaws.com/datasets.huggingface.co/datasets/datasets/princeton-nlp/SWE-bench_Verified/princeton-nlp/SWE-bench_Verified.py "HTTP/1.1 404 Not Found"
2026-08-05 21:59:08,517 - httpx - INFO - HTTP Request: GET https://huggingface.co/api/datasets/princeton-nlp/SWE-bench_Verified/revision/c104f840cc67f8b6eec6f759ebc8b2693d585d4a "HTTP/1.1 200 OK"
2026-08-05 21:59:08,805 - httpx - INFO - HTTP Request: HEAD https://huggingface.co/datasets/princeton-nlp/SWE-bench_Verified/resolve/c104f840cc67f8b6eec6f759ebc8b2693d585d4a/.huggingface.yaml "HTTP/1.1 404 Not Found"
2026-08-05 21:59:09,289 - httpx - INFO - HTTP Request: GET https://datasets-server.huggingface.co/info?dataset=princeton-nlp/SWE-bench_Verified "HTTP/1.1 200 OK"
2026-08-05 21:59:09,592 - httpx - INFO - HTTP Request: GET https://huggingface.co/api/datasets/princeton-nlp/SWE-bench_Verified/tree/c104f840cc67f8b6eec6f759ebc8b2693d585d4a/data?recursive=true&expand=false "HTTP/1.1 200 OK"
2026-08-05 21:59:09,884 - httpx - INFO - HTTP Request: GET https://huggingface.co/api/datasets/princeton-nlp/SWE-bench_Verified/tree/c104f840cc67f8b6eec6f759ebc8b2693d585d4a?recursive=false&expand=false "HTTP/1.1 200 OK"
2026-08-05 21:59:10,190 - httpx - INFO - HTTP Request: HEAD https://huggingface.co/datasets/princeton-nlp/SWE-bench_Verified/resolve/c104f840cc67f8b6eec6f759ebc8b2693d585d4a/dataset_infos.json "HTTP/1.1 404 Not Found"
2026-08-05 21:59:11,159 - httpx - INFO - HTTP Request: HEAD https://huggingface.co/datasets/princeton-nlp/SWE-bench_Verified/resolve/main/README.md "HTTP/1.1 307 Temporary Redirect"
2026-08-05 21:59:11,224 - httpx - INFO - HTTP Request: HEAD https://huggingface.co/api/resolve-cache/datasets/princeton-nlp/SWE-bench_Verified/c104f840cc67f8b6eec6f759ebc8b2693d585d4a/README.md "HTTP/1.1 200 OK"
2026-08-05 21:59:11,510 - httpx - INFO - HTTP Request: HEAD https://huggingface.co/datasets/princeton-nlp/SWE-bench_Verified/resolve/c104f840cc67f8b6eec6f759ebc8b2693d585d4a/SWE-bench_Verified.py "HTTP/1.1 404 Not Found"
2026-08-05 21:59:11,749 - httpx - INFO - HTTP Request: HEAD https://s3.amazonaws.com/datasets.huggingface.co/datasets/datasets/princeton-nlp/SWE-bench_Verified/princeton-nlp/SWE-bench_Verified.py "HTTP/1.1 404 Not Found"
2026-08-05 21:59:12,063 - httpx - INFO - HTTP Request: HEAD https://huggingface.co/datasets/princeton-nlp/SWE-bench_Verified/resolve/c104f840cc67f8b6eec6f759ebc8b2693d585d4a/.huggingface.yaml "HTTP/1.1 404 Not Found"
2026-08-05 21:59:12,349 - httpx - INFO - HTTP Request: GET https://datasets-server.huggingface.co/info?dataset=princeton-nlp/SWE-bench_Verified "HTTP/1.1 200 OK"
2026-08-05 21:59:12,668 - httpx - INFO - HTTP Request: HEAD https://huggingface.co/datasets/princeton-nlp/SWE-bench_Verified/resolve/c104f840cc67f8b6eec6f759ebc8b2693d585d4a/dataset_infos.json "HTTP/1.1 404 Not Found"
Found 8 existing instance images. Will reuse them.
Running 8 instances...

Evaluation:   0%|          | 0/8 [00:00<?, ?it/s, error=0, \u2713=0, \u2716=0]
Evaluation:   0%|          | 0/8 [01:55<?, ?it/s, \u2713=0, \u2716=0, error=1]
Evaluation:  12%|#2        | 1/8 [01:55<13:27, 115.34s/it, \u2713=0, \u2716=0, error=1]
Evaluation:  12%|#2        | 1/8 [02:37<13:27, 115.34s/it, \u2713=1, \u2716=0, error=1]
Evaluation:  25%|##5       | 2/8 [02:37<07:14, 72.47s/it, \u2713=1, \u2716=0, error=1] 
Evaluation:  25%|##5       | 2/8 [02:47<07:14, 72.47s/it, \u2713=2, \u2716=0, error=1]
Evaluation:  38%|###7      | 3/8 [02:47<03:38, 43.74s/it, \u2713=2, \u2716=0, error=1]
Evaluation:  38%|###7      | 3/8 [03:21<03:38, 43.74s/it, \u2713=3, \u2716=0, error=1]
Evaluation:  50%|#####     | 4/8 [03:21<02:40, 40.05s/it, \u2713=3, \u2716=0, error=1]
Evaluation:  50%|#####     | 4/8 [03:35<02:40, 40.05s/it, \u2713=3, \u2716=0, error=2]
Evaluation:  62%|######2   | 5/8 [03:35<01:31, 30.44s/it, \u2713=3, \u2716=0, error=2]
Evaluation:  62%|######2   | 5/8 [03:49<01:31, 30.44s/it, \u2713=4, \u2716=0, error=2]
Evaluation:  75%|#######5  | 6/8 [03:49<00:49, 24.82s/it, \u2713=4, \u2716=0, error=2]
Evaluation:  75%|#######5  | 6/8 [04:09<00:49, 24.82s/it, \u2713=5, \u2716=0, error=2]
Evaluation:  88%|########7 | 7/8 [04:09<00:23, 23.40s/it, \u2713=5, \u2716=0, error=2]
Evaluation:  88%|########7 | 7/8 [04:21<00:23, 23.40s/it, \u2713=6, \u2716=0, error=2]
Evaluation: 100%|##########| 8/8 [04:21<00:00, 19.88s/it, \u2713=6, \u2716=0, error=2]
Evaluation: 100%|##########| 8/8 [04:21<00:00, 32.73s/it, \u2713=6, \u2716=0, error=2]
All instances run.
Cleaning cached images...
Removed 0 images.
Total instances: 8
Instances submitted: 8
Instances completed: 6
Instances incomplete: 0
Instances resolved: 6
Instances unresolved: 0
Instances with empty patches: 0
Instances with errors: 2
Unstopped containers: 0
Unremoved images: 8
Report written to commscm-oracle-gold.oracle_gold_full_n100_lf.json
  [oracle_gold] harness rc=0 free_gb=38.8
  [cr_guided] evaluating 8/8 (free_gb=38.8)
C:\Users\BEST BUY COMPUTERS\AppData\Local\Programs\Python\Python314\Lib\site-packages\langchain_core\_api\deprecation.py:25: UserWarning: Core Pydantic V1 functionality isn't compatible with Python 3.14 or greater.
  from pydantic.v1.fields import FieldInfo as FieldInfoV1
C:\Users\BEST BUY COMPUTERS\AppData\Local\Programs\Python\Python314\Lib\site-packages\requests\__init__.py:113: RequestsDependencyWarning: urllib3 (2.6.2) or chardet (7.4.3)/charset_normalizer (3.4.4) doesn't match a supported version!
  warnings.warn(
C:\Users\BEST BUY COMPUTERS\AppData\Local\Programs\Python\Python314\Lib\site-packages\modal\_utils\async_utils.py:42: DeprecationWarning: 'asyncio.WindowsSelectorEventLoopPolicy' is deprecated and slated for removal in Python 3.16
  asyncio.set_event_loop_policy(asyncio.WindowsSelectorEventLoopPolicy())
C:\Users\BEST BUY COMPUTERS\AppData\Local\Programs\Python\Python314\Lib\site-packages\modal\_utils\async_utils.py:42: DeprecationWarning: 'asyncio.set_event_loop_policy' is deprecated and slated for removal in Python 3.16
  asyncio.set_event_loop_policy(asyncio.WindowsSelectorEventLoopPolicy())
<frozen runpy>:128: RuntimeWarning: 'swebench.harness.run_evaluation' found in sys.modules after import of package 'swebench.harness', but prior to execution of 'swebench.harness.run_evaluation'; this may result in unpredictable behaviour
2026-08-05 22:04:02,481 - httpx - INFO - HTTP Request: HEAD https://huggingface.co/datasets/princeton-nlp/SWE-bench_Verified/resolve/main/README.md "HTTP/1.1 307 Temporary Redirect"
2026-08-05 22:04:02,589 - httpx - INFO - HTTP Request: HEAD https://huggingface.co/api/resolve-cache/datasets/princeton-nlp/SWE-bench_Verified/c104f840cc67f8b6eec6f759ebc8b2693d585d4a/README.md "HTTP/1.1 200 OK"
2026-08-05 22:04:02,889 - httpx - INFO - HTTP Request: HEAD https://huggingface.co/datasets/princeton-nlp/SWE-bench_Verified/resolve/c104f840cc67f8b6eec6f759ebc8b2693d585d4a/SWE-bench_Verified.py "HTTP/1.1 404 Not Found"
2026-08-05 22:04:03,677 - httpx - INFO - HTTP Request: HEAD https://s3.amazonaws.com/datasets.huggingface.co/datasets/datasets/princeton-nlp/SWE-bench_Verified/princeton-nlp/SWE-bench_Verified.py "HTTP/1.1 404 Not Found"
2026-08-05 22:04:04,002 - httpx - INFO - HTTP Request: GET https://huggingface.co/api/datasets/princeton-nlp/SWE-bench_Verified/revision/c104f840cc67f8b6eec6f759ebc8b2693d585d4a "HTTP/1.1 200 OK"
2026-08-05 22:04:04,293 - httpx - INFO - HTTP Request: HEAD https://huggingface.co/datasets/princeton-nlp/SWE-bench_Verified/resolve/c104f840cc67f8b6eec6f759ebc8b2693d585d4a/.huggingface.yaml "HTTP/1.1 404 Not Found"
2026-08-05 22:04:04,765 - httpx - INFO - HTTP Request: GET https://datasets-server.huggingface.co/info?dataset=princeton-nlp/SWE-bench_Verified "HTTP/1.1 200 OK"
2026-08-05 22:04:05,074 - httpx - INFO - HTTP Request: GET https://huggingface.co/api/datasets/princeton-nlp/SWE-bench_Verified/tree/c104f840cc67f8b6eec6f759ebc8b2693d585d4a/data?recursive=true&expand=false "HTTP/1.1 200 OK"
2026-08-05 22:04:05,366 - httpx - INFO - HTTP Request: GET https://huggingface.co/api/datasets/princeton-nlp/SWE-bench_Verified/tree/c104f840cc67f8b6eec6f759ebc8b2693d585d4a?recursive=false&expand=false "HTTP/1.1 200 OK"
2026-08-05 22:04:05,684 - httpx - INFO - HTTP Request: HEAD https://huggingface.co/datasets/princeton-nlp/SWE-bench_Verified/resolve/c104f840cc67f8b6eec6f759ebc8b2693d585d4a/dataset_infos.json "HTTP/1.1 404 Not Found"
2026-08-05 22:04:07,099 - httpx - INFO - HTTP Request: HEAD https://huggingface.co/datasets/princeton-nlp/SWE-bench_Verified/resolve/main/README.md "HTTP/1.1 307 Temporary Redirect"
2026-08-05 22:04:07,200 - httpx - INFO - HTTP Request: HEAD https://huggingface.co/api/resolve-cache/datasets/princeton-nlp/SWE-bench_Verified/c104f840cc67f8b6eec6f759ebc8b2693d585d4a/README.md "HTTP/1.1 200 OK"
2026-08-05 22:04:07,531 - httpx - INFO - HTTP Request: HEAD https://huggingface.co/datasets/princeton-nlp/SWE-bench_Verified/resolve/c104f840cc67f8b6eec6f759ebc8b2693d585d4a/SWE-bench_Verified.py "HTTP/1.1 404 Not Found"
2026-08-05 22:04:07,785 - httpx - INFO - HTTP Request: HEAD https://s3.amazonaws.com/datasets.huggingface.co/datasets/datasets/princeton-nlp/SWE-bench_Verified/princeton-nlp/SWE-bench_Verified.py "HTTP/1.1 404 Not Found"
2026-08-05 22:04:08,146 - httpx - INFO - HTTP Request: HEAD https://huggingface.co/datasets/princeton-nlp/SWE-bench_Verified/resolve/c104f840cc67f8b6eec6f759ebc8b2693d585d4a/.huggingface.yaml "HTTP/1.1 404 Not Found"
2026-08-05 22:04:08,440 - httpx - INFO - HTTP Request: GET https://datasets-server.huggingface.co/info?dataset=princeton-nlp/SWE-bench_Verified "HTTP/1.1 200 OK"
2026-08-05 22:04:08,788 - httpx - INFO - HTTP Request: HEAD https://huggingface.co/datasets/princeton-nlp/SWE-bench_Verified/resolve/c104f840cc67f8b6eec6f759ebc8b2693d585d4a/dataset_infos.json "HTTP/1.1 404 Not Found"
Found 8 existing instance images. Will reuse them.
Running 8 instances...

Evaluation:   0%|          | 0/8 [00:00<?, ?it/s, error=0, \u2713=0, \u2716=0]
Evaluation:   0%|          | 0/8 [00:19<?, ?it/s, \u2713=0, \u2716=0, error=1]
Evaluation:  12%|#2        | 1/8 [00:19<02:18, 19.83s/it, \u2713=0, \u2716=0, error=1]
Evaluation:  12%|#2        | 1/8 [00:20<02:18, 19.83s/it, \u2713=0, \u2716=0, error=2]
Evaluation:  25%|##5       | 2/8 [00:20<00:49,  8.28s/it, \u2713=0, \u2716=0, error=2]
Evaluation:  25%|##5       | 2/8 [00:39<00:49,  8.28s/it, \u2713=0, \u2716=0, error=3]
Evaluation:  38%|###7      | 3/8 [00:39<01:06, 13.25s/it, \u2713=0, \u2716=0, error=3]
Evaluation:  38%|###7      | 3/8 [00:39<01:06, 13.25s/it, \u2713=0, \u2716=0, error=4]
Evaluation:  50%|#####     | 4/8 [00:39<00:32,  8.17s/it, \u2713=0, \u2716=0, error=4]
Evaluation:  50%|#####     | 4/8 [00:59<00:32,  8.17s/it, \u2713=0, \u2716=0, error=5]
Evaluation:  62%|######2   | 5/8 [00:59<00:37, 12.43s/it, \u2713=0, \u2716=0, error=5]
Evaluation:  62%|######2   | 5/8 [01:00<00:37, 12.43s/it, \u2713=0, \u2716=0, error=6]
Evaluation:  75%|#######5  | 6/8 [01:00<00:17,  8.53s/it, \u2713=0, \u2716=0, error=6]
Evaluation:  75%|#######5  | 6/8 [01:18<00:17,  8.53s/it, \u2713=0, \u2716=0, error=7]
Evaluation:  88%|########7 | 7/8 [01:18<00:11, 11.67s/it, \u2713=0, \u2716=0, error=7]
Evaluation:  88%|########7 | 7/8 [01:19<00:11, 11.67s/it, \u2713=0, \u2716=0, error=8]
Evaluation: 100%|##########| 8/8 [01:19<00:00,  8.15s/it, \u2713=0, \u2716=0, error=8]
Evaluation: 100%|##########| 8/8 [01:19<00:00,  9.91s/it, \u2713=0, \u2716=0, error=8]
astropy__astropy-13977: >>>>> Patch Apply Failed:
patching file astropy/units/quantity.py
Hunk #1 FAILED at 617.
1 out of 1 hunk FAILED -- saving rejects to file astropy/units/quantity.py.rej

Check (logs\run_evaluation\vi_b_lf_rescore_cr_guided\commscm-vi-b-cr_guided\astropy__astropy-13977\run_instance.log) for more information.
astropy__astropy-14369: >>>>> Patch Apply Failed:
patch: **** Only garbage was found in the patch input.

Check (logs\run_evaluation\vi_b_lf_rescore_cr_guided\commscm-vi-b-cr_guided\astropy__astropy-14369\run_instance.log) for more information.
django__django-12774: >>>>> Patch Apply Failed:
patching file django/db/models/query.py
Hunk #1 FAILED at 677.
1 out of 1 hunk FAILED -- saving rejects to file django/db/models/query.py.rej

Check (logs\run_evaluation\vi_b_lf_rescore_cr_guided\commscm-vi-b-cr_guided\django__django-12774\run_instance.log) for more information.
django__django-16938: >>>>> Patch Apply Failed:
can't find file to patch at input line 3
Perhaps you used the wrong -p or --strip option?
The text leading up to this was:
--------------------------
|--- a/fix.py
|+++ b/fix.py
--------------------------
No file to patch.  Skipping patch.
patch: **** malformed patch at line 7:  


Check (logs\run_evaluation\vi_b_lf_rescore_cr_guided\commscm-vi-b-cr_guided\django__django-16938\run_instance.log) for more information.
pytest-dev__pytest-7521: >>>>> Patch Apply Failed:
can't find file to patch at input line 3
Perhaps you used the wrong -p or --strip option?
The text leading up to this was:
--------------------------
|--- a/pytest/capture.py
|+++ b/pytest/capture.py
--------------------------
No file to patch.  Skipping patch.
1 out of 1 hunk ignored

Check (logs\run_evaluation\vi_b_lf_rescore_cr_guided\commscm-vi-b-cr_guided\pytest-dev__pytest-7521\run_instance.log) for more information.
sphinx-doc__sphinx-7910: >>>>> Patch Apply Failed:
can't find file to patch at input line 3
Perhaps you used the wrong -p or --strip option?
The text leading up to this was:
--------------------------
|--- a/sphinx/ext/napoleon.py
|+++ b/sphinx/ext/napoleon.py
--------------------------
No file to patch.  Skipping patch.
1 out of 1 hunk ignored

Check (logs\run_evaluation\vi_b_lf_rescore_cr_guided\commscm-vi-b-cr_guided\sphinx-doc__sphinx-7910\run_instance.log) for more information.
sympy__sympy-11618: >>>>> Patch Apply Failed:
patching file sympy/geometry/point.py
Hunk #1 FAILED at 123.
1 out of 1 hunk FAILED -- saving rejects to file sympy/geometry/point.py.rej

Check (logs\run_evaluation\vi_b_lf_rescore_cr_guided\commscm-vi-b-cr_guided\sympy__sympy-11618\run_instance.log) for more information.
sympy__sympy-13974: >>>>> Patch Apply Failed:
patching file sympy/physics/quantum/tensorproduct.py
patch: **** malformed patch at line 19:      return expr


Check (logs\run_evaluation\vi_b_lf_rescore_cr_guided\commscm-vi-b-cr_guided\sympy__sympy-13974\run_instance.log) for more information.
All instances run.
Cleaning cached images...
Removed 0 images.
Total instances: 8
Instances submitted: 8
Instances completed: 0
Instances incomplete: 0
Instances resolved: 0
Instances unresolved: 0
Instances with empty patches: 0
Instances with errors: 8
Unstopped containers: 0
Unremoved images: 8
Report written to commscm-vi-b-cr_guided.vi_b_lf_rescore_cr_guided.json
  [cr_guided] harness rc=0 free_gb=38.8
  [reward_only] evaluating 8/8 (free_gb=38.8)
C:\Users\BEST BUY COMPUTERS\AppData\Local\Programs\Python\Python314\Lib\site-packages\langchain_core\_api\deprecation.py:25: UserWarning: Core Pydantic V1 functionality isn't compatible with Python 3.14 or greater.
  from pydantic.v1.fields import FieldInfo as FieldInfoV1
C:\Users\BEST BUY COMPUTERS\AppData\Local\Programs\Python\Python314\Lib\site-packages\requests\__init__.py:113: RequestsDependencyWarning: urllib3 (2.6.2) or chardet (7.4.3)/charset_normalizer (3.4.4) doesn't match a supported version!
  warnings.warn(
C:\Users\BEST BUY COMPUTERS\AppData\Local\Programs\Python\Python314\Lib\site-packages\modal\_utils\async_utils.py:42: DeprecationWarning: 'asyncio.WindowsSelectorEventLoopPolicy' is deprecated and slated for removal in Python 3.16
  asyncio.set_event_loop_policy(asyncio.WindowsSelectorEventLoopPolicy())
C:\Users\BEST BUY COMPUTERS\AppData\Local\Programs\Python\Python314\Lib\site-packages\modal\_utils\async_utils.py:42: DeprecationWarning: 'asyncio.set_event_loop_policy' is deprecated and slated for removal in Python 3.16
  asyncio.set_event_loop_policy(asyncio.WindowsSelectorEventLoopPolicy())
<frozen runpy>:128: RuntimeWarning: 'swebench.harness.run_evaluation' found in sys.modules after import of package 'swebench.harness', but prior to execution of 'swebench.harness.run_evaluation'; this may result in unpredictable behaviour
2026-08-05 22:05:56,616 - httpx - INFO - HTTP Request: HEAD https://huggingface.co/datasets/princeton-nlp/SWE-bench_Verified/resolve/main/README.md "HTTP/1.1 307 Temporary Redirect"
2026-08-05 22:05:56,687 - httpx - INFO - HTTP Request: HEAD https://huggingface.co/api/resolve-cache/datasets/princeton-nlp/SWE-bench_Verified/c104f840cc67f8b6eec6f759ebc8b2693d585d4a/README.md "HTTP/1.1 200 OK"
2026-08-05 22:05:56,989 - httpx - INFO - HTTP Request: HEAD https://huggingface.co/datasets/princeton-nlp/SWE-bench_Verified/resolve/c104f840cc67f8b6eec6f759ebc8b2693d585d4a/SWE-bench_Verified.py "HTTP/1.1 404 Not Found"
2026-08-05 22:05:57,743 - httpx - INFO - HTTP Request: HEAD https://s3.amazonaws.com/datasets.huggingface.co/datasets/datasets/princeton-nlp/SWE-bench_Verified/princeton-nlp/SWE-bench_Verified.py "HTTP/1.1 404 Not Found"
2026-08-05 22:05:58,060 - httpx - INFO - HTTP Request: GET https://huggingface.co/api/datasets/princeton-nlp/SWE-bench_Verified/revision/c104f840cc67f8b6eec6f759ebc8b2693d585d4a "HTTP/1.1 200 OK"
2026-08-05 22:05:58,358 - httpx - INFO - HTTP Request: HEAD https://huggingface.co/datasets/princeton-nlp/SWE-bench_Verified/resolve/c104f840cc67f8b6eec6f759ebc8b2693d585d4a/.huggingface.yaml "HTTP/1.1 404 Not Found"
2026-08-05 22:05:59,051 - httpx - INFO - HTTP Request: GET https://datasets-server.huggingface.co/info?dataset=princeton-nlp/SWE-bench_Verified "HTTP/1.1 200 OK"
2026-08-05 22:05:59,356 - httpx - INFO - HTTP Request: GET https://huggingface.co/api/datasets/princeton-nlp/SWE-bench_Verified/tree/c104f840cc67f8b6eec6f759ebc8b2693d585d4a/data?recursive=true&expand=false "HTTP/1.1 200 OK"
2026-08-05 22:05:59,650 - httpx - INFO - HTTP Request: GET https://huggingface.co/api/datasets/princeton-nlp/SWE-bench_Verified/tree/c104f840cc67f8b6eec6f759ebc8b2693d585d4a?recursive=false&expand=false "HTTP/1.1 200 OK"
2026-08-05 22:05:59,968 - httpx - INFO - HTTP Request: HEAD https://huggingface.co/datasets/princeton-nlp/SWE-bench_Verified/resolve/c104f840cc67f8b6eec6f759ebc8b2693d585d4a/dataset_infos.json "HTTP/1.1 404 Not Found"
2026-08-05 22:06:01,600 - httpx - INFO - HTTP Request: HEAD https://huggingface.co/datasets/princeton-nlp/SWE-bench_Verified/resolve/main/README.md "HTTP/1.1 307 Temporary Redirect"
2026-08-05 22:06:01,682 - httpx - INFO - HTTP Request: HEAD https://huggingface.co/api/resolve-cache/datasets/princeton-nlp/SWE-bench_Verified/c104f840cc67f8b6eec6f759ebc8b2693d585d4a/README.md "HTTP/1.1 200 OK"
2026-08-05 22:06:01,973 - httpx - INFO - HTTP Request: HEAD https://huggingface.co/datasets/princeton-nlp/SWE-bench_Verified/resolve/c104f840cc67f8b6eec6f759ebc8b2693d585d4a/SWE-bench_Verified.py "HTTP/1.1 404 Not Found"
2026-08-05 22:06:02,214 - httpx - INFO - HTTP Request: HEAD https://s3.amazonaws.com/datasets.huggingface.co/datasets/datasets/princeton-nlp/SWE-bench_Verified/princeton-nlp/SWE-bench_Verified.py "HTTP/1.1 404 Not Found"
2026-08-05 22:06:02,534 - httpx - INFO - HTTP Request: HEAD https://huggingface.co/datasets/princeton-nlp/SWE-bench_Verified/resolve/c104f840cc67f8b6eec6f759ebc8b2693d585d4a/.huggingface.yaml "HTTP/1.1 404 Not Found"
2026-08-05 22:06:02,830 - httpx - INFO - HTTP Request: GET https://datasets-server.huggingface.co/info?dataset=princeton-nlp/SWE-bench_Verified "HTTP/1.1 200 OK"
2026-08-05 22:06:03,230 - httpx - INFO - HTTP Request: HEAD https://huggingface.co/datasets/princeton-nlp/SWE-bench_Verified/resolve/c104f840cc67f8b6eec6f759ebc8b2693d585d4a/dataset_infos.json "HTTP/1.1 404 Not Found"
Found 8 existing instance images. Will reuse them.
Running 8 instances...

Evaluation:   0%|          | 0/8 [00:00<?, ?it/s, error=0, \u2713=0, \u2716=0]
Evaluation:   0%|          | 0/8 [00:18<?, ?it/s, \u2713=0, \u2716=0, error=1]
Evaluation:  12%|#2        | 1/8 [00:18<02:08, 18.32s/it, \u2713=0, \u2716=0, error=1]
Evaluation:  12%|#2        | 1/8 [00:18<02:08, 18.32s/it, \u2713=0, \u2716=0, error=2]
Evaluation:  25%|##5       | 2/8 [00:18<00:45,  7.65s/it, \u2713=0, \u2716=0, error=2]
Evaluation:  25%|##5       | 2/8 [00:36<00:45,  7.65s/it, \u2713=0, \u2716=0, error=3]
Evaluation:  38%|###7      | 3/8 [00:36<01:02, 12.48s/it, \u2713=0, \u2716=0, error=3]
Evaluation:  38%|###7      | 3/8 [00:36<01:02, 12.48s/it, \u2713=0, \u2716=0, error=4]
Evaluation:  50%|#####     | 4/8 [00:55<00:49, 12.48s/it, \u2713=0, \u2716=0, error=5]
Evaluation:  62%|######2   | 5/8 [00:55<00:31, 10.61s/it, \u2713=0, \u2716=0, error=5]
Evaluation:  62%|######2   | 5/8 [00:55<00:31, 10.61s/it, \u2713=0, \u2716=0, error=6]
Evaluation:  75%|#######5  | 6/8 [01:13<00:21, 10.61s/it, \u2713=0, \u2716=0, error=7]
Evaluation:  88%|########7 | 7/8 [01:13<00:10, 10.07s/it, \u2713=0, \u2716=0, error=7]
Evaluation:  88%|########7 | 7/8 [01:13<00:10, 10.07s/it, \u2713=0, \u2716=0, error=8]
Evaluation: 100%|##########| 8/8 [01:13<00:00,  9.24s/it, \u2713=0, \u2716=0, error=8]
astropy__astropy-13977: >>>>> Patch Apply Failed:
patching file astropy/units/quantity.py
Hunk #1 FAILED at 617.
1 out of 1 hunk FAILED -- saving rejects to file astropy/units/quantity.py.rej

Check (logs\run_evaluation\vi_b_lf_rescore_reward_only\commscm-vi-b-reward_only\astropy__astropy-13977\run_instance.log) for more information.
astropy__astropy-14369: >>>>> Patch Apply Failed:
can't find file to patch at input line 3
Perhaps you used the wrong -p or --strip option?
The text leading up to this was:
--------------------------
|--- a/astropy/table/format/ascii.py
|+++ b/astropy/table/format/ascii.py
--------------------------
No file to patch.  Skipping patch.
1 out of 1 hunk ignored

Check (logs\run_evaluation\vi_b_lf_rescore_reward_only\commscm-vi-b-reward_only\astropy__astropy-14369\run_instance.log) for more information.
django__django-12774: >>>>> Patch Apply Failed:
patching file django/db/models/query.py
Hunk #1 FAILED at 677.
1 out of 1 hunk FAILED -- saving rejects to file django/db/models/query.py.rej

Check (logs\run_evaluation\vi_b_lf_rescore_reward_only\commscm-vi-b-reward_only\django__django-12774\run_instance.log) for more information.
django__django-16938: >>>>> Patch Apply Failed:
patching file django/core/serializers/python.py
Hunk #1 FAILED at 81.
1 out of 1 hunk FAILED -- saving rejects to file django/core/serializers/python.py.rej

Check (logs\run_evaluation\vi_b_lf_rescore_reward_only\commscm-vi-b-reward_only\django__django-16938\run_instance.log) for more information.
sphinx-doc__sphinx-7910: >>>>> Patch Apply Failed:
patching file sphinx/ext/napoleon/docstring.py
Hunk #1 FAILED at 123.
1 out of 1 hunk FAILED -- saving rejects to file sphinx/ext/napoleon/docstring.py.rej

Check (logs\run_evaluation\vi_b_lf_rescore_reward_only\commscm-vi-b-reward_only\sphinx-doc__sphinx-7910\run_instance.log) for more information.
pytest-dev__pytest-7521: >>>>> Patch Apply Failed:
can't find file to patch at input line 3
Perhaps you used the wrong -p or --strip option?
The text leading up to this was:
--------------------------
|--- a/_pytest/capture.py
|+++ b/_pytest/capture.py
--------------------------
No file to patch.  Skipping patch.
1 out of 1 hunk ignored

Check (logs\run_evaluation\vi_b_lf_rescore_reward_only\commscm-vi-b-reward_only\pytest-dev__pytest-7521\run_instance.log) for more information.
sympy__sympy-13974: >>>>> Patch Apply Failed:
patching file sympy/physics/quantum/tensorproduct.py
Hunk #1 FAILED at 123.
1 out of 1 hunk FAILED -- saving rejects to file sympy/physics/quantum/tensorproduct.py.rej

Check (logs\run_evaluation\vi_b_lf_rescore_reward_only\commscm-vi-b-reward_only\sympy__sympy-13974\run_instance.log) for more information.
sympy__sympy-11618: >>>>> Patch Apply Failed:
patching file sympy/geometry/point.py
Hunk #1 FAILED at 123.
1 out of 1 hunk FAILED -- saving rejects to file sympy/geometry/point.py.rej

Check (logs\run_evaluation\vi_b_lf_rescore_reward_only\commscm-vi-b-reward_only\sympy__sympy-11618\run_instance.log) for more information.
All instances run.
Cleaning cached images...
Removed 0 images.
Total instances: 8
Instances submitted: 8
Instances completed: 0
Instances incomplete: 0
Instances resolved: 0
Instances unresolved: 0
Instances with empty patches: 0
Instances with errors: 8
Unstopped containers: 0
Unremoved images: 8
Report written to commscm-vi-b-reward_only.vi_b_lf_rescore_reward_only.json
  [reward_only] harness rc=0 free_gb=38.8
  [random] evaluating 8/8 (free_gb=38.8)
C:\Users\BEST BUY COMPUTERS\AppData\Local\Programs\Python\Python314\Lib\site-packages\langchain_core\_api\deprecation.py:25: UserWarning: Core Pydantic V1 functionality isn't compatible with Python 3.14 or greater.
  from pydantic.v1.fields import FieldInfo as FieldInfoV1
C:\Users\BEST BUY COMPUTERS\AppData\Local\Programs\Python\Python314\Lib\site-packages\requests\__init__.py:113: RequestsDependencyWarning: urllib3 (2.6.2) or chardet (7.4.3)/charset_normalizer (3.4.4) doesn't match a supported version!
  warnings.warn(
C:\Users\BEST BUY COMPUTERS\AppData\Local\Programs\Python\Python314\Lib\site-packages\modal\_utils\async_utils.py:42: DeprecationWarning: 'asyncio.WindowsSelectorEventLoopPolicy' is deprecated and slated for removal in Python 3.16
  asyncio.set_event_loop_policy(asyncio.WindowsSelectorEventLoopPolicy())
C:\Users\BEST BUY COMPUTERS\AppData\Local\Programs\Python\Python314\Lib\site-packages\modal\_utils\async_utils.py:42: DeprecationWarning: 'asyncio.set_event_loop_policy' is deprecated and slated for removal in Python 3.16
  asyncio.set_event_loop_policy(asyncio.WindowsSelectorEventLoopPolicy())
<frozen runpy>:128: RuntimeWarning: 'swebench.harness.run_evaluation' found in sys.modules after import of package 'swebench.harness', but prior to execution of 'swebench.harness.run_evaluation'; this may result in unpredictable behaviour
2026-08-05 22:07:44,216 - httpx - INFO - HTTP Request: HEAD https://huggingface.co/datasets/princeton-nlp/SWE-bench_Verified/resolve/main/README.md "HTTP/1.1 307 Temporary Redirect"
2026-08-05 22:07:44,384 - httpx - INFO - HTTP Request: HEAD https://huggingface.co/api/resolve-cache/datasets/princeton-nlp/SWE-bench_Verified/c104f840cc67f8b6eec6f759ebc8b2693d585d4a/README.md "HTTP/1.1 200 OK"
2026-08-05 22:07:44,820 - httpx - INFO - HTTP Request: HEAD https://huggingface.co/datasets/princeton-nlp/SWE-bench_Verified/resolve/c104f840cc67f8b6eec6f759ebc8b2693d585d4a/SWE-bench_Verified.py "HTTP/1.1 404 Not Found"
2026-08-05 22:07:45,697 - httpx - INFO - HTTP Request: HEAD https://s3.amazonaws.com/datasets.huggingface.co/datasets/datasets/princeton-nlp/SWE-bench_Verified/princeton-nlp/SWE-bench_Verified.py "HTTP/1.1 404 Not Found"
2026-08-05 22:07:46,042 - httpx - INFO - HTTP Request: GET https://huggingface.co/api/datasets/princeton-nlp/SWE-bench_Verified/revision/c104f840cc67f8b6eec6f759ebc8b2693d585d4a "HTTP/1.1 200 OK"
2026-08-05 22:07:46,314 - httpx - INFO - HTTP Request: HEAD https://huggingface.co/datasets/princeton-nlp/SWE-bench_Verified/resolve/c104f840cc67f8b6eec6f759ebc8b2693d585d4a/.huggingface.yaml "HTTP/1.1 404 Not Found"
2026-08-05 22:07:47,039 - httpx - INFO - HTTP Request: GET https://datasets-server.huggingface.co/info?dataset=princeton-nlp/SWE-bench_Verified "HTTP/1.1 200 OK"
2026-08-05 22:07:47,325 - httpx - INFO - HTTP Request: GET https://huggingface.co/api/datasets/princeton-nlp/SWE-bench_Verified/tree/c104f840cc67f8b6eec6f759ebc8b2693d585d4a/data?recursive=true&expand=false "HTTP/1.1 200 OK"
2026-08-05 22:07:47,687 - httpx - INFO - HTTP Request: GET https://huggingface.co/api/datasets/princeton-nlp/SWE-bench_Verified/tree/c104f840cc67f8b6eec6f759ebc8b2693d585d4a?recursive=false&expand=false "HTTP/1.1 200 OK"
2026-08-05 22:07:47,993 - httpx - INFO - HTTP Request: HEAD https://huggingface.co/datasets/princeton-nlp/SWE-bench_Verified/resolve/c104f840cc67f8b6eec6f759ebc8b2693d585d4a/dataset_infos.json "HTTP/1.1 404 Not Found"
2026-08-05 22:07:49,237 - httpx - INFO - HTTP Request: HEAD https://huggingface.co/datasets/princeton-nlp/SWE-bench_Verified/resolve/main/README.md "HTTP/1.1 307 Temporary Redirect"
2026-08-05 22:07:49,387 - httpx - INFO - HTTP Request: HEAD https://huggingface.co/api/resolve-cache/datasets/princeton-nlp/SWE-bench_Verified/c104f840cc67f8b6eec6f759ebc8b2693d585d4a/README.md "HTTP/1.1 200 OK"
2026-08-05 22:07:49,658 - httpx - INFO - HTTP Request: HEAD https://huggingface.co/datasets/princeton-nlp/SWE-bench_Verified/resolve/c104f840cc67f8b6eec6f759ebc8b2693d585d4a/SWE-bench_Verified.py "HTTP/1.1 404 Not Found"
2026-08-05 22:07:49,940 - httpx - INFO - HTTP Request: HEAD https://s3.amazonaws.com/datasets.huggingface.co/datasets/datasets/princeton-nlp/SWE-bench_Verified/princeton-nlp/SWE-bench_Verified.py "HTTP/1.1 404 Not Found"
2026-08-05 22:07:50,307 - httpx - INFO - HTTP Request: HEAD https://huggingface.co/datasets/princeton-nlp/SWE-bench_Verified/resolve/c104f840cc67f8b6eec6f759ebc8b2693d585d4a/.huggingface.yaml "HTTP/1.1 404 Not Found"
2026-08-05 22:07:50,676 - httpx - INFO - HTTP Request: GET https://datasets-server.huggingface.co/info?dataset=princeton-nlp/SWE-bench_Verified "HTTP/1.1 200 OK"
2026-08-05 22:07:50,973 - httpx - INFO - HTTP Request: HEAD https://huggingface.co/datasets/princeton-nlp/SWE-bench_Verified/resolve/c104f840cc67f8b6eec6f759ebc8b2693d585d4a/dataset_infos.json "HTTP/1.1 404 Not Found"
Found 8 existing instance images. Will reuse them.
Running 8 instances...

Evaluation:   0%|          | 0/8 [00:00<?, ?it/s, error=0, \u2713=0, \u2716=0]
Evaluation:   0%|          | 0/8 [00:18<?, ?it/s, \u2713=0, \u2716=0, error=1]
Evaluation:  12%|#2        | 1/8 [00:18<02:07, 18.15s/it, \u2713=0, \u2716=0, error=1]
Evaluation:  12%|#2        | 1/8 [00:18<02:07, 18.15s/it, \u2713=0, \u2716=0, error=2]
Evaluation:  25%|##5       | 2/8 [00:18<00:45,  7.61s/it, \u2713=0, \u2716=0, error=2]
Evaluation:  25%|##5       | 2/8 [00:36<00:45,  7.61s/it, \u2713=0, \u2716=0, error=3]
Evaluation:  38%|###7      | 3/8 [00:36<01:03, 12.62s/it, \u2713=0, \u2716=0, error=3]
Evaluation:  38%|###7      | 3/8 [00:37<01:03, 12.62s/it, \u2713=0, \u2716=0, error=4]
Evaluation:  50%|#####     | 4/8 [00:37<00:30,  7.75s/it, \u2713=0, \u2716=0, error=4]
Evaluation:  50%|#####     | 4/8 [00:55<00:30,  7.75s/it, \u2713=0, \u2716=0, error=5]
Evaluation:  62%|######2   | 5/8 [00:55<00:34, 11.48s/it, \u2713=0, \u2716=0, error=5]
Evaluation:  62%|######2   | 5/8 [00:55<00:34, 11.48s/it, \u2713=0, \u2716=0, error=6]
Evaluation:  75%|#######5  | 6/8 [00:55<00:15,  7.68s/it, \u2713=0, \u2716=0, error=6]
Evaluation:  75%|#######5  | 6/8 [01:14<00:15,  7.68s/it, \u2713=0, \u2716=0, error=7]
Evaluation:  88%|########7 | 7/8 [01:14<00:11, 11.46s/it, \u2713=0, \u2716=0, error=7]
Evaluation:  88%|########7 | 7/8 [01:15<00:11, 11.46s/it, \u2713=0, \u2716=0, error=8]
Evaluation: 100%|##########| 8/8 [01:15<00:00,  8.00s/it, \u2713=0, \u2716=0, error=8]
Evaluation: 100%|##########| 8/8 [01:15<00:00,  9.43s/it, \u2713=0, \u2716=0, error=8]
astropy__astropy-13977: >>>>> Patch Apply Failed:
patching file astropy/units/quantity.py
patch: **** malformed patch at line 13:                      if result is not NotImplemented:


Check (logs\run_evaluation\vi_b_lf_rescore_random\commscm-vi-b-random\astropy__astropy-13977\run_instance.log) for more information.
astropy__astropy-14369: >>>>> Patch Apply Failed:
can't find file to patch at input line 3
Perhaps you used the wrong -p or --strip option?
The text leading up to this was:
--------------------------
|--- a/astropy/table/format/ascii.py
|+++ b/astropy/table/format/ascii.py
--------------------------
No file to patch.  Skipping patch.
1 out of 1 hunk ignored

Check (logs\run_evaluation\vi_b_lf_rescore_random\commscm-vi-b-random\astropy__astropy-14369\run_instance.log) for more information.
django__django-12774: >>>>> Patch Apply Failed:
patching file django/db/models/query.py
Hunk #1 FAILED at 677.
1 out of 1 hunk FAILED -- saving rejects to file django/db/models/query.py.rej

Check (logs\run_evaluation\vi_b_lf_rescore_random\commscm-vi-b-random\django__django-12774\run_instance.log) for more information.
django__django-16938: >>>>> Patch Apply Failed:
patching file django/core/serializers/python.py
Hunk #1 FAILED at 81.
1 out of 1 hunk FAILED -- saving rejects to file django/core/serializers/python.py.rej

Check (logs\run_evaluation\vi_b_lf_rescore_random\commscm-vi-b-random\django__django-16938\run_instance.log) for more information.
pytest-dev__pytest-7521: >>>>> Patch Apply Failed:
can't find file to patch at input line 3
Perhaps you used the wrong -p or --strip option?
The text leading up to this was:
--------------------------
|--- a/build/lib.linux-x86_64-3.9/borg/testsuite/helpers.py
|+++ b/build/lib.linux-x86_64-3.9/borg/testsuite/helpers.py
--------------------------
No file to patch.  Skipping patch.
1 out of 1 hunk ignored

Check (logs\run_evaluation\vi_b_lf_rescore_random\commscm-vi-b-random\pytest-dev__pytest-7521\run_instance.log) for more information.
sphinx-doc__sphinx-7910: >>>>> Patch Apply Failed:
can't find file to patch at input line 3
Perhaps you used the wrong -p or --strip option?
The text leading up to this was:
--------------------------
|--- a/sphinx/ext/napoleon.py
|+++ b/sphinx/ext/napoleon.py
--------------------------
No file to patch.  Skipping patch.
1 out of 1 hunk ignored

Check (logs\run_evaluation\vi_b_lf_rescore_random\commscm-vi-b-random\sphinx-doc__sphinx-7910\run_instance.log) for more information.
sympy__sympy-11618: >>>>> Patch Apply Failed:
patching file sympy/geometry/point.py
Hunk #1 FAILED at 123.
1 out of 1 hunk FAILED -- saving rejects to file sympy/geometry/point.py.rej

Check (logs\run_evaluation\vi_b_lf_rescore_random\commscm-vi-b-random\sympy__sympy-11618\run_instance.log) for more information.
sympy__sympy-13974: >>>>> Patch Apply Failed:
patching file sympy/physics/quantum/tensorproduct.py
Hunk #1 FAILED at 123.
1 out of 1 hunk FAILED -- saving rejects to file sympy/physics/quantum/tensorproduct.py.rej

Check (logs\run_evaluation\vi_b_lf_rescore_random\commscm-vi-b-random\sympy__sympy-13974\run_instance.log) for more information.
All instances run.
Cleaning cached images...
Removed 0 images.
Total instances: 8
Instances submitted: 8
Instances completed: 0
Instances incomplete: 0
Instances resolved: 0
Instances unresolved: 0
Instances with empty patches: 0
Instances with errors: 8
Unstopped containers: 0
Unremoved images: 8
Report written to commscm-vi-b-random.vi_b_lf_rescore_random.json
  [random] harness rc=0 free_gb=38.7
  [static_heuristic] evaluating 8/8 (free_gb=38.7)
C:\Users\BEST BUY COMPUTERS\AppData\Local\Programs\Python\Python314\Lib\site-packages\langchain_core\_api\deprecation.py:25: UserWarning: Core Pydantic V1 functionality isn't compatible with Python 3.14 or greater.
  from pydantic.v1.fields import FieldInfo as FieldInfoV1
C:\Users\BEST BUY COMPUTERS\AppData\Local\Programs\Python\Python314\Lib\site-packages\requests\__init__.py:113: RequestsDependencyWarning: urllib3 (2.6.2) or chardet (7.4.3)/charset_normalizer (3.4.4) doesn't match a supported version!
  warnings.warn(
C:\Users\BEST BUY COMPUTERS\AppData\Local\Programs\Python\Python314\Lib\site-packages\modal\_utils\async_utils.py:42: DeprecationWarning: 'asyncio.WindowsSelectorEventLoopPolicy' is deprecated and slated for removal in Python 3.16
  asyncio.set_event_loop_policy(asyncio.WindowsSelectorEventLoopPolicy())
C:\Users\BEST BUY COMPUTERS\AppData\Local\Programs\Python\Python314\Lib\site-packages\modal\_utils\async_utils.py:42: DeprecationWarning: 'asyncio.set_event_loop_policy' is deprecated and slated for removal in Python 3.16
  asyncio.set_event_loop_policy(asyncio.WindowsSelectorEventLoopPolicy())
<frozen runpy>:128: RuntimeWarning: 'swebench.harness.run_evaluation' found in sys.modules after import of package 'swebench.harness', but prior to execution of 'swebench.harness.run_evaluation'; this may result in unpredictable behaviour
2026-08-05 22:09:32,549 - httpx - INFO - HTTP Request: HEAD https://huggingface.co/datasets/princeton-nlp/SWE-bench_Verified/resolve/main/README.md "HTTP/1.1 307 Temporary Redirect"
2026-08-05 22:09:32,621 - httpx - INFO - HTTP Request: HEAD https://huggingface.co/api/resolve-cache/datasets/princeton-nlp/SWE-bench_Verified/c104f840cc67f8b6eec6f759ebc8b2693d585d4a/README.md "HTTP/1.1 200 OK"
2026-08-05 22:09:32,960 - httpx - INFO - HTTP Request: HEAD https://huggingface.co/datasets/princeton-nlp/SWE-bench_Verified/resolve/c104f840cc67f8b6eec6f759ebc8b2693d585d4a/SWE-bench_Verified.py "HTTP/1.1 404 Not Found"
2026-08-05 22:09:33,817 - httpx - INFO - HTTP Request: HEAD https://s3.amazonaws.com/datasets.huggingface.co/datasets/datasets/princeton-nlp/SWE-bench_Verified/princeton-nlp/SWE-bench_Verified.py "HTTP/1.1 404 Not Found"
2026-08-05 22:09:34,290 - httpx - INFO - HTTP Request: GET https://huggingface.co/api/datasets/princeton-nlp/SWE-bench_Verified/revision/c104f840cc67f8b6eec6f759ebc8b2693d585d4a "HTTP/1.1 200 OK"
2026-08-05 22:09:34,603 - httpx - INFO - HTTP Request: HEAD https://huggingface.co/datasets/princeton-nlp/SWE-bench_Verified/resolve/c104f840cc67f8b6eec6f759ebc8b2693d585d4a/.huggingface.yaml "HTTP/1.1 404 Not Found"
2026-08-05 22:09:35,247 - httpx - INFO - HTTP Request: GET https://datasets-server.huggingface.co/info?dataset=princeton-nlp/SWE-bench_Verified "HTTP/1.1 200 OK"
2026-08-05 22:09:35,551 - httpx - INFO - HTTP Request: GET https://huggingface.co/api/datasets/princeton-nlp/SWE-bench_Verified/tree/c104f840cc67f8b6eec6f759ebc8b2693d585d4a/data?recursive=true&expand=false "HTTP/1.1 200 OK"
2026-08-05 22:09:35,849 - httpx - INFO - HTTP Request: GET https://huggingface.co/api/datasets/princeton-nlp/SWE-bench_Verified/tree/c104f840cc67f8b6eec6f759ebc8b2693d585d4a?recursive=false&expand=false "HTTP/1.1 200 OK"
2026-08-05 22:09:36,165 - httpx - INFO - HTTP Request: HEAD https://huggingface.co/datasets/princeton-nlp/SWE-bench_Verified/resolve/c104f840cc67f8b6eec6f759ebc8b2693d585d4a/dataset_infos.json "HTTP/1.1 404 Not Found"
2026-08-05 22:09:37,994 - httpx - INFO - HTTP Request: HEAD https://huggingface.co/datasets/princeton-nlp/SWE-bench_Verified/resolve/main/README.md "HTTP/1.1 307 Temporary Redirect"
2026-08-05 22:09:38,180 - httpx - INFO - HTTP Request: HEAD https://huggingface.co/api/resolve-cache/datasets/princeton-nlp/SWE-bench_Verified/c104f840cc67f8b6eec6f759ebc8b2693d585d4a/README.md "HTTP/1.1 200 OK"
2026-08-05 22:09:38,588 - httpx - INFO - HTTP Request: HEAD https://huggingface.co/datasets/princeton-nlp/SWE-bench_Verified/resolve/c104f840cc67f8b6eec6f759ebc8b2693d585d4a/SWE-bench_Verified.py "HTTP/1.1 404 Not Found"
2026-08-05 22:09:38,861 - httpx - INFO - HTTP Request: HEAD https://s3.amazonaws.com/datasets.huggingface.co/datasets/datasets/princeton-nlp/SWE-bench_Verified/princeton-nlp/SWE-bench_Verified.py "HTTP/1.1 404 Not Found"
2026-08-05 22:09:39,633 - httpx - INFO - HTTP Request: HEAD https://huggingface.co/datasets/princeton-nlp/SWE-bench_Verified/resolve/c104f840cc67f8b6eec6f759ebc8b2693d585d4a/.huggingface.yaml "HTTP/1.1 404 Not Found"
2026-08-05 22:09:39,945 - httpx - INFO - HTTP Request: GET https://datasets-server.huggingface.co/info?dataset=princeton-nlp/SWE-bench_Verified "HTTP/1.1 200 OK"
2026-08-05 22:09:40,494 - httpx - INFO - HTTP Request: HEAD https://huggingface.co/datasets/princeton-nlp/SWE-bench_Verified/resolve/c104f840cc67f8b6eec6f759ebc8b2693d585d4a/dataset_infos.json "HTTP/1.1 404 Not Found"
Found 8 existing instance images. Will reuse them.
Running 8 instances...

Evaluation:   0%|          | 0/8 [00:00<?, ?it/s, error=0, \u2713=0, \u2716=0]
Evaluation:   0%|          | 0/8 [00:19<?, ?it/s, \u2713=0, \u2716=0, error=1]
Evaluation:  12%|#2        | 1/8 [00:19<02:13, 19.01s/it, \u2713=0, \u2716=0, error=1]
Evaluation:  12%|#2        | 1/8 [00:19<02:13, 19.01s/it, \u2713=0, \u2716=0, error=2]
Evaluation:  25%|##5       | 2/8 [00:37<01:54, 19.01s/it, \u2713=0, \u2716=0, error=3]
Evaluation:  38%|###7      | 3/8 [00:37<00:59, 11.94s/it, \u2713=0, \u2716=0, error=3]
Evaluation:  38%|###7      | 3/8 [00:38<00:59, 11.94s/it, \u2713=0, \u2716=0, error=4]
Evaluation:  50%|#####     | 4/8 [00:38<00:31,  7.85s/it, \u2713=0, \u2716=0, error=4]
Evaluation:  50%|#####     | 4/8 [00:56<00:31,  7.85s/it, \u2713=0, \u2716=0, error=5]
Evaluation:  62%|######2   | 5/8 [00:56<00:34, 11.48s/it, \u2713=0, \u2716=0, error=5]
Evaluation:  62%|######2   | 5/8 [00:56<00:34, 11.48s/it, \u2713=0, \u2716=0, error=6]
Evaluation:  75%|#######5  | 6/8 [01:15<00:22, 11.48s/it, \u2713=0, \u2716=0, error=7]
Evaluation:  88%|########7 | 7/8 [01:15<00:10, 10.49s/it, \u2713=0, \u2716=0, error=7]
Evaluation:  88%|########7 | 7/8 [01:15<00:10, 10.49s/it, \u2713=0, \u2716=0, error=8]
Evaluation: 100%|##########| 8/8 [01:15<00:00,  7.82s/it, \u2713=0, \u2716=0, error=8]
Evaluation: 100%|##########| 8/8 [01:15<00:00,  9.49s/it, \u2713=0, \u2716=0, error=8]
astropy__astropy-13977: >>>>> Patch Apply Failed:
patching file astropy/units/quantity.py
Hunk #1 FAILED at 617.
1 out of 1 hunk FAILED -- saving rejects to file astropy/units/quantity.py.rej

Check (logs\run_evaluation\vi_b_lf_rescore_static_heuristic\commscm-vi-b-static_heuristic\astropy__astropy-13977\run_instance.log) for more information.
astropy__astropy-14369: >>>>> Patch Apply Failed:
can't find file to patch at input line 3
Perhaps you used the wrong -p or --strip option?
The text leading up to this was:
--------------------------
|--- a/astropy/table/ascii/cds.py
|+++ b/astropy/table/ascii/cds.py
--------------------------
No file to patch.  Skipping patch.
1 out of 1 hunk ignored

Check (logs\run_evaluation\vi_b_lf_rescore_static_heuristic\commscm-vi-b-static_heuristic\astropy__astropy-14369\run_instance.log) for more information.
django__django-16938: >>>>> Patch Apply Failed:
patching file django/core/serializers/python.py
Hunk #1 FAILED at 8180.
1 out of 1 hunk FAILED -- saving rejects to file django/core/serializers/python.py.rej

Check (logs\run_evaluation\vi_b_lf_rescore_static_heuristic\commscm-vi-b-static_heuristic\django__django-16938\run_instance.log) for more information.
django__django-12774: >>>>> Patch Apply Failed:
patching file django/db/models/query.py
Hunk #1 FAILED at 677.
1 out of 1 hunk FAILED -- saving rejects to file django/db/models/query.py.rej

Check (logs\run_evaluation\vi_b_lf_rescore_static_heuristic\commscm-vi-b-static_heuristic\django__django-12774\run_instance.log) for more information.
pytest-dev__pytest-7521: >>>>> Patch Apply Failed:
can't find file to patch at input line 3
Perhaps you used the wrong -p or --strip option?
The text leading up to this was:
--------------------------
|--- a/build/lib.linux-x86_64-3.9/borg/testsuite/helpers.py
|+++ b/build/lib.linux-x86_64-3.9/borg/testsuite/helpers.py
--------------------------
No file to patch.  Skipping patch.
1 out of 1 hunk ignored

Check (logs\run_evaluation\vi_b_lf_rescore_static_heuristic\commscm-vi-b-static_heuristic\pytest-dev__pytest-7521\run_instance.log) for more information.
sphinx-doc__sphinx-7910: >>>>> Patch Apply Failed:
patching file sphinx/ext/napoleon/__init__.py
Hunk #1 FAILED at 123.
1 out of 1 hunk FAILED -- saving rejects to file sphinx/ext/napoleon/__init__.py.rej

Check (logs\run_evaluation\vi_b_lf_rescore_static_heuristic\commscm-vi-b-static_heuristic\sphinx-doc__sphinx-7910\run_instance.log) for more information.
sympy__sympy-11618: >>>>> Patch Apply Failed:
patching file sympy/geometry/point.py
Hunk #1 FAILED at 123.
1 out of 1 hunk FAILED -- saving rejects to file sympy/geometry/point.py.rej

Check (logs\run_evaluation\vi_b_lf_rescore_static_heuristic\commscm-vi-b-static_heuristic\sympy__sympy-11618\run_instance.log) for more information.
sympy__sympy-13974: >>>>> Patch Apply Failed:
patch: **** missing line number at line 3: @@ -XX,6 +XX,12 @@

patching file sympy/physics/quantum/tensorproduct.py

Check (logs\run_evaluation\vi_b_lf_rescore_static_heuristic\commscm-vi-b-static_heuristic\sympy__sympy-13974\run_instance.log) for more information.
All instances run.
Cleaning cached images...
Removed 0 images.
Total instances: 8
Instances submitted: 8
Instances completed: 0
Instances incomplete: 0
Instances resolved: 0
Instances unresolved: 0
Instances with empty patches: 0
Instances with errors: 8
Unstopped containers: 0
Unremoved images: 8
Report written to commscm-vi-b-static_heuristic.vi_b_lf_rescore_static_heuristic.json
  [static_heuristic] harness rc=0 free_gb=38.8
[disk] before prune free_gb=38.8
[disk] removed 8 sweb.eval images; free_gb=38.8
BATCH 11 done; gold_partial={'resolve_at_1_mean': 0.8863636363636364, 'counts': {'resolved': 78, 'unresolved': 2, 'error': 8, 'missing': 12, 'scored': 88}}

=== BATCH 12/13 ids=sympy__sympy-12096..django__django-13033 (8) ===
[prepull] pulling swebench/sweb.eval.x86_64.sympy_1776_sympy-12096:latest (free_gb=38.8)...
[prepull] ok swebench/sweb.eval.x86_64.sympy_1776_sympy-12096:latest in 1751.9s
[prepull] pulling swebench/sweb.eval.x86_64.django_1776_django-10973:latest (free_gb=40.4)...
[prepull] ok swebench/sweb.eval.x86_64.django_1776_django-10973:latest in 645.1s
[prepull] pulling swebench/sweb.eval.x86_64.django_1776_django-12273:latest (free_gb=40.5)...
[prepull] ok swebench/sweb.eval.x86_64.django_1776_django-12273:latest in 133.3s
[prepull] pulling swebench/sweb.eval.x86_64.django_1776_django-15277:latest (free_gb=40.6)...
[prepull] ok swebench/sweb.eval.x86_64.django_1776_django-15277:latest in 666.1s
[prepull] pulling swebench/sweb.eval.x86_64.matplotlib_1776_matplotlib-22871:latest (free_gb=40.6)...
[prepull] ok swebench/sweb.eval.x86_64.matplotlib_1776_matplotlib-22871:latest in 2977.0s
[prepull] pulling swebench/sweb.eval.x86_64.django_1776_django-15851:latest (free_gb=40.5)...
[prepull] ok swebench/sweb.eval.x86_64.django_1776_django-15851:latest in 133.8s
[prepull] pulling swebench/sweb.eval.x86_64.django_1776_django-15252:latest (free_gb=40.5)...
[prepull] ok swebench/sweb.eval.x86_64.django_1776_django-15252:latest in 125.7s
[prepull] pulling swebench/sweb.eval.x86_64.django_1776_django-13033:latest (free_gb=40.5)...
[prepull] ok swebench/sweb.eval.x86_64.django_1776_django-13033:latest in 571.0s
  [oracle_gold] evaluating 8/8 (free_gb=40.4)
C:\Users\BEST BUY COMPUTERS\AppData\Local\Programs\Python\Python314\Lib\site-packages\langchain_core\_api\deprecation.py:25: UserWarning: Core Pydantic V1 functionality isn't compatible with Python 3.14 or greater.
  from pydantic.v1.fields import FieldInfo as FieldInfoV1
C:\Users\BEST BUY COMPUTERS\AppData\Local\Programs\Python\Python314\Lib\site-packages\requests\__init__.py:113: RequestsDependencyWarning: urllib3 (2.6.2) or chardet (7.4.3)/charset_normalizer (3.4.4) doesn't match a supported version!
  warnings.warn(
C:\Users\BEST BUY COMPUTERS\AppData\Local\Programs\Python\Python314\Lib\site-packages\modal\_utils\async_utils.py:42: DeprecationWarning: 'asyncio.WindowsSelectorEventLoopPolicy' is deprecated and slated for removal in Python 3.16
  asyncio.set_event_loop_policy(asyncio.WindowsSelectorEventLoopPolicy())
C:\Users\BEST BUY COMPUTERS\AppData\Local\Programs\Python\Python314\Lib\site-packages\modal\_utils\async_utils.py:42: DeprecationWarning: 'asyncio.set_event_loop_policy' is deprecated and slated for removal in Python 3.16
  asyncio.set_event_loop_policy(asyncio.WindowsSelectorEventLoopPolicy())
<frozen runpy>:128: RuntimeWarning: 'swebench.harness.run_evaluation' found in sys.modules after import of package 'swebench.harness', but prior to execution of 'swebench.harness.run_evaluation'; this may result in unpredictable behaviour
2026-08-06 00:08:36,375 - httpx - INFO - HTTP Request: HEAD https://huggingface.co/datasets/princeton-nlp/SWE-bench_Verified/resolve/main/README.md "HTTP/1.1 307 Temporary Redirect"
2026-08-06 00:08:36,418 - httpx - INFO - HTTP Request: HEAD https://huggingface.co/api/resolve-cache/datasets/princeton-nlp/SWE-bench_Verified/c104f840cc67f8b6eec6f759ebc8b2693d585d4a/README.md "HTTP/1.1 200 OK"
2026-08-06 00:08:36,683 - httpx - INFO - HTTP Request: HEAD https://huggingface.co/datasets/princeton-nlp/SWE-bench_Verified/resolve/c104f840cc67f8b6eec6f759ebc8b2693d585d4a/SWE-bench_Verified.py "HTTP/1.1 404 Not Found"
2026-08-06 00:08:37,424 - httpx - INFO - HTTP Request: HEAD https://s3.amazonaws.com/datasets.huggingface.co/datasets/datasets/princeton-nlp/SWE-bench_Verified/princeton-nlp/SWE-bench_Verified.py "HTTP/1.1 404 Not Found"
2026-08-06 00:08:37,696 - httpx - INFO - HTTP Request: GET https://huggingface.co/api/datasets/princeton-nlp/SWE-bench_Verified/revision/c104f840cc67f8b6eec6f759ebc8b2693d585d4a "HTTP/1.1 200 OK"
2026-08-06 00:08:37,961 - httpx - INFO - HTTP Request: HEAD https://huggingface.co/datasets/princeton-nlp/SWE-bench_Verified/resolve/c104f840cc67f8b6eec6f759ebc8b2693d585d4a/.huggingface.yaml "HTTP/1.1 404 Not Found"
2026-08-06 00:08:38,739 - httpx - INFO - HTTP Request: GET https://datasets-server.huggingface.co/info?dataset=princeton-nlp/SWE-bench_Verified "HTTP/1.1 200 OK"
2026-08-06 00:08:39,026 - httpx - INFO - HTTP Request: GET https://huggingface.co/api/datasets/princeton-nlp/SWE-bench_Verified/tree/c104f840cc67f8b6eec6f759ebc8b2693d585d4a/data?recursive=true&expand=false "HTTP/1.1 200 OK"
2026-08-06 00:08:39,296 - httpx - INFO - HTTP Request: GET https://huggingface.co/api/datasets/princeton-nlp/SWE-bench_Verified/tree/c104f840cc67f8b6eec6f759ebc8b2693d585d4a?recursive=false&expand=false "HTTP/1.1 200 OK"
2026-08-06 00:08:39,582 - httpx - INFO - HTTP Request: HEAD https://huggingface.co/datasets/princeton-nlp/SWE-bench_Verified/resolve/c104f840cc67f8b6eec6f759ebc8b2693d585d4a/dataset_infos.json "HTTP/1.1 404 Not Found"
2026-08-06 00:08:40,843 - httpx - INFO - HTTP Request: HEAD https://huggingface.co/datasets/princeton-nlp/SWE-bench_Verified/resolve/main/README.md "HTTP/1.1 307 Temporary Redirect"
2026-08-06 00:08:40,897 - httpx - INFO - HTTP Request: HEAD https://huggingface.co/api/resolve-cache/datasets/princeton-nlp/SWE-bench_Verified/c104f840cc67f8b6eec6f759ebc8b2693d585d4a/README.md "HTTP/1.1 200 OK"
2026-08-06 00:08:41,159 - httpx - INFO - HTTP Request: HEAD https://huggingface.co/datasets/princeton-nlp/SWE-bench_Verified/resolve/c104f840cc67f8b6eec6f759ebc8b2693d585d4a/SWE-bench_Verified.py "HTTP/1.1 404 Not Found"
2026-08-06 00:08:41,394 - httpx - INFO - HTTP Request: HEAD https://s3.amazonaws.com/datasets.huggingface.co/datasets/datasets/princeton-nlp/SWE-bench_Verified/princeton-nlp/SWE-bench_Verified.py "HTTP/1.1 404 Not Found"
2026-08-06 00:08:41,663 - httpx - INFO - HTTP Request: HEAD https://huggingface.co/datasets/princeton-nlp/SWE-bench_Verified/resolve/c104f840cc67f8b6eec6f759ebc8b2693d585d4a/.huggingface.yaml "HTTP/1.1 404 Not Found"
2026-08-06 00:08:42,030 - httpx - INFO - HTTP Request: GET https://datasets-server.huggingface.co/info?dataset=princeton-nlp/SWE-bench_Verified "HTTP/1.1 200 OK"
2026-08-06 00:08:42,315 - httpx - INFO - HTTP Request: HEAD https://huggingface.co/datasets/princeton-nlp/SWE-bench_Verified/resolve/c104f840cc67f8b6eec6f759ebc8b2693d585d4a/dataset_infos.json "HTTP/1.1 404 Not Found"
Found 8 existing instance images. Will reuse them.
Running 8 instances...

Evaluation:   0%|          | 0/8 [00:00<?, ?it/s, error=0, \u2713=0, \u2716=0]
Evaluation:   0%|          | 0/8 [00:37<?, ?it/s, \u2713=0, \u2716=0, error=1]
Evaluation:  12%|#2        | 1/8 [00:37<04:25, 37.87s/it, \u2713=0, \u2716=0, error=1]
Evaluation:  12%|#2        | 1/8 [00:38<04:25, 37.87s/it, \u2713=1, \u2716=0, error=1]
Evaluation:  25%|##5       | 2/8 [00:38<01:36, 16.10s/it, \u2713=1, \u2716=0, error=1]
Evaluation:  25%|##5       | 2/8 [01:13<01:36, 16.10s/it, \u2713=2, \u2716=0, error=1]
Evaluation:  38%|###7      | 3/8 [01:13<02:03, 24.60s/it, \u2713=2, \u2716=0, error=1]
Evaluation:  38%|###7      | 3/8 [01:22<02:03, 24.60s/it, \u2713=3, \u2716=0, error=1]
Evaluation:  50%|#####     | 4/8 [01:22<01:13, 18.27s/it, \u2713=3, \u2716=0, error=1]
Evaluation:  50%|#####     | 4/8 [01:57<01:13, 18.27s/it, \u2713=4, \u2716=0, error=1]
Evaluation:  62%|######2   | 5/8 [01:57<01:13, 24.60s/it, \u2713=4, \u2716=0, error=1]
Evaluation:  62%|######2   | 5/8 [02:02<01:13, 24.60s/it, \u2713=5, \u2716=0, error=1]
Evaluation:  75%|#######5  | 6/8 [02:02<00:35, 17.83s/it, \u2713=5, \u2716=0, error=1]
Evaluation:  75%|#######5  | 6/8 [02:35<00:35, 17.83s/it, \u2713=6, \u2716=0, error=1]
Evaluation:  88%|########7 | 7/8 [02:35<00:22, 22.83s/it, \u2713=6, \u2716=0, error=1]
Evaluation:  88%|########7 | 7/8 [02:48<00:22, 22.83s/it, \u2713=7, \u2716=0, error=1]
Evaluation: 100%|##########| 8/8 [02:48<00:00, 19.69s/it, \u2713=7, \u2716=0, error=1]
Evaluation: 100%|##########| 8/8 [02:48<00:00, 21.08s/it, \u2713=7, \u2716=0, error=1]
All instances run.
Cleaning cached images...
Removed 0 images.
Total instances: 8
Instances submitted: 8
Instances completed: 7
Instances incomplete: 0
Instances resolved: 7
Instances unresolved: 0
Instances with empty patches: 0
Instances with errors: 1
Unstopped containers: 0
Unremoved images: 8
Report written to commscm-oracle-gold.oracle_gold_full_n100_lf.json
  [oracle_gold] harness rc=0 free_gb=40.4
  [cr_guided] evaluating 8/8 (free_gb=40.4)
C:\Users\BEST BUY COMPUTERS\AppData\Local\Programs\Python\Python314\Lib\site-packages\langchain_core\_api\deprecation.py:25: UserWarning: Core Pydantic V1 functionality isn't compatible with Python 3.14 or greater.
  from pydantic.v1.fields import FieldInfo as FieldInfoV1
C:\Users\BEST BUY COMPUTERS\AppData\Local\Programs\Python\Python314\Lib\site-packages\requests\__init__.py:113: RequestsDependencyWarning: urllib3 (2.6.2) or chardet (7.4.3)/charset_normalizer (3.4.4) doesn't match a supported version!
  warnings.warn(
C:\Users\BEST BUY COMPUTERS\AppData\Local\Programs\Python\Python314\Lib\site-packages\modal\_utils\async_utils.py:42: DeprecationWarning: 'asyncio.WindowsSelectorEventLoopPolicy' is deprecated and slated for removal in Python 3.16
  asyncio.set_event_loop_policy(asyncio.WindowsSelectorEventLoopPolicy())
C:\Users\BEST BUY COMPUTERS\AppData\Local\Programs\Python\Python314\Lib\site-packages\modal\_utils\async_utils.py:42: DeprecationWarning: 'asyncio.set_event_loop_policy' is deprecated and slated for removal in Python 3.16
  asyncio.set_event_loop_policy(asyncio.WindowsSelectorEventLoopPolicy())
<frozen runpy>:128: RuntimeWarning: 'swebench.harness.run_evaluation' found in sys.modules after import of package 'swebench.harness', but prior to execution of 'swebench.harness.run_evaluation'; this may result in unpredictable behaviour
2026-08-06 00:11:44,984 - httpx - INFO - HTTP Request: HEAD https://huggingface.co/datasets/princeton-nlp/SWE-bench_Verified/resolve/main/README.md "HTTP/1.1 307 Temporary Redirect"
2026-08-06 00:11:45,027 - httpx - INFO - HTTP Request: HEAD https://huggingface.co/api/resolve-cache/datasets/princeton-nlp/SWE-bench_Verified/c104f840cc67f8b6eec6f759ebc8b2693d585d4a/README.md "HTTP/1.1 200 OK"
2026-08-06 00:11:45,293 - httpx - INFO - HTTP Request: HEAD https://huggingface.co/datasets/princeton-nlp/SWE-bench_Verified/resolve/c104f840cc67f8b6eec6f759ebc8b2693d585d4a/SWE-bench_Verified.py "HTTP/1.1 404 Not Found"
2026-08-06 00:11:46,129 - httpx - INFO - HTTP Request: HEAD https://s3.amazonaws.com/datasets.huggingface.co/datasets/datasets/princeton-nlp/SWE-bench_Verified/princeton-nlp/SWE-bench_Verified.py "HTTP/1.1 404 Not Found"
2026-08-06 00:11:46,419 - httpx - INFO - HTTP Request: GET https://huggingface.co/api/datasets/princeton-nlp/SWE-bench_Verified/revision/c104f840cc67f8b6eec6f759ebc8b2693d585d4a "HTTP/1.1 200 OK"
2026-08-06 00:11:46,688 - httpx - INFO - HTTP Request: HEAD https://huggingface.co/datasets/princeton-nlp/SWE-bench_Verified/resolve/c104f840cc67f8b6eec6f759ebc8b2693d585d4a/.huggingface.yaml "HTTP/1.1 404 Not Found"
2026-08-06 00:11:47,388 - httpx - INFO - HTTP Request: GET https://datasets-server.huggingface.co/info?dataset=princeton-nlp/SWE-bench_Verified "HTTP/1.1 200 OK"
2026-08-06 00:11:47,669 - httpx - INFO - HTTP Request: GET https://huggingface.co/api/datasets/princeton-nlp/SWE-bench_Verified/tree/c104f840cc67f8b6eec6f759ebc8b2693d585d4a/data?recursive=true&expand=false "HTTP/1.1 200 OK"
2026-08-06 00:11:47,933 - httpx - INFO - HTTP Request: GET https://huggingface.co/api/datasets/princeton-nlp/SWE-bench_Verified/tree/c104f840cc67f8b6eec6f759ebc8b2693d585d4a?recursive=false&expand=false "HTTP/1.1 200 OK"
2026-08-06 00:11:48,217 - httpx - INFO - HTTP Request: HEAD https://huggingface.co/datasets/princeton-nlp/SWE-bench_Verified/resolve/c104f840cc67f8b6eec6f759ebc8b2693d585d4a/dataset_infos.json "HTTP/1.1 404 Not Found"
2026-08-06 00:11:48,869 - httpx - INFO - HTTP Request: HEAD https://huggingface.co/datasets/princeton-nlp/SWE-bench_Verified/resolve/main/README.md "HTTP/1.1 307 Temporary Redirect"
2026-08-06 00:11:48,916 - httpx - INFO - HTTP Request: HEAD https://huggingface.co/api/resolve-cache/datasets/princeton-nlp/SWE-bench_Verified/c104f840cc67f8b6eec6f759ebc8b2693d585d4a/README.md "HTTP/1.1 200 OK"
2026-08-06 00:11:49,211 - httpx - INFO - HTTP Request: HEAD https://huggingface.co/datasets/princeton-nlp/SWE-bench_Verified/resolve/c104f840cc67f8b6eec6f759ebc8b2693d585d4a/SWE-bench_Verified.py "HTTP/1.1 404 Not Found"
2026-08-06 00:11:49,463 - httpx - INFO - HTTP Request: HEAD https://s3.amazonaws.com/datasets.huggingface.co/datasets/datasets/princeton-nlp/SWE-bench_Verified/princeton-nlp/SWE-bench_Verified.py "HTTP/1.1 404 Not Found"
2026-08-06 00:11:49,745 - httpx - INFO - HTTP Request: HEAD https://huggingface.co/datasets/princeton-nlp/SWE-bench_Verified/resolve/c104f840cc67f8b6eec6f759ebc8b2693d585d4a/.huggingface.yaml "HTTP/1.1 404 Not Found"
2026-08-06 00:11:50,132 - httpx - INFO - HTTP Request: GET https://datasets-server.huggingface.co/info?dataset=princeton-nlp/SWE-bench_Verified "HTTP/1.1 200 OK"
2026-08-06 00:11:50,432 - httpx - INFO - HTTP Request: HEAD https://huggingface.co/datasets/princeton-nlp/SWE-bench_Verified/resolve/c104f840cc67f8b6eec6f759ebc8b2693d585d4a/dataset_infos.json "HTTP/1.1 404 Not Found"
Found 8 existing instance images. Will reuse them.
Running 8 instances...

Evaluation:   0%|          | 0/8 [00:00<?, ?it/s, error=0, \u2713=0, \u2716=0]
Evaluation:   0%|          | 0/8 [00:17<?, ?it/s, \u2713=0, \u2716=0, error=1]
Evaluation:  12%|#2        | 1/8 [00:17<02:01, 17.29s/it, \u2713=0, \u2716=0, error=1]
Evaluation:  12%|#2        | 1/8 [00:17<02:01, 17.29s/it, \u2713=0, \u2716=0, error=2]
Evaluation:  25%|##5       | 2/8 [00:17<00:43,  7.22s/it, \u2713=0, \u2716=0, error=2]
Evaluation:  25%|##5       | 2/8 [00:34<00:43,  7.22s/it, \u2713=0, \u2716=0, error=3]
Evaluation:  38%|###7      | 3/8 [00:34<00:57, 11.57s/it, \u2713=0, \u2716=0, error=3]
Evaluation:  38%|###7      | 3/8 [00:34<00:57, 11.57s/it, \u2713=0, \u2716=0, error=4]
Evaluation:  50%|#####     | 4/8 [00:34<00:28,  7.10s/it, \u2713=0, \u2716=0, error=4]
Evaluation:  50%|#####     | 4/8 [00:51<00:28,  7.10s/it, \u2713=0, \u2716=0, error=5]
Evaluation:  62%|######2   | 5/8 [00:51<00:31, 10.54s/it, \u2713=0, \u2716=0, error=5]
Evaluation:  62%|######2   | 5/8 [00:51<00:31, 10.54s/it, \u2713=0, \u2716=0, error=6]
Evaluation:  75%|#######5  | 6/8 [00:51<00:14,  7.14s/it, \u2713=0, \u2716=0, error=6]
Evaluation:  75%|#######5  | 6/8 [01:08<00:14,  7.14s/it, \u2713=0, \u2716=0, error=7]
Evaluation:  88%|########7 | 7/8 [01:08<00:10, 10.24s/it, \u2713=0, \u2716=0, error=7]
Evaluation:  88%|########7 | 7/8 [01:08<00:10, 10.24s/it, \u2713=0, \u2716=0, error=8]
Evaluation: 100%|##########| 8/8 [01:08<00:00,  7.17s/it, \u2713=0, \u2716=0, error=8]
Evaluation: 100%|##########| 8/8 [01:08<00:00,  8.61s/it, \u2713=0, \u2716=0, error=8]
django__django-10973: >>>>> Patch Apply Failed:
patch: **** Only garbage was found in the patch input.

Check (logs\run_evaluation\vi_b_lf_rescore_cr_guided\commscm-vi-b-cr_guided\django__django-10973\run_instance.log) for more information.
django__django-12273: >>>>> Patch Apply Failed:
can't find file to patch at input line 3
Perhaps you used the wrong -p or --strip option?
The text leading up to this was:
--------------------------
|--- a/models.py
|+++ b/models.py
--------------------------
No file to patch.  Skipping patch.
1 out of 1 hunk ignored

Check (logs\run_evaluation\vi_b_lf_rescore_cr_guided\commscm-vi-b-cr_guided\django__django-12273\run_instance.log) for more information.
django__django-13033: >>>>> Patch Apply Failed:
patching file django/db/models/sql/compiler.py
Hunk #1 FAILED at 727.
1 out of 1 hunk FAILED -- saving rejects to file django/db/models/sql/compiler.py.rej

Check (logs\run_evaluation\vi_b_lf_rescore_cr_guided\commscm-vi-b-cr_guided\django__django-13033\run_instance.log) for more information.
django__django-15252: >>>>> Patch Apply Failed:
patching file django/db/migrations/recorder.py
patch: **** malformed patch at line 15:          with self.connection.schema_editor() as editor:


Check (logs\run_evaluation\vi_b_lf_rescore_cr_guided\commscm-vi-b-cr_guided\django__django-15252\run_instance.log) for more information.
django__django-15277: >>>>> Patch Apply Failed:
can't find file to patch at input line 3
Perhaps you used the wrong -p or --strip option?
The text leading up to this was:
--------------------------
|--- a/fix.py
|+++ b/fix.py
--------------------------
No file to patch.  Skipping patch.
1 out of 1 hunk ignored

Check (logs\run_evaluation\vi_b_lf_rescore_cr_guided\commscm-vi-b-cr_guided\django__django-15277\run_instance.log) for more information.
django__django-15851: >>>>> Patch Apply Failed:
patching file django/core/management/commands/dbshell.py
Hunk #1 FAILED at 50.
1 out of 1 hunk FAILED -- saving rejects to file django/core/management/commands/dbshell.py.rej

Check (logs\run_evaluation\vi_b_lf_rescore_cr_guided\commscm-vi-b-cr_guided\django__django-15851\run_instance.log) for more information.
matplotlib__matplotlib-22871: >>>>> Patch Apply Failed:
can't find file to patch at input line 3
Perhaps you used the wrong -p or --strip option?
The text leading up to this was:
--------------------------
|--- a/matplotlib/dates.py
|+++ b/matplotlib/dates.py
--------------------------
No file to patch.  Skipping patch.
1 out of 1 hunk ignored

Check (logs\run_evaluation\vi_b_lf_rescore_cr_guided\commscm-vi-b-cr_guided\matplotlib__matplotlib-22871\run_instance.log) for more information.
sympy__sympy-12096: >>>>> Patch Apply Failed:
patch: **** Only garbage was found in the patch input.

Check (logs\run_evaluation\vi_b_lf_rescore_cr_guided\commscm-vi-b-cr_guided\sympy__sympy-12096\run_instance.log) for more information.
All instances run.
Cleaning cached images...
Removed 0 images.
Total instances: 8
Instances submitted: 8
Instances completed: 0
Instances incomplete: 0
Instances resolved: 0
Instances unresolved: 0
Instances with empty patches: 0
Instances with errors: 8
Unstopped containers: 0
Unremoved images: 8
Report written to commscm-vi-b-cr_guided.vi_b_lf_rescore_cr_guided.json
  [cr_guided] harness rc=0 free_gb=40.4
  [reward_only] evaluating 8/8 (free_gb=40.4)
C:\Users\BEST BUY COMPUTERS\AppData\Local\Programs\Python\Python314\Lib\site-packages\langchain_core\_api\deprecation.py:25: UserWarning: Core Pydantic V1 functionality isn't compatible with Python 3.14 or greater.
  from pydantic.v1.fields import FieldInfo as FieldInfoV1
C:\Users\BEST BUY COMPUTERS\AppData\Local\Programs\Python\Python314\Lib\site-packages\requests\__init__.py:113: RequestsDependencyWarning: urllib3 (2.6.2) or chardet (7.4.3)/charset_normalizer (3.4.4) doesn't match a supported version!
  warnings.warn(
C:\Users\BEST BUY COMPUTERS\AppData\Local\Programs\Python\Python314\Lib\site-packages\modal\_utils\async_utils.py:42: DeprecationWarning: 'asyncio.WindowsSelectorEventLoopPolicy' is deprecated and slated for removal in Python 3.16
  asyncio.set_event_loop_policy(asyncio.WindowsSelectorEventLoopPolicy())
C:\Users\BEST BUY COMPUTERS\AppData\Local\Programs\Python\Python314\Lib\site-packages\modal\_utils\async_utils.py:42: DeprecationWarning: 'asyncio.set_event_loop_policy' is deprecated and slated for removal in Python 3.16
  asyncio.set_event_loop_policy(asyncio.WindowsSelectorEventLoopPolicy())
<frozen runpy>:128: RuntimeWarning: 'swebench.harness.run_evaluation' found in sys.modules after import of package 'swebench.harness', but prior to execution of 'swebench.harness.run_evaluation'; this may result in unpredictable behaviour
2026-08-06 00:13:15,006 - httpx - INFO - HTTP Request: HEAD https://huggingface.co/datasets/princeton-nlp/SWE-bench_Verified/resolve/main/README.md "HTTP/1.1 307 Temporary Redirect"
2026-08-06 00:13:15,319 - httpx - INFO - HTTP Request: HEAD https://huggingface.co/api/resolve-cache/datasets/princeton-nlp/SWE-bench_Verified/c104f840cc67f8b6eec6f759ebc8b2693d585d4a/README.md "HTTP/1.1 200 OK"
2026-08-06 00:13:15,581 - httpx - INFO - HTTP Request: HEAD https://huggingface.co/datasets/princeton-nlp/SWE-bench_Verified/resolve/c104f840cc67f8b6eec6f759ebc8b2693d585d4a/SWE-bench_Verified.py "HTTP/1.1 404 Not Found"
2026-08-06 00:13:16,341 - httpx - INFO - HTTP Request: HEAD https://s3.amazonaws.com/datasets.huggingface.co/datasets/datasets/princeton-nlp/SWE-bench_Verified/princeton-nlp/SWE-bench_Verified.py "HTTP/1.1 404 Not Found"
2026-08-06 00:13:16,608 - httpx - INFO - HTTP Request: GET https://huggingface.co/api/datasets/princeton-nlp/SWE-bench_Verified/revision/c104f840cc67f8b6eec6f759ebc8b2693d585d4a "HTTP/1.1 200 OK"
2026-08-06 00:13:16,879 - httpx - INFO - HTTP Request: HEAD https://huggingface.co/datasets/princeton-nlp/SWE-bench_Verified/resolve/c104f840cc67f8b6eec6f759ebc8b2693d585d4a/.huggingface.yaml "HTTP/1.1 404 Not Found"
2026-08-06 00:13:17,609 - httpx - INFO - HTTP Request: GET https://datasets-server.huggingface.co/info?dataset=princeton-nlp/SWE-bench_Verified "HTTP/1.1 200 OK"
2026-08-06 00:13:17,877 - httpx - INFO - HTTP Request: GET https://huggingface.co/api/datasets/princeton-nlp/SWE-bench_Verified/tree/c104f840cc67f8b6eec6f759ebc8b2693d585d4a/data?recursive=true&expand=false "HTTP/1.1 200 OK"
2026-08-06 00:13:18,141 - httpx - INFO - HTTP Request: GET https://huggingface.co/api/datasets/princeton-nlp/SWE-bench_Verified/tree/c104f840cc67f8b6eec6f759ebc8b2693d585d4a?recursive=false&expand=false "HTTP/1.1 200 OK"
2026-08-06 00:13:18,430 - httpx - INFO - HTTP Request: HEAD https://huggingface.co/datasets/princeton-nlp/SWE-bench_Verified/resolve/c104f840cc67f8b6eec6f759ebc8b2693d585d4a/dataset_infos.json "HTTP/1.1 404 Not Found"
2026-08-06 00:13:19,033 - httpx - INFO - HTTP Request: HEAD https://huggingface.co/datasets/princeton-nlp/SWE-bench_Verified/resolve/main/README.md "HTTP/1.1 307 Temporary Redirect"
2026-08-06 00:13:19,076 - httpx - INFO - HTTP Request: HEAD https://huggingface.co/api/resolve-cache/datasets/princeton-nlp/SWE-bench_Verified/c104f840cc67f8b6eec6f759ebc8b2693d585d4a/README.md "HTTP/1.1 200 OK"
2026-08-06 00:13:19,342 - httpx - INFO - HTTP Request: HEAD https://huggingface.co/datasets/princeton-nlp/SWE-bench_Verified/resolve/c104f840cc67f8b6eec6f759ebc8b2693d585d4a/SWE-bench_Verified.py "HTTP/1.1 404 Not Found"
2026-08-06 00:13:19,584 - httpx - INFO - HTTP Request: HEAD https://s3.amazonaws.com/datasets.huggingface.co/datasets/datasets/princeton-nlp/SWE-bench_Verified/princeton-nlp/SWE-bench_Verified.py "HTTP/1.1 404 Not Found"
2026-08-06 00:13:19,865 - httpx - INFO - HTTP Request: HEAD https://huggingface.co/datasets/princeton-nlp/SWE-bench_Verified/resolve/c104f840cc67f8b6eec6f759ebc8b2693d585d4a/.huggingface.yaml "HTTP/1.1 404 Not Found"
2026-08-06 00:13:20,547 - httpx - INFO - HTTP Request: GET https://datasets-server.huggingface.co/info?dataset=princeton-nlp/SWE-bench_Verified "HTTP/1.1 200 OK"
2026-08-06 00:13:20,837 - httpx - INFO - HTTP Request: HEAD https://huggingface.co/datasets/princeton-nlp/SWE-bench_Verified/resolve/c104f840cc67f8b6eec6f759ebc8b2693d585d4a/dataset_infos.json "HTTP/1.1 404 Not Found"
Found 8 existing instance images. Will reuse them.
Running 8 instances...

Evaluation:   0%|          | 0/8 [00:00<?, ?it/s, error=0, \u2713=0, \u2716=0]
Evaluation:   0%|          | 0/8 [00:17<?, ?it/s, \u2713=0, \u2716=0, error=1]
Evaluation:  12%|#2        | 1/8 [00:17<02:00, 17.27s/it, \u2713=0, \u2716=0, error=1]
Evaluation:  12%|#2        | 1/8 [00:17<02:00, 17.27s/it, \u2713=0, \u2716=0, error=2]
Evaluation:  25%|##5       | 2/8 [00:17<00:43,  7.19s/it, \u2713=0, \u2716=0, error=2]
Evaluation:  25%|##5       | 2/8 [00:34<00:43,  7.19s/it, \u2713=0, \u2716=0, error=3]
Evaluation:  38%|###7      | 3/8 [00:34<00:58, 11.75s/it, \u2713=0, \u2716=0, error=3]
Evaluation:  38%|###7      | 3/8 [00:34<00:58, 11.75s/it, \u2713=0, \u2716=0, error=4]
Evaluation:  50%|#####     | 4/8 [00:34<00:28,  7.19s/it, \u2713=0, \u2716=0, error=4]
Evaluation:  50%|#####     | 4/8 [00:52<00:28,  7.19s/it, \u2713=0, \u2716=0, error=5]
Evaluation:  62%|######2   | 5/8 [00:52<00:32, 10.81s/it, \u2713=0, \u2716=0, error=5]
Evaluation:  62%|######2   | 5/8 [00:52<00:32, 10.81s/it, \u2713=0, \u2716=0, error=6]
Evaluation:  75%|#######5  | 6/8 [00:52<00:14,  7.17s/it, \u2713=0, \u2716=0, error=6]
Evaluation:  75%|#######5  | 6/8 [01:09<00:14,  7.17s/it, \u2713=0, \u2716=0, error=7]
Evaluation:  88%|########7 | 7/8 [01:09<00:10, 10.49s/it, \u2713=0, \u2716=0, error=7]
Evaluation:  88%|########7 | 7/8 [01:09<00:10, 10.49s/it, \u2713=0, \u2716=0, error=8]
Evaluation: 100%|##########| 8/8 [01:09<00:00,  7.19s/it, \u2713=0, \u2716=0, error=8]
Evaluation: 100%|##########| 8/8 [01:09<00:00,  8.70s/it, \u2713=0, \u2716=0, error=8]
django__django-12273: >>>>> Patch Apply Failed:
can't find file to patch at input line 3
Perhaps you used the wrong -p or --strip option?
The text leading up to this was:
--------------------------
|--- a/models.py
|+++ b/models.py
--------------------------
No file to patch.  Skipping patch.
1 out of 1 hunk ignored

Check (logs\run_evaluation\vi_b_lf_rescore_reward_only\commscm-vi-b-reward_only\django__django-12273\run_instance.log) for more information.
django__django-10973: >>>>> Patch Apply Failed:
can't find file to patch at input line 3
Perhaps you used the wrong -p or --strip option?
The text leading up to this was:
--------------------------
|--- a/django/db/backends/postgres/client.py
|+++ b/django/db/backends/postgres/client.py
--------------------------
No file to patch.  Skipping patch.
patch: **** malformed patch at line 11: -        os.system('psql -h {} -U {} -d {}'.format(


Check (logs\run_evaluation\vi_b_lf_rescore_reward_only\commscm-vi-b-reward_only\django__django-10973\run_instance.log) for more information.
django__django-13033: >>>>> Patch Apply Failed:
patching file django/db/models/sql/compiler.py
Hunk #1 FAILED at 727.
1 out of 1 hunk FAILED -- saving rejects to file django/db/models/sql/compiler.py.rej

Check (logs\run_evaluation\vi_b_lf_rescore_reward_only\commscm-vi-b-reward_only\django__django-13033\run_instance.log) for more information.
django__django-15252: >>>>> Patch Apply Failed:
patching file django/db/migrations/recorder.py
patch: **** malformed patch at line 12:  


Check (logs\run_evaluation\vi_b_lf_rescore_reward_only\commscm-vi-b-reward_only\django__django-15252\run_instance.log) for more information.
django__django-15277: >>>>> Patch Apply Failed:
can't find file to patch at input line 3
Perhaps you used the wrong -p or --strip option?
The text leading up to this was:
--------------------------
|--- a/django/db/models/fields/char.py
|+++ b/django/db/models/fields/char.py
--------------------------
No file to patch.  Skipping patch.
patch: **** malformed patch at line 10: @@@ SYNTAX_ERROR: def solve(  # missing closing paren and body


Check (logs\run_evaluation\vi_b_lf_rescore_reward_only\commscm-vi-b-reward_only\django__django-15277\run_instance.log) for more information.
django__django-15851: >>>>> Patch Apply Failed:
patching file django/core/management/commands/dbshell.py
Hunk #1 FAILED at 45.
1 out of 1 hunk FAILED -- saving rejects to file django/core/management/commands/dbshell.py.rej

Check (logs\run_evaluation\vi_b_lf_rescore_reward_only\commscm-vi-b-reward_only\django__django-15851\run_instance.log) for more information.
matplotlib__matplotlib-22871: >>>>> Patch Apply Failed:
can't find file to patch at input line 3
Perhaps you used the wrong -p or --strip option?
The text leading up to this was:
--------------------------
|--- a/matplotlib/dates.py
|+++ b/matplotlib/dates.py
--------------------------
No file to patch.  Skipping patch.
1 out of 1 hunk ignored

Check (logs\run_evaluation\vi_b_lf_rescore_reward_only\commscm-vi-b-reward_only\matplotlib__matplotlib-22871\run_instance.log) for more information.
sympy__sympy-12096: >>>>> Patch Apply Failed:
patch: **** malformed patch at line 11: @@@ SYNTAX_ERROR: def solve(  # missing closing paren and body

patching file sympy/core/function.py

Check (logs\run_evaluation\vi_b_lf_rescore_reward_only\commscm-vi-b-reward_only\sympy__sympy-12096\run_instance.log) for more information.
All instances run.
Cleaning cached images...
Removed 0 images.
Total instances: 8
Instances submitted: 8
Instances completed: 0
Instances incomplete: 0
Instances resolved: 0
Instances unresolved: 0
Instances with empty patches: 0
Instances with errors: 8
Unstopped containers: 0
Unremoved images: 8
Report written to commscm-vi-b-reward_only.vi_b_lf_rescore_reward_only.json
  [reward_only] harness rc=0 free_gb=40.4
  [random] evaluating 8/8 (free_gb=40.4)
C:\Users\BEST BUY COMPUTERS\AppData\Local\Programs\Python\Python314\Lib\site-packages\langchain_core\_api\deprecation.py:25: UserWarning: Core Pydantic V1 functionality isn't compatible with Python 3.14 or greater.
  from pydantic.v1.fields import FieldInfo as FieldInfoV1
C:\Users\BEST BUY COMPUTERS\AppData\Local\Programs\Python\Python314\Lib\site-packages\requests\__init__.py:113: RequestsDependencyWarning: urllib3 (2.6.2) or chardet (7.4.3)/charset_normalizer (3.4.4) doesn't match a supported version!
  warnings.warn(
C:\Users\BEST BUY COMPUTERS\AppData\Local\Programs\Python\Python314\Lib\site-packages\modal\_utils\async_utils.py:42: DeprecationWarning: 'asyncio.WindowsSelectorEventLoopPolicy' is deprecated and slated for removal in Python 3.16
  asyncio.set_event_loop_policy(asyncio.WindowsSelectorEventLoopPolicy())
C:\Users\BEST BUY COMPUTERS\AppData\Local\Programs\Python\Python314\Lib\site-packages\modal\_utils\async_utils.py:42: DeprecationWarning: 'asyncio.set_event_loop_policy' is deprecated and slated for removal in Python 3.16
  asyncio.set_event_loop_policy(asyncio.WindowsSelectorEventLoopPolicy())
<frozen runpy>:128: RuntimeWarning: 'swebench.harness.run_evaluation' found in sys.modules after import of package 'swebench.harness', but prior to execution of 'swebench.harness.run_evaluation'; this may result in unpredictable behaviour
2026-08-06 00:14:44,750 - httpx - INFO - HTTP Request: HEAD https://huggingface.co/datasets/princeton-nlp/SWE-bench_Verified/resolve/main/README.md "HTTP/1.1 307 Temporary Redirect"
2026-08-06 00:14:44,806 - httpx - INFO - HTTP Request: HEAD https://huggingface.co/api/resolve-cache/datasets/princeton-nlp/SWE-bench_Verified/c104f840cc67f8b6eec6f759ebc8b2693d585d4a/README.md "HTTP/1.1 200 OK"
2026-08-06 00:14:45,081 - httpx - INFO - HTTP Request: HEAD https://huggingface.co/datasets/princeton-nlp/SWE-bench_Verified/resolve/c104f840cc67f8b6eec6f759ebc8b2693d585d4a/SWE-bench_Verified.py "HTTP/1.1 404 Not Found"
2026-08-06 00:14:45,874 - httpx - INFO - HTTP Request: HEAD https://s3.amazonaws.com/datasets.huggingface.co/datasets/datasets/princeton-nlp/SWE-bench_Verified/princeton-nlp/SWE-bench_Verified.py "HTTP/1.1 404 Not Found"
2026-08-06 00:14:46,157 - httpx - INFO - HTTP Request: GET https://huggingface.co/api/datasets/princeton-nlp/SWE-bench_Verified/revision/c104f840cc67f8b6eec6f759ebc8b2693d585d4a "HTTP/1.1 200 OK"
2026-08-06 00:14:46,425 - httpx - INFO - HTTP Request: HEAD https://huggingface.co/datasets/princeton-nlp/SWE-bench_Verified/resolve/c104f840cc67f8b6eec6f759ebc8b2693d585d4a/.huggingface.yaml "HTTP/1.1 404 Not Found"
2026-08-06 00:14:47,185 - httpx - INFO - HTTP Request: GET https://datasets-server.huggingface.co/info?dataset=princeton-nlp/SWE-bench_Verified "HTTP/1.1 200 OK"
2026-08-06 00:14:47,477 - httpx - INFO - HTTP Request: GET https://huggingface.co/api/datasets/princeton-nlp/SWE-bench_Verified/tree/c104f840cc67f8b6eec6f759ebc8b2693d585d4a/data?recursive=true&expand=false "HTTP/1.1 200 OK"
2026-08-06 00:14:47,744 - httpx - INFO - HTTP Request: GET https://huggingface.co/api/datasets/princeton-nlp/SWE-bench_Verified/tree/c104f840cc67f8b6eec6f759ebc8b2693d585d4a?recursive=false&expand=false "HTTP/1.1 200 OK"
2026-08-06 00:14:48,035 - httpx - INFO - HTTP Request: HEAD https://huggingface.co/datasets/princeton-nlp/SWE-bench_Verified/resolve/c104f840cc67f8b6eec6f759ebc8b2693d585d4a/dataset_infos.json "HTTP/1.1 404 Not Found"
2026-08-06 00:14:48,688 - httpx - INFO - HTTP Request: HEAD https://huggingface.co/datasets/princeton-nlp/SWE-bench_Verified/resolve/main/README.md "HTTP/1.1 307 Temporary Redirect"
2026-08-06 00:14:48,734 - httpx - INFO - HTTP Request: HEAD https://huggingface.co/api/resolve-cache/datasets/princeton-nlp/SWE-bench_Verified/c104f840cc67f8b6eec6f759ebc8b2693d585d4a/README.md "HTTP/1.1 200 OK"
2026-08-06 00:14:49,000 - httpx - INFO - HTTP Request: HEAD https://huggingface.co/datasets/princeton-nlp/SWE-bench_Verified/resolve/c104f840cc67f8b6eec6f759ebc8b2693d585d4a/SWE-bench_Verified.py "HTTP/1.1 404 Not Found"
2026-08-06 00:14:49,239 - httpx - INFO - HTTP Request: HEAD https://s3.amazonaws.com/datasets.huggingface.co/datasets/datasets/princeton-nlp/SWE-bench_Verified/princeton-nlp/SWE-bench_Verified.py "HTTP/1.1 404 Not Found"
2026-08-06 00:14:49,520 - httpx - INFO - HTTP Request: HEAD https://huggingface.co/datasets/princeton-nlp/SWE-bench_Verified/resolve/c104f840cc67f8b6eec6f759ebc8b2693d585d4a/.huggingface.yaml "HTTP/1.1 404 Not Found"
2026-08-06 00:14:49,899 - httpx - INFO - HTTP Request: GET https://datasets-server.huggingface.co/info?dataset=princeton-nlp/SWE-bench_Verified "HTTP/1.1 200 OK"
2026-08-06 00:14:50,192 - httpx - INFO - HTTP Request: HEAD https://huggingface.co/datasets/princeton-nlp/SWE-bench_Verified/resolve/c104f840cc67f8b6eec6f759ebc8b2693d585d4a/dataset_infos.json "HTTP/1.1 404 Not Found"
Found 8 existing instance images. Will reuse them.
Running 8 instances...

Evaluation:   0%|          | 0/8 [00:00<?, ?it/s, error=0, \u2713=0, \u2716=0]
Evaluation:   0%|          | 0/8 [00:17<?, ?it/s, \u2713=0, \u2716=0, error=1]
Evaluation:  12%|#2        | 1/8 [00:17<02:01, 17.29s/it, \u2713=0, \u2716=0, error=1]
Evaluation:  12%|#2        | 1/8 [00:17<02:01, 17.29s/it, \u2713=0, \u2716=0, error=2]
Evaluation:  25%|##5       | 2/8 [00:17<00:43,  7.19s/it, \u2713=0, \u2716=0, error=2]
Evaluation:  25%|##5       | 2/8 [00:34<00:43,  7.19s/it, \u2713=0, \u2716=0, error=3]
Evaluation:  38%|###7      | 3/8 [00:34<00:58, 11.71s/it, \u2713=0, \u2716=0, error=3]
Evaluation:  38%|###7      | 3/8 [00:34<00:58, 11.71s/it, \u2713=0, \u2716=0, error=4]
Evaluation:  50%|#####     | 4/8 [00:34<00:28,  7.15s/it, \u2713=0, \u2716=0, error=4]
Evaluation:  50%|#####     | 4/8 [00:51<00:28,  7.15s/it, \u2713=0, \u2716=0, error=5]
Evaluation:  62%|######2   | 5/8 [00:51<00:32, 10.72s/it, \u2713=0, \u2716=0, error=5]
Evaluation:  62%|######2   | 5/8 [00:51<00:32, 10.72s/it, \u2713=0, \u2716=0, error=6]
Evaluation:  75%|#######5  | 6/8 [00:51<00:14,  7.13s/it, \u2713=0, \u2716=0, error=6]
Evaluation:  75%|#######5  | 6/8 [01:08<00:14,  7.13s/it, \u2713=0, \u2716=0, error=7]
Evaluation:  88%|########7 | 7/8 [01:08<00:10, 10.33s/it, \u2713=0, \u2716=0, error=7]
Evaluation:  88%|########7 | 7/8 [01:09<00:10, 10.33s/it, \u2713=0, \u2716=0, error=8]
Evaluation: 100%|##########| 8/8 [01:09<00:00,  7.11s/it, \u2713=0, \u2716=0, error=8]
Evaluation: 100%|##########| 8/8 [01:09<00:00,  8.63s/it, \u2713=0, \u2716=0, error=8]
django__django-10973: >>>>> Patch Apply Failed:
can't find file to patch at input line 3
Perhaps you used the wrong -p or --strip option?
The text leading up to this was:
--------------------------
|--- a/django/db/backends/postgres/client.py
|+++ b/django/db/backends/postgres/client.py
--------------------------
No file to patch.  Skipping patch.
1 out of 1 hunk ignored

Check (logs\run_evaluation\vi_b_lf_rescore_random\commscm-vi-b-random\django__django-10973\run_instance.log) for more information.
django__django-12273: >>>>> Patch Apply Failed:
can't find file to patch at input line 3
Perhaps you used the wrong -p or --strip option?
The text leading up to this was:
--------------------------
|--- a/models.py
|+++ b/models.py
--------------------------
No file to patch.  Skipping patch.
1 out of 1 hunk ignored

Check (logs\run_evaluation\vi_b_lf_rescore_random\commscm-vi-b-random\django__django-12273\run_instance.log) for more information.
django__django-13033: >>>>> Patch Apply Failed:
patching file django/db/models/sql/compiler.py
Hunk #1 FAILED at 727.
1 out of 1 hunk FAILED -- saving rejects to file django/db/models/sql/compiler.py.rej

Check (logs\run_evaluation\vi_b_lf_rescore_random\commscm-vi-b-random\django__django-13033\run_instance.log) for more information.
django__django-15252: >>>>> Patch Apply Failed:
patching file django/db/migrations/recorder.py
Hunk #1 FAILED at 63.
1 out of 1 hunk FAILED -- saving rejects to file django/db/migrations/recorder.py.rej

Check (logs\run_evaluation\vi_b_lf_rescore_random\commscm-vi-b-random\django__django-15252\run_instance.log) for more information.
django__django-15277: >>>>> Patch Apply Failed:
patch: **** Only garbage was found in the patch input.

Check (logs\run_evaluation\vi_b_lf_rescore_random\commscm-vi-b-random\django__django-15277\run_instance.log) for more information.
django__django-15851: >>>>> Patch Apply Failed:
patching file django/core/management/commands/dbshell.py
Hunk #1 FAILED at 45.
1 out of 1 hunk FAILED -- saving rejects to file django/core/management/commands/dbshell.py.rej

Check (logs\run_evaluation\vi_b_lf_rescore_random\commscm-vi-b-random\django__django-15851\run_instance.log) for more information.
matplotlib__matplotlib-22871: >>>>> Patch Apply Failed:
patch: **** Only garbage was found in the patch input.

Check (logs\run_evaluation\vi_b_lf_rescore_random\commscm-vi-b-random\matplotlib__matplotlib-22871\run_instance.log) for more information.
sympy__sympy-12096: >>>>> Patch Apply Failed:
patch: **** malformed patch at line 11: @@@ SYNTAX_ERROR: def solve(  # missing closing paren and body

patching file sympy/core/function.py

Check (logs\run_evaluation\vi_b_lf_rescore_random\commscm-vi-b-random\sympy__sympy-12096\run_instance.log) for more information.
All instances run.
Cleaning cached images...
Removed 0 images.
Total instances: 8
Instances submitted: 8
Instances completed: 0
Instances incomplete: 0
Instances resolved: 0
Instances unresolved: 0
Instances with empty patches: 0
Instances with errors: 8
Unstopped containers: 0
Unremoved images: 8
Report written to commscm-vi-b-random.vi_b_lf_rescore_random.json
  [random] harness rc=0 free_gb=40.4
  [static_heuristic] evaluating 8/8 (free_gb=40.4)
C:\Users\BEST BUY COMPUTERS\AppData\Local\Programs\Python\Python314\Lib\site-packages\langchain_core\_api\deprecation.py:25: UserWarning: Core Pydantic V1 functionality isn't compatible with Python 3.14 or greater.
  from pydantic.v1.fields import FieldInfo as FieldInfoV1
C:\Users\BEST BUY COMPUTERS\AppData\Local\Programs\Python\Python314\Lib\site-packages\requests\__init__.py:113: RequestsDependencyWarning: urllib3 (2.6.2) or chardet (7.4.3)/charset_normalizer (3.4.4) doesn't match a supported version!
  warnings.warn(
C:\Users\BEST BUY COMPUTERS\AppData\Local\Programs\Python\Python314\Lib\site-packages\modal\_utils\async_utils.py:42: DeprecationWarning: 'asyncio.WindowsSelectorEventLoopPolicy' is deprecated and slated for removal in Python 3.16
  asyncio.set_event_loop_policy(asyncio.WindowsSelectorEventLoopPolicy())
C:\Users\BEST BUY COMPUTERS\AppData\Local\Programs\Python\Python314\Lib\site-packages\modal\_utils\async_utils.py:42: DeprecationWarning: 'asyncio.set_event_loop_policy' is deprecated and slated for removal in Python 3.16
  asyncio.set_event_loop_policy(asyncio.WindowsSelectorEventLoopPolicy())
<frozen runpy>:128: RuntimeWarning: 'swebench.harness.run_evaluation' found in sys.modules after import of package 'swebench.harness', but prior to execution of 'swebench.harness.run_evaluation'; this may result in unpredictable behaviour
2026-08-06 00:16:12,701 - httpx - INFO - HTTP Request: HEAD https://huggingface.co/datasets/princeton-nlp/SWE-bench_Verified/resolve/main/README.md "HTTP/1.1 307 Temporary Redirect"
2026-08-06 00:16:12,745 - httpx - INFO - HTTP Request: HEAD https://huggingface.co/api/resolve-cache/datasets/princeton-nlp/SWE-bench_Verified/c104f840cc67f8b6eec6f759ebc8b2693d585d4a/README.md "HTTP/1.1 200 OK"
2026-08-06 00:16:13,025 - httpx - INFO - HTTP Request: HEAD https://huggingface.co/datasets/princeton-nlp/SWE-bench_Verified/resolve/c104f840cc67f8b6eec6f759ebc8b2693d585d4a/SWE-bench_Verified.py "HTTP/1.1 404 Not Found"
2026-08-06 00:16:13,798 - httpx - INFO - HTTP Request: HEAD https://s3.amazonaws.com/datasets.huggingface.co/datasets/datasets/princeton-nlp/SWE-bench_Verified/princeton-nlp/SWE-bench_Verified.py "HTTP/1.1 404 Not Found"
2026-08-06 00:16:14,070 - httpx - INFO - HTTP Request: GET https://huggingface.co/api/datasets/princeton-nlp/SWE-bench_Verified/revision/c104f840cc67f8b6eec6f759ebc8b2693d585d4a "HTTP/1.1 200 OK"
2026-08-06 00:16:14,354 - httpx - INFO - HTTP Request: HEAD https://huggingface.co/datasets/princeton-nlp/SWE-bench_Verified/resolve/c104f840cc67f8b6eec6f759ebc8b2693d585d4a/.huggingface.yaml "HTTP/1.1 404 Not Found"
2026-08-06 00:16:15,083 - httpx - INFO - HTTP Request: GET https://datasets-server.huggingface.co/info?dataset=princeton-nlp/SWE-bench_Verified "HTTP/1.1 200 OK"
2026-08-06 00:16:15,351 - httpx - INFO - HTTP Request: GET https://huggingface.co/api/datasets/princeton-nlp/SWE-bench_Verified/tree/c104f840cc67f8b6eec6f759ebc8b2693d585d4a/data?recursive=true&expand=false "HTTP/1.1 200 OK"
2026-08-06 00:16:15,614 - httpx - INFO - HTTP Request: GET https://huggingface.co/api/datasets/princeton-nlp/SWE-bench_Verified/tree/c104f840cc67f8b6eec6f759ebc8b2693d585d4a?recursive=false&expand=false "HTTP/1.1 200 OK"
2026-08-06 00:16:15,908 - httpx - INFO - HTTP Request: HEAD https://huggingface.co/datasets/princeton-nlp/SWE-bench_Verified/resolve/c104f840cc67f8b6eec6f759ebc8b2693d585d4a/dataset_infos.json "HTTP/1.1 404 Not Found"
2026-08-06 00:16:16,500 - httpx - INFO - HTTP Request: HEAD https://huggingface.co/datasets/princeton-nlp/SWE-bench_Verified/resolve/main/README.md "HTTP/1.1 307 Temporary Redirect"
2026-08-06 00:16:16,554 - httpx - INFO - HTTP Request: HEAD https://huggingface.co/api/resolve-cache/datasets/princeton-nlp/SWE-bench_Verified/c104f840cc67f8b6eec6f759ebc8b2693d585d4a/README.md "HTTP/1.1 200 OK"
2026-08-06 00:16:16,816 - httpx - INFO - HTTP Request: HEAD https://huggingface.co/datasets/princeton-nlp/SWE-bench_Verified/resolve/c104f840cc67f8b6eec6f759ebc8b2693d585d4a/SWE-bench_Verified.py "HTTP/1.1 404 Not Found"
2026-08-06 00:16:17,060 - httpx - INFO - HTTP Request: HEAD https://s3.amazonaws.com/datasets.huggingface.co/datasets/datasets/princeton-nlp/SWE-bench_Verified/princeton-nlp/SWE-bench_Verified.py "HTTP/1.1 404 Not Found"
2026-08-06 00:16:17,334 - httpx - INFO - HTTP Request: HEAD https://huggingface.co/datasets/princeton-nlp/SWE-bench_Verified/resolve/c104f840cc67f8b6eec6f759ebc8b2693d585d4a/.huggingface.yaml "HTTP/1.1 404 Not Found"
2026-08-06 00:16:17,699 - httpx - INFO - HTTP Request: GET https://datasets-server.huggingface.co/info?dataset=princeton-nlp/SWE-bench_Verified "HTTP/1.1 200 OK"
2026-08-06 00:16:17,972 - httpx - INFO - HTTP Request: HEAD https://huggingface.co/datasets/princeton-nlp/SWE-bench_Verified/resolve/c104f840cc67f8b6eec6f759ebc8b2693d585d4a/dataset_infos.json "HTTP/1.1 404 Not Found"
Found 8 existing instance images. Will reuse them.
Running 8 instances...

Evaluation:   0%|          | 0/8 [00:00<?, ?it/s, error=0, \u2713=0, \u2716=0]
Evaluation:   0%|          | 0/8 [00:17<?, ?it/s, \u2713=0, \u2716=0, error=1]
Evaluation:  12%|#2        | 1/8 [00:17<02:03, 17.61s/it, \u2713=0, \u2716=0, error=1]
Evaluation:  12%|#2        | 1/8 [00:17<02:03, 17.61s/it, \u2713=0, \u2716=0, error=2]
Evaluation:  25%|##5       | 2/8 [00:17<00:43,  7.32s/it, \u2713=0, \u2716=0, error=2]
Evaluation:  25%|##5       | 2/8 [00:35<00:43,  7.32s/it, \u2713=0, \u2716=0, error=3]
Evaluation:  38%|###7      | 3/8 [00:35<00:59, 11.87s/it, \u2713=0, \u2716=0, error=3]
Evaluation:  38%|###7      | 3/8 [00:35<00:59, 11.87s/it, \u2713=0, \u2716=0, error=4]
Evaluation:  50%|#####     | 4/8 [00:35<00:28,  7.24s/it, \u2713=0, \u2716=0, error=4]
Evaluation:  50%|#####     | 4/8 [00:52<00:28,  7.24s/it, \u2713=0, \u2716=0, error=5]
Evaluation:  62%|######2   | 5/8 [00:52<00:32, 10.81s/it, \u2713=0, \u2716=0, error=5]
Evaluation:  62%|######2   | 5/8 [00:52<00:32, 10.81s/it, \u2713=0, \u2716=0, error=6]
Evaluation:  75%|#######5  | 6/8 [00:52<00:14,  7.22s/it, \u2713=0, \u2716=0, error=6]
Evaluation:  75%|#######5  | 6/8 [01:09<00:14,  7.22s/it, \u2713=0, \u2716=0, error=7]
Evaluation:  88%|########7 | 7/8 [01:09<00:10, 10.33s/it, \u2713=0, \u2716=0, error=7]
Evaluation:  88%|########7 | 7/8 [01:21<00:10, 10.33s/it, \u2713=0, \u2716=1, error=7]
Evaluation: 100%|##########| 8/8 [01:21<00:00, 10.80s/it, \u2713=0, \u2716=1, error=7]
Evaluation: 100%|##########| 8/8 [01:21<00:00, 10.14s/it, \u2713=0, \u2716=1, error=7]
django__django-12273: >>>>> Patch Apply Failed:
can't find file to patch at input line 3
Perhaps you used the wrong -p or --strip option?
The text leading up to this was:
--------------------------
|--- a/original.py
|+++ b/fixed.py
--------------------------
No file to patch.  Skipping patch.
1 out of 1 hunk ignored

Check (logs\run_evaluation\vi_b_lf_rescore_static_heuristic\commscm-vi-b-static_heuristic\django__django-12273\run_instance.log) for more information.
django__django-10973: >>>>> Patch Apply Failed:
can't find file to patch at input line 3
Perhaps you used the wrong -p or --strip option?
The text leading up to this was:
--------------------------
|--- a/django/db/backends/postgres/client.py
|+++ b/django/db/backends/postgres/client.py
--------------------------
No file to patch.  Skipping patch.
1 out of 1 hunk ignored

Check (logs\run_evaluation\vi_b_lf_rescore_static_heuristic\commscm-vi-b-static_heuristic\django__django-10973\run_instance.log) for more information.
django__django-13033: >>>>> Patch Apply Failed:
patching file django/db/models/sql/compiler.py
Hunk #1 FAILED at 727.
1 out of 1 hunk FAILED -- saving rejects to file django/db/models/sql/compiler.py.rej

Check (logs\run_evaluation\vi_b_lf_rescore_static_heuristic\commscm-vi-b-static_heuristic\django__django-13033\run_instance.log) for more information.
django__django-15252: >>>>> Patch Apply Failed:
patching file django/db/migrations/recorder.py
patch: **** malformed patch at line 15:          with self.connection.schema_editor() as editor:


Check (logs\run_evaluation\vi_b_lf_rescore_static_heuristic\commscm-vi-b-static_heuristic\django__django-15252\run_instance.log) for more information.
django__django-15277: >>>>> Patch Apply Failed:
patch: **** malformed patch at line 11:  

patching file django/db/models/fields/__init__.py

Check (logs\run_evaluation\vi_b_lf_rescore_static_heuristic\commscm-vi-b-static_heuristic\django__django-15277\run_instance.log) for more information.
django__django-15851: >>>>> Patch Apply Failed:
patching file django/core/management/commands/dbshell.py
Hunk #1 FAILED at 50.
1 out of 1 hunk FAILED -- saving rejects to file django/core/management/commands/dbshell.py.rej

Check (logs\run_evaluation\vi_b_lf_rescore_static_heuristic\commscm-vi-b-static_heuristic\django__django-15851\run_instance.log) for more information.
matplotlib__matplotlib-22871: >>>>> Patch Apply Failed:
can't find file to patch at input line 3
Perhaps you used the wrong -p or --strip option?
The text leading up to this was:
--------------------------
|--- a/matplotlib/dates.py
|+++ b/matplotlib/dates.py
--------------------------
No file to patch.  Skipping patch.
1 out of 1 hunk ignored

Check (logs\run_evaluation\vi_b_lf_rescore_static_heuristic\commscm-vi-b-static_heuristic\matplotlib__matplotlib-22871\run_instance.log) for more information.
All instances run.
Cleaning cached images...
Removed 0 images.
Total instances: 8
Instances submitted: 8
Instances completed: 1
Instances incomplete: 0
Instances resolved: 0
Instances unresolved: 1
Instances with empty patches: 0
Instances with errors: 7
Unstopped containers: 0
Unremoved images: 8
Report written to commscm-vi-b-static_heuristic.vi_b_lf_rescore_static_heuristic.json
  [static_heuristic] harness rc=0 free_gb=40.4
[disk] before prune free_gb=40.4
[disk] removed 8 sweb.eval images; free_gb=40.4
BATCH 12 done; gold_partial={'resolve_at_1_mean': 0.8854166666666666, 'counts': {'resolved': 85, 'unresolved': 2, 'error': 9, 'missing': 4, 'scored': 96}}

=== BATCH 13/13 ids=django__django-13128..django__django-14434 (4) ===
[prepull] pulling swebench/sweb.eval.x86_64.django_1776_django-13128:latest (free_gb=40.4)...
[prepull] ok swebench/sweb.eval.x86_64.django_1776_django-13128:latest in 1356.8s
[prepull] pulling swebench/sweb.eval.x86_64.sphinx-doc_1776_sphinx-9591:latest (free_gb=40.5)...
[prepull] ok swebench/sweb.eval.x86_64.sphinx-doc_1776_sphinx-9591:latest in 466.3s
[prepull] pulling swebench/sweb.eval.x86_64.sphinx-doc_1776_sphinx-7757:latest (free_gb=40.6)...
[prepull] ok swebench/sweb.eval.x86_64.sphinx-doc_1776_sphinx-7757:latest in 462.2s
[prepull] pulling swebench/sweb.eval.x86_64.django_1776_django-14434:latest (free_gb=40.6)...
[prepull] ok swebench/sweb.eval.x86_64.django_1776_django-14434:latest in 589.5s
  [oracle_gold] evaluating 4/4 (free_gb=40.6)
C:\Users\BEST BUY COMPUTERS\AppData\Local\Programs\Python\Python314\Lib\site-packages\langchain_core\_api\deprecation.py:25: UserWarning: Core Pydantic V1 functionality isn't compatible with Python 3.14 or greater.
  from pydantic.v1.fields import FieldInfo as FieldInfoV1
C:\Users\BEST BUY COMPUTERS\AppData\Local\Programs\Python\Python314\Lib\site-packages\requests\__init__.py:113: RequestsDependencyWarning: urllib3 (2.6.2) or chardet (7.4.3)/charset_normalizer (3.4.4) doesn't match a supported version!
  warnings.warn(
C:\Users\BEST BUY COMPUTERS\AppData\Local\Programs\Python\Python314\Lib\site-packages\modal\_utils\async_utils.py:42: DeprecationWarning: 'asyncio.WindowsSelectorEventLoopPolicy' is deprecated and slated for removal in Python 3.16
  asyncio.set_event_loop_policy(asyncio.WindowsSelectorEventLoopPolicy())
C:\Users\BEST BUY COMPUTERS\AppData\Local\Programs\Python\Python314\Lib\site-packages\modal\_utils\async_utils.py:42: DeprecationWarning: 'asyncio.set_event_loop_policy' is deprecated and slated for removal in Python 3.16
  asyncio.set_event_loop_policy(asyncio.WindowsSelectorEventLoopPolicy())
<frozen runpy>:128: RuntimeWarning: 'swebench.harness.run_evaluation' found in sys.modules after import of package 'swebench.harness', but prior to execution of 'swebench.harness.run_evaluation'; this may result in unpredictable behaviour
2026-08-06 01:06:25,170 - httpx - INFO - HTTP Request: HEAD https://huggingface.co/datasets/princeton-nlp/SWE-bench_Verified/resolve/main/README.md "HTTP/1.1 307 Temporary Redirect"
2026-08-06 01:06:25,236 - httpx - INFO - HTTP Request: HEAD https://huggingface.co/api/resolve-cache/datasets/princeton-nlp/SWE-bench_Verified/c104f840cc67f8b6eec6f759ebc8b2693d585d4a/README.md "HTTP/1.1 200 OK"
2026-08-06 01:06:25,539 - httpx - INFO - HTTP Request: HEAD https://huggingface.co/datasets/princeton-nlp/SWE-bench_Verified/resolve/c104f840cc67f8b6eec6f759ebc8b2693d585d4a/SWE-bench_Verified.py "HTTP/1.1 404 Not Found"
2026-08-06 01:06:26,325 - httpx - INFO - HTTP Request: HEAD https://s3.amazonaws.com/datasets.huggingface.co/datasets/datasets/princeton-nlp/SWE-bench_Verified/princeton-nlp/SWE-bench_Verified.py "HTTP/1.1 404 Not Found"
2026-08-06 01:06:26,665 - httpx - INFO - HTTP Request: GET https://huggingface.co/api/datasets/princeton-nlp/SWE-bench_Verified/revision/c104f840cc67f8b6eec6f759ebc8b2693d585d4a "HTTP/1.1 200 OK"
2026-08-06 01:06:27,062 - httpx - INFO - HTTP Request: HEAD https://huggingface.co/datasets/princeton-nlp/SWE-bench_Verified/resolve/c104f840cc67f8b6eec6f759ebc8b2693d585d4a/.huggingface.yaml "HTTP/1.1 404 Not Found"
2026-08-06 01:06:27,646 - httpx - INFO - HTTP Request: GET https://datasets-server.huggingface.co/info?dataset=princeton-nlp/SWE-bench_Verified "HTTP/1.1 200 OK"
2026-08-06 01:06:28,111 - httpx - INFO - HTTP Request: GET https://huggingface.co/api/datasets/princeton-nlp/SWE-bench_Verified/tree/c104f840cc67f8b6eec6f759ebc8b2693d585d4a/data?recursive=true&expand=false "HTTP/1.1 200 OK"
2026-08-06 01:06:28,512 - httpx - INFO - HTTP Request: GET https://huggingface.co/api/datasets/princeton-nlp/SWE-bench_Verified/tree/c104f840cc67f8b6eec6f759ebc8b2693d585d4a?recursive=false&expand=false "HTTP/1.1 200 OK"
2026-08-06 01:06:28,884 - httpx - INFO - HTTP Request: HEAD https://huggingface.co/datasets/princeton-nlp/SWE-bench_Verified/resolve/c104f840cc67f8b6eec6f759ebc8b2693d585d4a/dataset_infos.json "HTTP/1.1 404 Not Found"
2026-08-06 01:06:30,671 - httpx - INFO - HTTP Request: HEAD https://huggingface.co/datasets/princeton-nlp/SWE-bench_Verified/resolve/main/README.md "HTTP/1.1 307 Temporary Redirect"
2026-08-06 01:06:30,781 - httpx - INFO - HTTP Request: HEAD https://huggingface.co/api/resolve-cache/datasets/princeton-nlp/SWE-bench_Verified/c104f840cc67f8b6eec6f759ebc8b2693d585d4a/README.md "HTTP/1.1 200 OK"
2026-08-06 01:06:31,138 - httpx - INFO - HTTP Request: HEAD https://huggingface.co/datasets/princeton-nlp/SWE-bench_Verified/resolve/c104f840cc67f8b6eec6f759ebc8b2693d585d4a/SWE-bench_Verified.py "HTTP/1.1 404 Not Found"
2026-08-06 01:06:31,374 - httpx - INFO - HTTP Request: HEAD https://s3.amazonaws.com/datasets.huggingface.co/datasets/datasets/princeton-nlp/SWE-bench_Verified/princeton-nlp/SWE-bench_Verified.py "HTTP/1.1 404 Not Found"
2026-08-06 01:06:31,702 - httpx - INFO - HTTP Request: HEAD https://huggingface.co/datasets/princeton-nlp/SWE-bench_Verified/resolve/c104f840cc67f8b6eec6f759ebc8b2693d585d4a/.huggingface.yaml "HTTP/1.1 404 Not Found"
2026-08-06 01:06:32,007 - httpx - INFO - HTTP Request: GET https://datasets-server.huggingface.co/info?dataset=princeton-nlp/SWE-bench_Verified "HTTP/1.1 200 OK"
2026-08-06 01:06:32,328 - httpx - INFO - HTTP Request: HEAD https://huggingface.co/datasets/princeton-nlp/SWE-bench_Verified/resolve/c104f840cc67f8b6eec6f759ebc8b2693d585d4a/dataset_infos.json "HTTP/1.1 404 Not Found"
Found 4 existing instance images. Will reuse them.
Running 4 instances...

Evaluation:   0%|          | 0/4 [00:00<?, ?it/s, error=0, \u2713=0, \u2716=0]
Evaluation:   0%|          | 0/4 [00:44<?, ?it/s, \u2713=1, \u2716=0, error=0]
Evaluation:  25%|##5       | 1/4 [00:44<02:14, 44.99s/it, \u2713=1, \u2716=0, error=0]
Evaluation:  25%|##5       | 1/4 [00:51<02:14, 44.99s/it, \u2713=2, \u2716=0, error=0]
Evaluation:  50%|#####     | 2/4 [00:51<00:45, 22.57s/it, \u2713=2, \u2716=0, error=0]
Evaluation:  50%|#####     | 2/4 [01:23<00:45, 22.57s/it, \u2713=3, \u2716=0, error=0]
Evaluation:  75%|#######5  | 3/4 [01:23<00:26, 26.49s/it, \u2713=3, \u2716=0, error=0]
Evaluation:  75%|#######5  | 3/4 [01:37<00:26, 26.49s/it, \u2713=4, \u2716=0, error=0]
Evaluation: 100%|##########| 4/4 [01:37<00:00, 21.93s/it, \u2713=4, \u2716=0, error=0]
Evaluation: 100%|##########| 4/4 [01:37<00:00, 24.49s/it, \u2713=4, \u2716=0, error=0]
All instances run.
Cleaning cached images...
Removed 0 images.
Total instances: 4
Instances submitted: 4
Instances completed: 4
Instances incomplete: 0
Instances resolved: 4
Instances unresolved: 0
Instances with empty patches: 0
Instances with errors: 0
Unstopped containers: 0
Unremoved images: 4
Report written to commscm-oracle-gold.oracle_gold_full_n100_lf.json
  [oracle_gold] harness rc=0 free_gb=40.6
  [cr_guided] evaluating 4/4 (free_gb=40.6)
C:\Users\BEST BUY COMPUTERS\AppData\Local\Programs\Python\Python314\Lib\site-packages\langchain_core\_api\deprecation.py:25: UserWarning: Core Pydantic V1 functionality isn't compatible with Python 3.14 or greater.
  from pydantic.v1.fields import FieldInfo as FieldInfoV1
C:\Users\BEST BUY COMPUTERS\AppData\Local\Programs\Python\Python314\Lib\site-packages\requests\__init__.py:113: RequestsDependencyWarning: urllib3 (2.6.2) or chardet (7.4.3)/charset_normalizer (3.4.4) doesn't match a supported version!
  warnings.warn(
C:\Users\BEST BUY COMPUTERS\AppData\Local\Programs\Python\Python314\Lib\site-packages\modal\_utils\async_utils.py:42: DeprecationWarning: 'asyncio.WindowsSelectorEventLoopPolicy' is deprecated and slated for removal in Python 3.16
  asyncio.set_event_loop_policy(asyncio.WindowsSelectorEventLoopPolicy())
C:\Users\BEST BUY COMPUTERS\AppData\Local\Programs\Python\Python314\Lib\site-packages\modal\_utils\async_utils.py:42: DeprecationWarning: 'asyncio.set_event_loop_policy' is deprecated and slated for removal in Python 3.16
  asyncio.set_event_loop_policy(asyncio.WindowsSelectorEventLoopPolicy())
<frozen runpy>:128: RuntimeWarning: 'swebench.harness.run_evaluation' found in sys.modules after import of package 'swebench.harness', but prior to execution of 'swebench.harness.run_evaluation'; this may result in unpredictable behaviour
2026-08-06 01:08:39,092 - httpx - INFO - HTTP Request: HEAD https://huggingface.co/datasets/princeton-nlp/SWE-bench_Verified/resolve/main/README.md "HTTP/1.1 307 Temporary Redirect"
2026-08-06 01:08:39,157 - httpx - INFO - HTTP Request: HEAD https://huggingface.co/api/resolve-cache/datasets/princeton-nlp/SWE-bench_Verified/c104f840cc67f8b6eec6f759ebc8b2693d585d4a/README.md "HTTP/1.1 200 OK"
2026-08-06 01:08:39,485 - httpx - INFO - HTTP Request: HEAD https://huggingface.co/datasets/princeton-nlp/SWE-bench_Verified/resolve/c104f840cc67f8b6eec6f759ebc8b2693d585d4a/SWE-bench_Verified.py "HTTP/1.1 404 Not Found"
2026-08-06 01:08:40,399 - httpx - INFO - HTTP Request: HEAD https://s3.amazonaws.com/datasets.huggingface.co/datasets/datasets/princeton-nlp/SWE-bench_Verified/princeton-nlp/SWE-bench_Verified.py "HTTP/1.1 404 Not Found"
2026-08-06 01:08:40,733 - httpx - INFO - HTTP Request: GET https://huggingface.co/api/datasets/princeton-nlp/SWE-bench_Verified/revision/c104f840cc67f8b6eec6f759ebc8b2693d585d4a "HTTP/1.1 200 OK"
2026-08-06 01:08:41,133 - httpx - INFO - HTTP Request: HEAD https://huggingface.co/datasets/princeton-nlp/SWE-bench_Verified/resolve/c104f840cc67f8b6eec6f759ebc8b2693d585d4a/.huggingface.yaml "HTTP/1.1 404 Not Found"
2026-08-06 01:08:41,631 - httpx - INFO - HTTP Request: GET https://datasets-server.huggingface.co/info?dataset=princeton-nlp/SWE-bench_Verified "HTTP/1.1 200 OK"
2026-08-06 01:08:42,039 - httpx - INFO - HTTP Request: GET https://huggingface.co/api/datasets/princeton-nlp/SWE-bench_Verified/tree/c104f840cc67f8b6eec6f759ebc8b2693d585d4a/data?recursive=true&expand=false "HTTP/1.1 200 OK"
2026-08-06 01:08:42,381 - httpx - INFO - HTTP Request: GET https://huggingface.co/api/datasets/princeton-nlp/SWE-bench_Verified/tree/c104f840cc67f8b6eec6f759ebc8b2693d585d4a?recursive=false&expand=false "HTTP/1.1 200 OK"
2026-08-06 01:08:42,757 - httpx - INFO - HTTP Request: HEAD https://huggingface.co/datasets/princeton-nlp/SWE-bench_Verified/resolve/c104f840cc67f8b6eec6f759ebc8b2693d585d4a/dataset_infos.json "HTTP/1.1 404 Not Found"
2026-08-06 01:08:44,633 - httpx - INFO - HTTP Request: HEAD https://huggingface.co/datasets/princeton-nlp/SWE-bench_Verified/resolve/main/README.md "HTTP/1.1 307 Temporary Redirect"
2026-08-06 01:08:44,702 - httpx - INFO - HTTP Request: HEAD https://huggingface.co/api/resolve-cache/datasets/princeton-nlp/SWE-bench_Verified/c104f840cc67f8b6eec6f759ebc8b2693d585d4a/README.md "HTTP/1.1 200 OK"
2026-08-06 01:08:45,011 - httpx - INFO - HTTP Request: HEAD https://huggingface.co/datasets/princeton-nlp/SWE-bench_Verified/resolve/c104f840cc67f8b6eec6f759ebc8b2693d585d4a/SWE-bench_Verified.py "HTTP/1.1 404 Not Found"
2026-08-06 01:08:45,280 - httpx - INFO - HTTP Request: HEAD https://s3.amazonaws.com/datasets.huggingface.co/datasets/datasets/princeton-nlp/SWE-bench_Verified/princeton-nlp/SWE-bench_Verified.py "HTTP/1.1 404 Not Found"
2026-08-06 01:08:45,623 - httpx - INFO - HTTP Request: HEAD https://huggingface.co/datasets/princeton-nlp/SWE-bench_Verified/resolve/c104f840cc67f8b6eec6f759ebc8b2693d585d4a/.huggingface.yaml "HTTP/1.1 404 Not Found"
2026-08-06 01:08:45,938 - httpx - INFO - HTTP Request: GET https://datasets-server.huggingface.co/info?dataset=princeton-nlp/SWE-bench_Verified "HTTP/1.1 200 OK"
2026-08-06 01:08:46,613 - httpx - INFO - HTTP Request: HEAD https://huggingface.co/datasets/princeton-nlp/SWE-bench_Verified/resolve/c104f840cc67f8b6eec6f759ebc8b2693d585d4a/dataset_infos.json "HTTP/1.1 404 Not Found"
Found 4 existing instance images. Will reuse them.
Running 4 instances...

Evaluation:   0%|          | 0/4 [00:00<?, ?it/s, error=0, \u2713=0, \u2716=0]
Evaluation:   0%|          | 0/4 [00:18<?, ?it/s, \u2713=0, \u2716=0, error=1]
Evaluation:  25%|##5       | 1/4 [00:18<00:55, 18.43s/it, \u2713=0, \u2716=0, error=1]
Evaluation:  25%|##5       | 1/4 [00:18<00:55, 18.43s/it, \u2713=0, \u2716=0, error=2]
Evaluation:  50%|#####     | 2/4 [00:18<00:15,  7.68s/it, \u2713=0, \u2716=0, error=2]
Evaluation:  50%|#####     | 2/4 [00:36<00:15,  7.68s/it, \u2713=0, \u2716=0, error=3]
Evaluation:  75%|#######5  | 3/4 [00:36<00:12, 12.50s/it, \u2713=0, \u2716=0, error=3]
Evaluation:  75%|#######5  | 3/4 [00:37<00:12, 12.50s/it, \u2713=0, \u2716=0, error=4]
Evaluation: 100%|##########| 4/4 [00:37<00:00,  7.66s/it, \u2713=0, \u2716=0, error=4]
Evaluation: 100%|##########| 4/4 [00:37<00:00,  9.26s/it, \u2713=0, \u2716=0, error=4]
django__django-13128: >>>>> Patch Apply Failed:
can't find file to patch at input line 3
Perhaps you used the wrong -p or --strip option?
The text leading up to this was:
--------------------------
|--- a/models.py
|+++ b/models.py
--------------------------
No file to patch.  Skipping patch.
patch: **** malformed patch at line 8:  class Experiment(models.Model):


Check (logs\run_evaluation\vi_b_lf_rescore_cr_guided\commscm-vi-b-cr_guided\django__django-13128\run_instance.log) for more information.
django__django-14434: >>>>> Patch Apply Failed:
patch: **** Only garbage was found in the patch input.

Check (logs\run_evaluation\vi_b_lf_rescore_cr_guided\commscm-vi-b-cr_guided\django__django-14434\run_instance.log) for more information.
sphinx-doc__sphinx-7757: >>>>> Patch Apply Failed:
can't find file to patch at input line 3
Perhaps you used the wrong -p or --strip option?
The text leading up to this was:
--------------------------
|--- a/sphinx/docstring.py
|+++ b/sphinx/docstring.py
--------------------------
No file to patch.  Skipping patch.
1 out of 1 hunk ignored

Check (logs\run_evaluation\vi_b_lf_rescore_cr_guided\commscm-vi-b-cr_guided\sphinx-doc__sphinx-7757\run_instance.log) for more information.
sphinx-doc__sphinx-9591: >>>>> Patch Apply Failed:
patch: **** Only garbage was found in the patch input.

Check (logs\run_evaluation\vi_b_lf_rescore_cr_guided\commscm-vi-b-cr_guided\sphinx-doc__sphinx-9591\run_instance.log) for more information.
All instances run.
Cleaning cached images...
Removed 0 images.
Total instances: 4
Instances submitted: 4
Instances completed: 0
Instances incomplete: 0
Instances resolved: 0
Instances unresolved: 0
Instances with empty patches: 0
Instances with errors: 4
Unstopped containers: 0
Unremoved images: 4
Report written to commscm-vi-b-cr_guided.vi_b_lf_rescore_cr_guided.json
  [cr_guided] harness rc=0 free_gb=40.6
  [reward_only] evaluating 4/4 (free_gb=40.6)
C:\Users\BEST BUY COMPUTERS\AppData\Local\Programs\Python\Python314\Lib\site-packages\langchain_core\_api\deprecation.py:25: UserWarning: Core Pydantic V1 functionality isn't compatible with Python 3.14 or greater.
  from pydantic.v1.fields import FieldInfo as FieldInfoV1
C:\Users\BEST BUY COMPUTERS\AppData\Local\Programs\Python\Python314\Lib\site-packages\requests\__init__.py:113: RequestsDependencyWarning: urllib3 (2.6.2) or chardet (7.4.3)/charset_normalizer (3.4.4) doesn't match a supported version!
  warnings.warn(
C:\Users\BEST BUY COMPUTERS\AppData\Local\Programs\Python\Python314\Lib\site-packages\modal\_utils\async_utils.py:42: DeprecationWarning: 'asyncio.WindowsSelectorEventLoopPolicy' is deprecated and slated for removal in Python 3.16
  asyncio.set_event_loop_policy(asyncio.WindowsSelectorEventLoopPolicy())
C:\Users\BEST BUY COMPUTERS\AppData\Local\Programs\Python\Python314\Lib\site-packages\modal\_utils\async_utils.py:42: DeprecationWarning: 'asyncio.set_event_loop_policy' is deprecated and slated for removal in Python 3.16
  asyncio.set_event_loop_policy(asyncio.WindowsSelectorEventLoopPolicy())
<frozen runpy>:128: RuntimeWarning: 'swebench.harness.run_evaluation' found in sys.modules after import of package 'swebench.harness', but prior to execution of 'swebench.harness.run_evaluation'; this may result in unpredictable behaviour
2026-08-06 01:09:51,481 - httpx - INFO - HTTP Request: HEAD https://huggingface.co/datasets/princeton-nlp/SWE-bench_Verified/resolve/main/README.md "HTTP/1.1 307 Temporary Redirect"
2026-08-06 01:09:51,568 - httpx - INFO - HTTP Request: HEAD https://huggingface.co/api/resolve-cache/datasets/princeton-nlp/SWE-bench_Verified/c104f840cc67f8b6eec6f759ebc8b2693d585d4a/README.md "HTTP/1.1 200 OK"
2026-08-06 01:09:52,037 - httpx - INFO - HTTP Request: HEAD https://huggingface.co/datasets/princeton-nlp/SWE-bench_Verified/resolve/c104f840cc67f8b6eec6f759ebc8b2693d585d4a/SWE-bench_Verified.py "HTTP/1.1 404 Not Found"
2026-08-06 01:09:52,813 - httpx - INFO - HTTP Request: HEAD https://s3.amazonaws.com/datasets.huggingface.co/datasets/datasets/princeton-nlp/SWE-bench_Verified/princeton-nlp/SWE-bench_Verified.py "HTTP/1.1 404 Not Found"
2026-08-06 01:09:53,128 - httpx - INFO - HTTP Request: GET https://huggingface.co/api/datasets/princeton-nlp/SWE-bench_Verified/revision/c104f840cc67f8b6eec6f759ebc8b2693d585d4a "HTTP/1.1 200 OK"
2026-08-06 01:09:53,420 - httpx - INFO - HTTP Request: HEAD https://huggingface.co/datasets/princeton-nlp/SWE-bench_Verified/resolve/c104f840cc67f8b6eec6f759ebc8b2693d585d4a/.huggingface.yaml "HTTP/1.1 404 Not Found"
2026-08-06 01:09:53,925 - httpx - INFO - HTTP Request: GET https://datasets-server.huggingface.co/info?dataset=princeton-nlp/SWE-bench_Verified "HTTP/1.1 200 OK"
2026-08-06 01:09:54,225 - httpx - INFO - HTTP Request: GET https://huggingface.co/api/datasets/princeton-nlp/SWE-bench_Verified/tree/c104f840cc67f8b6eec6f759ebc8b2693d585d4a/data?recursive=true&expand=false "HTTP/1.1 200 OK"
2026-08-06 01:09:54,505 - httpx - INFO - HTTP Request: GET https://huggingface.co/api/datasets/princeton-nlp/SWE-bench_Verified/tree/c104f840cc67f8b6eec6f759ebc8b2693d585d4a?recursive=false&expand=false "HTTP/1.1 200 OK"
2026-08-06 01:09:54,823 - httpx - INFO - HTTP Request: HEAD https://huggingface.co/datasets/princeton-nlp/SWE-bench_Verified/resolve/c104f840cc67f8b6eec6f759ebc8b2693d585d4a/dataset_infos.json "HTTP/1.1 404 Not Found"
2026-08-06 01:09:56,504 - httpx - INFO - HTTP Request: HEAD https://huggingface.co/datasets/princeton-nlp/SWE-bench_Verified/resolve/main/README.md "HTTP/1.1 307 Temporary Redirect"
2026-08-06 01:09:56,561 - httpx - INFO - HTTP Request: HEAD https://huggingface.co/api/resolve-cache/datasets/princeton-nlp/SWE-bench_Verified/c104f840cc67f8b6eec6f759ebc8b2693d585d4a/README.md "HTTP/1.1 200 OK"
2026-08-06 01:09:56,844 - httpx - INFO - HTTP Request: HEAD https://huggingface.co/datasets/princeton-nlp/SWE-bench_Verified/resolve/c104f840cc67f8b6eec6f759ebc8b2693d585d4a/SWE-bench_Verified.py "HTTP/1.1 404 Not Found"
2026-08-06 01:09:57,098 - httpx - INFO - HTTP Request: HEAD https://s3.amazonaws.com/datasets.huggingface.co/datasets/datasets/princeton-nlp/SWE-bench_Verified/princeton-nlp/SWE-bench_Verified.py "HTTP/1.1 404 Not Found"
2026-08-06 01:09:57,423 - httpx - INFO - HTTP Request: HEAD https://huggingface.co/datasets/princeton-nlp/SWE-bench_Verified/resolve/c104f840cc67f8b6eec6f759ebc8b2693d585d4a/.huggingface.yaml "HTTP/1.1 404 Not Found"
2026-08-06 01:09:57,716 - httpx - INFO - HTTP Request: GET https://datasets-server.huggingface.co/info?dataset=princeton-nlp/SWE-bench_Verified "HTTP/1.1 200 OK"
2026-08-06 01:09:58,068 - httpx - INFO - HTTP Request: HEAD https://huggingface.co/datasets/princeton-nlp/SWE-bench_Verified/resolve/c104f840cc67f8b6eec6f759ebc8b2693d585d4a/dataset_infos.json "HTTP/1.1 404 Not Found"
Found 4 existing instance images. Will reuse them.
Running 4 instances...

Evaluation:   0%|          | 0/4 [00:00<?, ?it/s, error=0, \u2713=0, \u2716=0]
Evaluation:   0%|          | 0/4 [00:18<?, ?it/s, \u2713=0, \u2716=0, error=1]
Evaluation:  25%|##5       | 1/4 [00:18<00:55, 18.58s/it, \u2713=0, \u2716=0, error=1]
Evaluation:  25%|##5       | 1/4 [00:18<00:55, 18.58s/it, \u2713=0, \u2716=0, error=2]
Evaluation:  50%|#####     | 2/4 [00:18<00:15,  7.74s/it, \u2713=0, \u2716=0, error=2]
Evaluation:  50%|#####     | 2/4 [00:37<00:15,  7.74s/it, \u2713=0, \u2716=0, error=3]
Evaluation:  75%|#######5  | 3/4 [00:37<00:12, 12.88s/it, \u2713=0, \u2716=0, error=3]
Evaluation:  75%|#######5  | 3/4 [00:37<00:12, 12.88s/it, \u2713=0, \u2716=0, error=4]
Evaluation: 100%|##########| 4/4 [00:37<00:00,  7.90s/it, \u2713=0, \u2716=0, error=4]
Evaluation: 100%|##########| 4/4 [00:37<00:00,  9.50s/it, \u2713=0, \u2716=0, error=4]
django__django-13128: >>>>> Patch Apply Failed:
can't find file to patch at input line 3
Perhaps you used the wrong -p or --strip option?
The text leading up to this was:
--------------------------
|--- a/models.py
|+++ b/models.py
--------------------------
No file to patch.  Skipping patch.
patch: **** malformed patch at line 7:  


Check (logs\run_evaluation\vi_b_lf_rescore_reward_only\commscm-vi-b-reward_only\django__django-13128\run_instance.log) for more information.
django__django-14434: >>>>> Patch Apply Failed:
can't find file to patch at input line 3
Perhaps you used the wrong -p or --strip option?
The text leading up to this was:
--------------------------
|--- a/path/to/your/file.py
|+++ b/path/to/your/file.py
--------------------------
No file to patch.  Skipping patch.
patch: **** malformed patch at line 9: @@@ SYNTAX_ERROR: def solve(  # missing closing paren and body


Check (logs\run_evaluation\vi_b_lf_rescore_reward_only\commscm-vi-b-reward_only\django__django-14434\run_instance.log) for more information.
sphinx-doc__sphinx-7757: >>>>> Patch Apply Failed:
can't find file to patch at input line 3
Perhaps you used the wrong -p or --strip option?
The text leading up to this was:
--------------------------
|--- a/sphinx/ext/autodoc.py
|+++ b/sphinx/ext/autodoc.py
--------------------------
No file to patch.  Skipping patch.
1 out of 1 hunk ignored

Check (logs\run_evaluation\vi_b_lf_rescore_reward_only\commscm-vi-b-reward_only\sphinx-doc__sphinx-7757\run_instance.log) for more information.
sphinx-doc__sphinx-9591: >>>>> Patch Apply Failed:
patch: **** malformed patch at line 9:      A class representing a point.

can't find file to patch at input line 3
Perhaps you used the wrong -p or --strip option?
The text leading up to this was:
--------------------------
|--- a/original.py
|+++ b/fixed.py
--------------------------
No file to patch.  Skipping patch.

Check (logs\run_evaluation\vi_b_lf_rescore_reward_only\commscm-vi-b-reward_only\sphinx-doc__sphinx-9591\run_instance.log) for more information.
All instances run.
Cleaning cached images...
Removed 0 images.
Total instances: 4
Instances submitted: 4
Instances completed: 0
Instances incomplete: 0
Instances resolved: 0
Instances unresolved: 0
Instances with empty patches: 0
Instances with errors: 4
Unstopped containers: 0
Unremoved images: 4
Report written to commscm-vi-b-reward_only.vi_b_lf_rescore_reward_only.json
  [reward_only] harness rc=0 free_gb=40.6
  [random] evaluating 4/4 (free_gb=40.6)
C:\Users\BEST BUY COMPUTERS\AppData\Local\Programs\Python\Python314\Lib\site-packages\langchain_core\_api\deprecation.py:25: UserWarning: Core Pydantic V1 functionality isn't compatible with Python 3.14 or greater.
  from pydantic.v1.fields import FieldInfo as FieldInfoV1
C:\Users\BEST BUY COMPUTERS\AppData\Local\Programs\Python\Python314\Lib\site-packages\requests\__init__.py:113: RequestsDependencyWarning: urllib3 (2.6.2) or chardet (7.4.3)/charset_normalizer (3.4.4) doesn't match a supported version!
  warnings.warn(
C:\Users\BEST BUY COMPUTERS\AppData\Local\Programs\Python\Python314\Lib\site-packages\modal\_utils\async_utils.py:42: DeprecationWarning: 'asyncio.WindowsSelectorEventLoopPolicy' is deprecated and slated for removal in Python 3.16
  asyncio.set_event_loop_policy(asyncio.WindowsSelectorEventLoopPolicy())
C:\Users\BEST BUY COMPUTERS\AppData\Local\Programs\Python\Python314\Lib\site-packages\modal\_utils\async_utils.py:42: DeprecationWarning: 'asyncio.set_event_loop_policy' is deprecated and slated for removal in Python 3.16
  asyncio.set_event_loop_policy(asyncio.WindowsSelectorEventLoopPolicy())
<frozen runpy>:128: RuntimeWarning: 'swebench.harness.run_evaluation' found in sys.modules after import of package 'swebench.harness', but prior to execution of 'swebench.harness.run_evaluation'; this may result in unpredictable behaviour
2026-08-06 01:11:02,433 - httpx - INFO - HTTP Request: HEAD https://huggingface.co/datasets/princeton-nlp/SWE-bench_Verified/resolve/main/README.md "HTTP/1.1 307 Temporary Redirect"
2026-08-06 01:11:02,495 - httpx - INFO - HTTP Request: HEAD https://huggingface.co/api/resolve-cache/datasets/princeton-nlp/SWE-bench_Verified/c104f840cc67f8b6eec6f759ebc8b2693d585d4a/README.md "HTTP/1.1 200 OK"
2026-08-06 01:11:02,842 - httpx - INFO - HTTP Request: HEAD https://huggingface.co/datasets/princeton-nlp/SWE-bench_Verified/resolve/c104f840cc67f8b6eec6f759ebc8b2693d585d4a/SWE-bench_Verified.py "HTTP/1.1 404 Not Found"
2026-08-06 01:11:03,599 - httpx - INFO - HTTP Request: HEAD https://s3.amazonaws.com/datasets.huggingface.co/datasets/datasets/princeton-nlp/SWE-bench_Verified/princeton-nlp/SWE-bench_Verified.py "HTTP/1.1 404 Not Found"
2026-08-06 01:11:03,919 - httpx - INFO - HTTP Request: GET https://huggingface.co/api/datasets/princeton-nlp/SWE-bench_Verified/revision/c104f840cc67f8b6eec6f759ebc8b2693d585d4a "HTTP/1.1 200 OK"
2026-08-06 01:11:04,218 - httpx - INFO - HTTP Request: HEAD https://huggingface.co/datasets/princeton-nlp/SWE-bench_Verified/resolve/c104f840cc67f8b6eec6f759ebc8b2693d585d4a/.huggingface.yaml "HTTP/1.1 404 Not Found"
2026-08-06 01:11:04,700 - httpx - INFO - HTTP Request: GET https://datasets-server.huggingface.co/info?dataset=princeton-nlp/SWE-bench_Verified "HTTP/1.1 200 OK"
2026-08-06 01:11:05,013 - httpx - INFO - HTTP Request: GET https://huggingface.co/api/datasets/princeton-nlp/SWE-bench_Verified/tree/c104f840cc67f8b6eec6f759ebc8b2693d585d4a/data?recursive=true&expand=false "HTTP/1.1 200 OK"
2026-08-06 01:11:05,307 - httpx - INFO - HTTP Request: GET https://huggingface.co/api/datasets/princeton-nlp/SWE-bench_Verified/tree/c104f840cc67f8b6eec6f759ebc8b2693d585d4a?recursive=false&expand=false "HTTP/1.1 200 OK"
2026-08-06 01:11:05,641 - httpx - INFO - HTTP Request: HEAD https://huggingface.co/datasets/princeton-nlp/SWE-bench_Verified/resolve/c104f840cc67f8b6eec6f759ebc8b2693d585d4a/dataset_infos.json "HTTP/1.1 404 Not Found"
2026-08-06 01:11:07,078 - httpx - INFO - HTTP Request: HEAD https://huggingface.co/datasets/princeton-nlp/SWE-bench_Verified/resolve/main/README.md "HTTP/1.1 307 Temporary Redirect"
2026-08-06 01:11:07,144 - httpx - INFO - HTTP Request: HEAD https://huggingface.co/api/resolve-cache/datasets/princeton-nlp/SWE-bench_Verified/c104f840cc67f8b6eec6f759ebc8b2693d585d4a/README.md "HTTP/1.1 200 OK"
2026-08-06 01:11:07,445 - httpx - INFO - HTTP Request: HEAD https://huggingface.co/datasets/princeton-nlp/SWE-bench_Verified/resolve/c104f840cc67f8b6eec6f759ebc8b2693d585d4a/SWE-bench_Verified.py "HTTP/1.1 404 Not Found"
2026-08-06 01:11:07,669 - httpx - INFO - HTTP Request: HEAD https://s3.amazonaws.com/datasets.huggingface.co/datasets/datasets/princeton-nlp/SWE-bench_Verified/princeton-nlp/SWE-bench_Verified.py "HTTP/1.1 404 Not Found"
2026-08-06 01:11:08,001 - httpx - INFO - HTTP Request: HEAD https://huggingface.co/datasets/princeton-nlp/SWE-bench_Verified/resolve/c104f840cc67f8b6eec6f759ebc8b2693d585d4a/.huggingface.yaml "HTTP/1.1 404 Not Found"
2026-08-06 01:11:08,284 - httpx - INFO - HTTP Request: GET https://datasets-server.huggingface.co/info?dataset=princeton-nlp/SWE-bench_Verified "HTTP/1.1 200 OK"
2026-08-06 01:11:08,594 - httpx - INFO - HTTP Request: HEAD https://huggingface.co/datasets/princeton-nlp/SWE-bench_Verified/resolve/c104f840cc67f8b6eec6f759ebc8b2693d585d4a/dataset_infos.json "HTTP/1.1 404 Not Found"
Found 4 existing instance images. Will reuse them.
Running 4 instances...

Evaluation:   0%|          | 0/4 [00:00<?, ?it/s, error=0, \u2713=0, \u2716=0]
Evaluation:   0%|          | 0/4 [00:18<?, ?it/s, \u2713=0, \u2716=0, error=1]
Evaluation:  25%|##5       | 1/4 [00:18<00:55, 18.39s/it, \u2713=0, \u2716=0, error=1]
Evaluation:  25%|##5       | 1/4 [00:18<00:55, 18.39s/it, \u2713=0, \u2716=0, error=2]
Evaluation:  50%|#####     | 2/4 [00:18<00:15,  7.89s/it, \u2713=0, \u2716=0, error=2]
Evaluation:  50%|#####     | 2/4 [00:36<00:15,  7.89s/it, \u2713=0, \u2716=0, error=3]
Evaluation:  75%|#######5  | 3/4 [00:36<00:12, 12.49s/it, \u2713=0, \u2716=0, error=3]
Evaluation:  75%|#######5  | 3/4 [00:37<00:12, 12.49s/it, \u2713=0, \u2716=0, error=4]
Evaluation: 100%|##########| 4/4 [00:37<00:00,  7.82s/it, \u2713=0, \u2716=0, error=4]
Evaluation: 100%|##########| 4/4 [00:37<00:00,  9.39s/it, \u2713=0, \u2716=0, error=4]
django__django-13128: >>>>> Patch Apply Failed:
patch: **** Only garbage was found in the patch input.

Check (logs\run_evaluation\vi_b_lf_rescore_random\commscm-vi-b-random\django__django-13128\run_instance.log) for more information.
django__django-14434: >>>>> Patch Apply Failed:
patch: **** Only garbage was found in the patch input.

Check (logs\run_evaluation\vi_b_lf_rescore_random\commscm-vi-b-random\django__django-14434\run_instance.log) for more information.
sphinx-doc__sphinx-7757: >>>>> Patch Apply Failed:
can't find file to patch at input line 3
Perhaps you used the wrong -p or --strip option?
The text leading up to this was:
--------------------------
|--- a/sphinx/ext/autodoc.py
|+++ b/sphinx/ext/autodoc.py
--------------------------
No file to patch.  Skipping patch.
1 out of 1 hunk ignored

Check (logs\run_evaluation\vi_b_lf_rescore_random\commscm-vi-b-random\sphinx-doc__sphinx-7757\run_instance.log) for more information.
sphinx-doc__sphinx-9591: >>>>> Patch Apply Failed:
patch: **** Only garbage was found in the patch input.

Check (logs\run_evaluation\vi_b_lf_rescore_random\commscm-vi-b-random\sphinx-doc__sphinx-9591\run_instance.log) for more information.
All instances run.
Cleaning cached images...
Removed 0 images.
Total instances: 4
Instances submitted: 4
Instances completed: 0
Instances incomplete: 0
Instances resolved: 0
Instances unresolved: 0
Instances with empty patches: 0
Instances with errors: 4
Unstopped containers: 0
Unremoved images: 4
Report written to commscm-vi-b-random.vi_b_lf_rescore_random.json
  [random] harness rc=0 free_gb=40.6
  [static_heuristic] evaluating 4/4 (free_gb=40.6)
C:\Users\BEST BUY COMPUTERS\AppData\Local\Programs\Python\Python314\Lib\site-packages\langchain_core\_api\deprecation.py:25: UserWarning: Core Pydantic V1 functionality isn't compatible with Python 3.14 or greater.
  from pydantic.v1.fields import FieldInfo as FieldInfoV1
C:\Users\BEST BUY COMPUTERS\AppData\Local\Programs\Python\Python314\Lib\site-packages\requests\__init__.py:113: RequestsDependencyWarning: urllib3 (2.6.2) or chardet (7.4.3)/charset_normalizer (3.4.4) doesn't match a supported version!
  warnings.warn(
C:\Users\BEST BUY COMPUTERS\AppData\Local\Programs\Python\Python314\Lib\site-packages\modal\_utils\async_utils.py:42: DeprecationWarning: 'asyncio.WindowsSelectorEventLoopPolicy' is deprecated and slated for removal in Python 3.16
  asyncio.set_event_loop_policy(asyncio.WindowsSelectorEventLoopPolicy())
C:\Users\BEST BUY COMPUTERS\AppData\Local\Programs\Python\Python314\Lib\site-packages\modal\_utils\async_utils.py:42: DeprecationWarning: 'asyncio.set_event_loop_policy' is deprecated and slated for removal in Python 3.16
  asyncio.set_event_loop_policy(asyncio.WindowsSelectorEventLoopPolicy())
<frozen runpy>:128: RuntimeWarning: 'swebench.harness.run_evaluation' found in sys.modules after import of package 'swebench.harness', but prior to execution of 'swebench.harness.run_evaluation'; this may result in unpredictable behaviour
2026-08-06 01:12:12,474 - httpx - INFO - HTTP Request: HEAD https://huggingface.co/datasets/princeton-nlp/SWE-bench_Verified/resolve/main/README.md "HTTP/1.1 307 Temporary Redirect"
2026-08-06 01:12:12,537 - httpx - INFO - HTTP Request: HEAD https://huggingface.co/api/resolve-cache/datasets/princeton-nlp/SWE-bench_Verified/c104f840cc67f8b6eec6f759ebc8b2693d585d4a/README.md "HTTP/1.1 200 OK"
2026-08-06 01:12:12,881 - httpx - INFO - HTTP Request: HEAD https://huggingface.co/datasets/princeton-nlp/SWE-bench_Verified/resolve/c104f840cc67f8b6eec6f759ebc8b2693d585d4a/SWE-bench_Verified.py "HTTP/1.1 404 Not Found"
2026-08-06 01:12:13,754 - httpx - INFO - HTTP Request: HEAD https://s3.amazonaws.com/datasets.huggingface.co/datasets/datasets/princeton-nlp/SWE-bench_Verified/princeton-nlp/SWE-bench_Verified.py "HTTP/1.1 404 Not Found"
2026-08-06 01:12:14,108 - httpx - INFO - HTTP Request: GET https://huggingface.co/api/datasets/princeton-nlp/SWE-bench_Verified/revision/c104f840cc67f8b6eec6f759ebc8b2693d585d4a "HTTP/1.1 200 OK"
2026-08-06 01:12:14,402 - httpx - INFO - HTTP Request: HEAD https://huggingface.co/datasets/princeton-nlp/SWE-bench_Verified/resolve/c104f840cc67f8b6eec6f759ebc8b2693d585d4a/.huggingface.yaml "HTTP/1.1 404 Not Found"
2026-08-06 01:12:14,928 - httpx - INFO - HTTP Request: GET https://datasets-server.huggingface.co/info?dataset=princeton-nlp/SWE-bench_Verified "HTTP/1.1 200 OK"
2026-08-06 01:12:15,339 - httpx - INFO - HTTP Request: GET https://huggingface.co/api/datasets/princeton-nlp/SWE-bench_Verified/tree/c104f840cc67f8b6eec6f759ebc8b2693d585d4a/data?recursive=true&expand=false "HTTP/1.1 200 OK"
2026-08-06 01:12:15,626 - httpx - INFO - HTTP Request: GET https://huggingface.co/api/datasets/princeton-nlp/SWE-bench_Verified/tree/c104f840cc67f8b6eec6f759ebc8b2693d585d4a?recursive=false&expand=false "HTTP/1.1 200 OK"
2026-08-06 01:12:15,947 - httpx - INFO - HTTP Request: HEAD https://huggingface.co/datasets/princeton-nlp/SWE-bench_Verified/resolve/c104f840cc67f8b6eec6f759ebc8b2693d585d4a/dataset_infos.json "HTTP/1.1 404 Not Found"
2026-08-06 01:12:17,600 - httpx - INFO - HTTP Request: HEAD https://huggingface.co/datasets/princeton-nlp/SWE-bench_Verified/resolve/main/README.md "HTTP/1.1 307 Temporary Redirect"
2026-08-06 01:12:17,656 - httpx - INFO - HTTP Request: HEAD https://huggingface.co/api/resolve-cache/datasets/princeton-nlp/SWE-bench_Verified/c104f840cc67f8b6eec6f759ebc8b2693d585d4a/README.md "HTTP/1.1 200 OK"
2026-08-06 01:12:18,001 - httpx - INFO - HTTP Request: HEAD https://huggingface.co/datasets/princeton-nlp/SWE-bench_Verified/resolve/c104f840cc67f8b6eec6f759ebc8b2693d585d4a/SWE-bench_Verified.py "HTTP/1.1 404 Not Found"
2026-08-06 01:12:18,239 - httpx - INFO - HTTP Request: HEAD https://s3.amazonaws.com/datasets.huggingface.co/datasets/datasets/princeton-nlp/SWE-bench_Verified/princeton-nlp/SWE-bench_Verified.py "HTTP/1.1 404 Not Found"
2026-08-06 01:12:18,546 - httpx - INFO - HTTP Request: HEAD https://huggingface.co/datasets/princeton-nlp/SWE-bench_Verified/resolve/c104f840cc67f8b6eec6f759ebc8b2693d585d4a/.huggingface.yaml "HTTP/1.1 404 Not Found"
2026-08-06 01:12:18,834 - httpx - INFO - HTTP Request: GET https://datasets-server.huggingface.co/info?dataset=princeton-nlp/SWE-bench_Verified "HTTP/1.1 200 OK"
2026-08-06 01:12:19,158 - httpx - INFO - HTTP Request: HEAD https://huggingface.co/datasets/princeton-nlp/SWE-bench_Verified/resolve/c104f840cc67f8b6eec6f759ebc8b2693d585d4a/dataset_infos.json "HTTP/1.1 404 Not Found"
Found 4 existing instance images. Will reuse them.
Running 4 instances...

Evaluation:   0%|          | 0/4 [00:00<?, ?it/s, error=0, \u2713=0, \u2716=0]
Evaluation:   0%|          | 0/4 [00:18<?, ?it/s, \u2713=0, \u2716=0, error=1]
Evaluation:  25%|##5       | 1/4 [00:18<00:55, 18.35s/it, \u2713=0, \u2716=0, error=1]
Evaluation:  25%|##5       | 1/4 [00:18<00:55, 18.35s/it, \u2713=0, \u2716=0, error=2]
Evaluation:  50%|#####     | 2/4 [00:18<00:15,  7.63s/it, \u2713=0, \u2716=0, error=2]
Evaluation:  50%|#####     | 2/4 [00:36<00:15,  7.63s/it, \u2713=0, \u2716=0, error=3]
Evaluation:  75%|#######5  | 3/4 [00:36<00:12, 12.51s/it, \u2713=0, \u2716=0, error=3]
Evaluation:  75%|#######5  | 3/4 [00:36<00:12, 12.51s/it, \u2713=0, \u2716=0, error=4]
Evaluation: 100%|##########| 4/4 [00:36<00:00,  7.62s/it, \u2713=0, \u2716=0, error=4]
Evaluation: 100%|##########| 4/4 [00:36<00:00,  9.23s/it, \u2713=0, \u2716=0, error=4]
django__django-13128: >>>>> Patch Apply Failed:
patch: **** malformed patch at line 8:  

can't find file to patch at input line 3
Perhaps you used the wrong -p or --strip option?
The text leading up to this was:
--------------------------
|--- a/models.py
|+++ b/models.py
--------------------------
No file to patch.  Skipping patch.

Check (logs\run_evaluation\vi_b_lf_rescore_static_heuristic\commscm-vi-b-static_heuristic\django__django-13128\run_instance.log) for more information.
django__django-14434: >>>>> Patch Apply Failed:
can't find file to patch at input line 3
Perhaps you used the wrong -p or --strip option?
The text leading up to this was:
--------------------------
|--- a/django/db/models/sql/expressions.py
|+++ b/django/db/models/sql/expressions.py
--------------------------
No file to patch.  Skipping patch.
1 out of 1 hunk ignored

Check (logs\run_evaluation\vi_b_lf_rescore_static_heuristic\commscm-vi-b-static_heuristic\django__django-14434\run_instance.log) for more information.
sphinx-doc__sphinx-7757: >>>>> Patch Apply Failed:
can't find file to patch at input line 3
Perhaps you used the wrong -p or --strip option?
The text leading up to this was:
--------------------------
|--- a/sphinx/docstring.py
|+++ b/sphinx/docstring.py
--------------------------
No file to patch.  Skipping patch.
1 out of 1 hunk ignored

Check (logs\run_evaluation\vi_b_lf_rescore_static_heuristic\commscm-vi-b-static_heuristic\sphinx-doc__sphinx-7757\run_instance.log) for more information.
sphinx-doc__sphinx-9591: >>>>> Patch Apply Failed:
can't find file to patch at input line 3
Perhaps you used the wrong -p or --strip option?
The text leading up to this was:
--------------------------
|--- a/original.py
|+++ b/fixed.py
--------------------------
No file to patch.  Skipping patch.
patch: **** malformed patch at line 9:      A class representing a point.


Check (logs\run_evaluation\vi_b_lf_rescore_static_heuristic\commscm-vi-b-static_heuristic\sphinx-doc__sphinx-9591\run_instance.log) for more information.
All instances run.
Cleaning cached images...
Removed 0 images.
Total instances: 4
Instances submitted: 4
Instances completed: 0
Instances incomplete: 0
Instances resolved: 0
Instances unresolved: 0
Instances with empty patches: 0
Instances with errors: 4
Unstopped containers: 0
Unremoved images: 4
Report written to commscm-vi-b-static_heuristic.vi_b_lf_rescore_static_heuristic.json
  [static_heuristic] harness rc=0 free_gb=40.6
[disk] before prune free_gb=40.6
[disk] removed 4 sweb.eval images; free_gb=40.6
BATCH 13 done; gold_partial={'resolve_at_1_mean': 0.89, 'counts': {'resolved': 89, 'unresolved': 2, 'error': 9, 'missing': 0, 'scored': 100}}

=== CR-guided patch-apply taxonomy ===
taxonomy buckets={'wrong_path': 34, 'malformed_diff': 17, 'hunk_mismatch': 41, 'other_apply': 0, 'resolved': 2, 'applied_tests_fail': 6, 'missing': 0}

ALL DONE -> results\overnight_lf_campaign_final.json
